PERIODO,NOMBRE_FACULTAD,NOMBRE_PROGRAMA,JORNADA,MODALIDAD,NOMBRE_SEDE,TIPO_IDEN_EST,FECHA_NACIMIENTO,GENERO,ESTRATO,NOMBRE_ESTADO,ORIGEN_GEOGRAFICO,LUGAR_EXPEDICION,tipo_desercion,edad
PRIMER SEMESTRE 2020,CIENCIAS DE LA EDUCACION,MAESTRIA EN EDUCACION,DIURNA - NOCTURA,PRESENCIAL,TUNJA,C.C.,1976-03-20,F,SIN INFORMACIÓN,PERDIO CUPO A 052/2012  ART 15 LIT.A.,DUITAMA,DUITAMA,LIT. A,48
PRIMER SEMESTRE 2020,CIENCIAS DE LA EDUCACION,MAESTRIA EN EDUCACION,DIURNA - NOCTURA,PRESENCIAL,TUNJA,C.C.,1977-10-22,F,SIN INFORMACIÓN,PERDIO CUPO A 052/2012  ART 15 LIT.B.,SOATÁ,SOATÁ,LIT. B,47
PRIMER SEMESTRE 2020,CIENCIAS DE LA EDUCACION,MAESTRIA EN HISTORIA,DIURNA - NOCTURA,PRESENCIAL,TUNJA,C.C.,1996-07-17,M,SIN INFORMACIÓN,PERDIO CUPO A 052/2012  ART 15 LIT.A.,SOCHA,SOCHA,LIT. A,28
PRIMER SEMESTRE 2020,CIENCIAS DE LA EDUCACION,MAESTRIA EN LITERATURA,DIURNA - NOCTURA,PRESENCIAL,TUNJA,C.C.,1988-11-08,F,SIN INFORMACIÓN,PERDIO CUPO A 052/2012  ART 15 LIT.A.,CÚCUTA,CÚCUTA,LIT. A,36
PRIMER SEMESTRE 2020,DERECHO Y CIENCIAS  SOCIALES,MAESTRIA EN DERECHOS HUMANOS,DIURNA - NOCTURA,PRESENCIAL,TUNJA,C.C.,1992-10-28,F,SIN INFORMACIÓN,PERDIO CUPO A 052/2012  ART 15 LIT.A.,BERBEO,TUNJA,LIT. A,32
PRIMER SEMESTRE 2020,ESTUDIOS A DISTANCIA,ESPECIALIZACION EN ALTA GERENCIA DE EMPRESAS,DIURNA - NOCTURA,VIRTUAL,TUNJA,C.C.,1991-03-31,M,SIN INFORMACIÓN,PERDIO CUPO A 052/2012  ART 15 LIT.A.,BARBOSA,BUCARAMANGA,LIT. A,33
PRIMER SEMESTRE 2020,ESTUDIOS A DISTANCIA,MAESTRIA EN DIDACTICA DE LA MATEMATICA,DIURNA - NOCTURA,VIRTUAL,TUNJA,C.C.,1979-01-13,F,SIN INFORMACIÓN,PERDIO CUPO A 052/2012  ART 15 LIT.A.,QUETAME,QUETAME,LIT. A,45
PRIMER SEMESTRE 2020,ESTUDIOS A DISTANCIA,MAESTRIA EN DIDACTICA DE LA MATEMATICA,DIURNA - NOCTURA,VIRTUAL,TUNJA,C.C.,1986-10-21,M,SIN INFORMACIÓN,PERDIO CUPO A 052/2012  ART 15 LIT.A.,MONGUA,SOGAMOSO,LIT. A,38
PRIMER SEMESTRE 2020,INGENIERIA,ESPECIALIZACION EN BASES DE DATOS,DIURNA - NOCTURA,PRESENCIAL,TUNJA,C.C.,1994-02-11,M,SIN INFORMACIÓN,PERDIO CUPO A 052/2012  ART 15 LIT.B.,OROCUÉ,SOGAMOSO,LIT. B,30
PRIMER SEMESTRE 2020,INGENIERIA,ESPECIALIZACION EN BASES DE DATOS,DIURNA - NOCTURA,PRESENCIAL,TUNJA,C.C.,1990-09-29,M,SIN INFORMACIÓN,PERDIO CUPO A 052/2012  ART 15 LIT.A.,SOGAMOSO,SOGAMOSO,LIT. A,34
PRIMER SEMESTRE 2020,INGENIERIA,ESPECIALIZACION EN ESTRUCTURAS,DIURNA - NOCTURA,PRESENCIAL,TUNJA,C.C.,1983-09-06,M,SIN INFORMACIÓN,PERDIO CUPO A 052/2012  ART 15 LIT.A.,BUCARAMANGA,BUCARAMANGA,LIT. A,41
PRIMER SEMESTRE 2020,INGENIERIA,ESPECIALIZACION EN ESTRUCTURAS,DIURNA - NOCTURA,PRESENCIAL,TUNJA,C.C.,1984-03-28,M,SIN INFORMACIÓN,PERDIO CUPO A 052/2012  ART 15 LIT.A.,BOGOTÁ D.C.,BOGOTÁ D.C.,LIT. A,40
PRIMER SEMESTRE 2020,INGENIERIA,ESPECIALIZACION EN ESTRUCTURAS,DIURNA - NOCTURA,PRESENCIAL,TUNJA,C.C.,1990-03-26,M,SIN INFORMACIÓN,PERDIO CUPO A 052/2012  ART 15 LIT.A.,PUENTE NACIONAL,BARBOSA,LIT. A,34
PRIMER SEMESTRE 2020,INGENIERIA,ESPECIALIZACION EN ESTRUCTURAS,DIURNA - NOCTURA,PRESENCIAL,TUNJA,C.C.,1988-05-10,M,SIN INFORMACIÓN,PERDIO CUPO A 052/2012  ART 15 LIT.A.,PÁEZ,TUNJA,LIT. A,36
PRIMER SEMESTRE 2020,INGENIERIA,ESPECIALIZACION EN GERENCIA DE PROYECTOS DE CONSTRUCCION,DIURNA - NOCTURA,PRESENCIAL,TUNJA,C.C.,1991-08-19,M,SIN INFORMACIÓN,PERDIO CUPO A 052/2012  ART 15 LIT.A.,TUNJA,TUNJA,LIT. A,33
PRIMER SEMESTRE 2020,INGENIERIA,ESPECIALIZACION EN TRANSITO Y TRANSPORTE,DIURNA - NOCTURA,PRESENCIAL,TUNJA,C.C.,1991-09-15,M,SIN INFORMACIÓN,PERDIO CUPO A 052/2012  ART 15 LIT.A.,TUNJA,NUEVO COLÓN,LIT. A,33
PRIMER SEMESTRE 2020,SECCIONAL DUITAMA,ESPECIALIZACION EN GESTION ESTRATEGICA DE PROYECTOS,DIURNA - NOCTURA,PRESENCIAL,DUITAMA,C.C.,1992-09-06,M,SIN INFORMACIÓN,PERDIO CUPO A 052/2012  ART 15 LIT.A.,DUITAMA,DUITAMA,LIT. A,32
PRIMER SEMESTRE 2020,SECCIONAL SOGAMOSO,ESPECIALIZACION EN INGENIERIA DE PRODUCCION Y OPERACIONES,DIURNA - NOCTURA,PRESENCIAL,SOGAMOSO,C.C.,1987-05-27,M,SIN INFORMACIÓN,PERDIO CUPO A 052/2012  ART 15 LIT.A.,TUNJA,TUNJA,LIT. A,37
PRIMER SEMESTRE 2020,SECCIONAL SOGAMOSO,ESPECIALIZACION EN INGENIERIA DE PRODUCCION Y OPERACIONES,DIURNA - NOCTURA,PRESENCIAL,SOGAMOSO,C.C.,1992-12-11,M,SIN INFORMACIÓN,PERDIO CUPO A 052/2012  ART 15 LIT.A.,SANTA ROSA DE VITERBO,DUITAMA,LIT. A,32
PRIMER SEMESTRE 2020,SECCIONAL SOGAMOSO,"MAESTRIA EN SEGURIDAD Y SALUD EN EL TRABAJO, ENFASIS EN HIGIENE Y SEGURIDAD INDUSTRIAL",DIURNA - NOCTURA,PRESENCIAL,SOGAMOSO,C.C.,1981-02-02,M,SIN INFORMACIÓN,PERDIO CUPO A 052/2012  ART 15 LIT.A.,TUNJA,TUNJA,LIT. A,43
PRIMER SEMESTRE 2020,SECCIONAL TUNJA,TECNICO PROFESIONAL EN INSTALACION Y MANTENIMIENTO DE REDES Y COMPUTADORES,DIURNA - NOCTURA,VIRTUAL,TUNJA,C.C.,2000-09-06,F,SIN INFORMACIÓN,PERDIO CUPO A130/98 ART. 80 LIT. B,PAIPA,PAIPA,LIT. B,24
PRIMER SEMESTRE 2020,SECCIONAL TUNJA,TECNICO PROFESIONAL EN INSTALACION Y MANTENIMIENTO DE REDES Y COMPUTADORES,DIURNA - NOCTURA,VIRTUAL,TUNJA,C.C.,2002-10-27,F,SIN INFORMACIÓN,PERDIO CUPO A130/98 ART. 80 LIT. B,PAIPA,PAIPA,LIT. B,22
PRIMER SEMESTRE 2020,SECCIONAL CHIQUINQUIRA,TECNICA PROFESIONAL EN PROCESOS AGROINDUSTRIALES,DIURNA - NOCTURA,VIRTUAL,CHIQUINQUIRA,C.C.,2004-02-16,M,SIN INFORMACIÓN,PERDIO CUPO A130/98 ART. 80 LIT. B,CALDAS,CALDAS,LIT. B,20
PRIMER SEMESTRE 2020,SECCIONAL CHIQUINQUIRA,TECNICA PROFESIONAL EN PROCESOS AGROINDUSTRIALES,DIURNA - NOCTURA,VIRTUAL,CHIQUINQUIRA,C.C.,2003-01-13,M,SIN INFORMACIÓN,PERDIO CUPO A130/98 ART. 80 LIT. B,CALDAS,CALDAS,LIT. B,21
SEGUNDO SEMESTRE DE 2020,CIENCIAS AGROPECUARIAS,MAESTRIA EN CIENCIAS VETERINARIAS,DIURNA - NOCTURA,PRESENCIAL,TUNJA,C.C.,1988-06-02,F,SIN INFORMACIÓN,PERDIO CUPO A 052/2012  ART 15 LIT.A.,BOGOTÁ D.C.,BOGOTÁ D.C.,LIT. A,36
SEGUNDO SEMESTRE DE 2020,CIENCIAS AGROPECUARIAS,MAESTRIA EN CIENCIAS VETERINARIAS,DIURNA - NOCTURA,PRESENCIAL,TUNJA,C.C.,1990-03-28,M,SIN INFORMACIÓN,PERDIO CUPO A 052/2012  ART 15 LIT.A.,TUNJA,TUNJA,LIT. A,34
SEGUNDO SEMESTRE DE 2020,CIENCIAS DE LA EDUCACION,DOCTORADO EN LENGUAJE Y CULTURA,DIURNA - NOCTURA,PRESENCIAL,TUNJA,C.C.,1964-12-05,M,SIN INFORMACIÓN,PERDIO CUPO A 052/2012  ART 15 LIT.A.,CHIQUINQUIRÁ,CHIQUINQUIRÁ,LIT. A,60
SEGUNDO SEMESTRE DE 2020,CIENCIAS DE LA EDUCACION,MAESTRIA EN EDUCACION,DIURNA - NOCTURA,PRESENCIAL,TUNJA,C.C.,1984-11-14,M,SIN INFORMACIÓN,PERDIO CUPO A 052/2012  ART 15 LIT.A.,BOGOTA D.E,TUNJA,LIT. A,40
SEGUNDO SEMESTRE DE 2020,CIENCIAS DE LA EDUCACION,MAESTRIA EN HISTORIA,DIURNA - NOCTURA,PRESENCIAL,TUNJA,C.C.,1995-12-27,M,SIN INFORMACIÓN,PERDIO CUPO A 052/2012  ART 15 LIT.A.,NEIVA,VILLA DE LEYVA,LIT. A,29
SEGUNDO SEMESTRE DE 2020,CIENCIAS ECONOMICAS Y ADMINISTRATIVAS,MAESTRIA EN ECONOMIA,DIURNA - NOCTURA,PRESENCIAL,TUNJA,C.C.,1987-02-21,M,SIN INFORMACIÓN,PERDIO CUPO A 052/2012  ART 15 LIT.B.,DUITAMA,DUITAMA,LIT. B,37
SEGUNDO SEMESTRE DE 2020,DERECHO Y CIENCIAS  SOCIALES,MAESTRIA EN DERECHOS HUMANOS,DIURNA - NOCTURA,PRESENCIAL,TUNJA,C.C.,1982-06-22,F,SIN INFORMACIÓN,PERDIO CUPO A 052/2012  ART 15 LIT.A.,TUNJA,TUNJA,LIT. A,42
SEGUNDO SEMESTRE DE 2020,ESTUDIOS A DISTANCIA,ESPECIALIZACION EN ALTA GERENCIA DE EMPRESAS,DIURNA - NOCTURA,VIRTUAL,TUNJA,C.C.,1992-12-29,M,SIN INFORMACIÓN,PERDIO CUPO A 052/2012  ART 15 LIT.A.,AGUAZUL,DUITAMA,LIT. A,32
SEGUNDO SEMESTRE DE 2020,ESTUDIOS A DISTANCIA,ESPECIALIZACION EN ALTA GERENCIA DE EMPRESAS,DIURNA - NOCTURA,VIRTUAL,TUNJA,C.C.,1993-06-25,M,SIN INFORMACIÓN,PERDIO CUPO A 052/2012  ART 15 LIT.A.,BOGOTA D.E,BOGOTÁ D.C.,LIT. A,31
SEGUNDO SEMESTRE DE 2020,ESTUDIOS A DISTANCIA,ESPECIALIZACION EN ALTA GERENCIA DE EMPRESAS,DIURNA - NOCTURA,VIRTUAL,TUNJA,C.C.,1993-06-07,M,SIN INFORMACIÓN,PERDIO CUPO A 052/2012  ART 15 LIT.B.,BOGOTÁ D.C.,TUNJA,LIT. B,31
SEGUNDO SEMESTRE DE 2020,ESTUDIOS A DISTANCIA,MAESTRIA EN DIDACTICA DE LA MATEMATICA,DIURNA - NOCTURA,VIRTUAL,TUNJA,C.C.,1991-10-11,F,SIN INFORMACIÓN,PERDIO CUPO A 052/2012  ART 15 LIT.A.,SAN ANDRÉS,SAN ANDRÉS,LIT. A,33
SEGUNDO SEMESTRE DE 2020,ESTUDIOS A DISTANCIA,MAESTRIA EN DIDACTICA DE LA MATEMATICA,DIURNA - NOCTURA,VIRTUAL,TUNJA,C.C.,1985-11-14,M,SIN INFORMACIÓN,PERDIO CUPO A 052/2012  ART 15 LIT.A.,QUIBDÓ,QUIBDÓ,LIT. A,39
SEGUNDO SEMESTRE DE 2020,ESTUDIOS A DISTANCIA,MAESTRIA EN DIDACTICA DE LA MATEMATICA,DIURNA - NOCTURA,VIRTUAL,TUNJA,C.C.,1971-09-21,F,SIN INFORMACIÓN,PERDIO CUPO A 052/2012  ART 15 LIT.C.,MONTERREY,MONTERREY,LIT. C,53
SEGUNDO SEMESTRE DE 2020,INGENIERIA,ESPECIALIZACION EN GESTION DE INTEGRIDAD Y CORROSIÓN,DIURNA - NOCTURA,VIRTUAL,TUNJA,C.C.,1992-08-26,F,SIN INFORMACIÓN,PERDIO CUPO A 052/2012  ART 15 LIT.A.,AGUAZUL,AGUAZUL,LIT. A,32
SEGUNDO SEMESTRE DE 2020,INGENIERIA,MAESTRIA EN GEOTECNIA,DIURNA - NOCTURA,PRESENCIAL,TUNJA,C.C.,1991-04-16,M,SIN INFORMACIÓN,PERDIO CUPO A 052/2012  ART 15 LIT.A.,VALLEDUPAR,VALLEDUPAR,LIT. A,33
SEGUNDO SEMESTRE DE 2020,INGENIERIA,MAESTRIA EN INGENIERIA AMBIENTAL,DIURNA - NOCTURA,PRESENCIAL,TUNJA,C.C.,1976-06-18,M,SIN INFORMACIÓN,PERDIO CUPO A 052/2012  ART 15 LIT.B.,TUNJA,TUNJA,LIT. B,48
SEGUNDO SEMESTRE DE 2020,INGENIERIA,MAESTRIA EN INGENIERIA AMBIENTAL,DIURNA - NOCTURA,PRESENCIAL,TUNJA,C.C.,1990-03-30,M,SIN INFORMACIÓN,PERDIO CUPO A 052/2012  ART 15 LIT.A.,ARAUCA,YOPAL,LIT. A,34
SEGUNDO SEMESTRE DE 2020,INGENIERIA,MAESTRIA EN INGENIERIA AMBIENTAL,DIURNA - NOCTURA,PRESENCIAL,TUNJA,C.C.,1984-04-06,M,SIN INFORMACIÓN,PERDIO CUPO A 052/2012  ART 15 LIT.B.,TUNJA,TUNJA,LIT. B,40
SEGUNDO SEMESTRE DE 2020,SECCIONAL DUITAMA,ESPECIALIZACIÓN EN INFORMÁTICA PARA LA DOCENCIA,DIURNA - NOCTURA,PRESENCIAL,DUITAMA,C.C.,1982-07-09,M,SIN INFORMACIÓN,PERDIO CUPO A 052/2012  ART 15 LIT.A.,DUITAMA,DUITAMA,LIT. A,42
SEGUNDO SEMESTRE DE 2020,SECCIONAL SOGAMOSO,"MAESTRIA EN SEGURIDAD Y SALUD EN EL TRABAJO, ENFASIS EN HIGIENE Y SEGURIDAD INDUSTRIAL",DIURNA - NOCTURA,PRESENCIAL,SOGAMOSO,C.C.,1977-03-04,F,SIN INFORMACIÓN,PERDIO CUPO A 052/2012  ART 15 LIT.B.,TUNJA,TUNJA,LIT. B,47
PRIMER  SEMESTRE DE 2021,CIENCIAS,FISICA,Diurna,Presencial,TUNJA,C.C.,1998-03-03,F,2,PERDIO CUPO A130/98 ART. 80 LIT. B,BOGOTÁ D.C.,BOGOTÁ D.C.,LIT. B,26
PRIMER  SEMESTRE DE 2021,CIENCIAS,FISICA,Diurna,Presencial,TUNJA,C.C.,1997-05-10,M,2,PERDIO CUPO A130/98 ART. 80 LIT. B,PAIPA,PAIPA,LIT. B,27
PRIMER  SEMESTRE DE 2021,CIENCIAS,FISICA,Diurna,Presencial,TUNJA,C.C.,1997-09-02,M,2,PERDIO CUPO A130/98 ART. 80 LIT. B,DUITAMA,DUITAMA,LIT. B,27
PRIMER  SEMESTRE DE 2021,CIENCIAS,FISICA,Diurna,Presencial,TUNJA,C.C.,1995-06-10,M,1,PERDIO CUPO A130/98 ART. 80 LIT. C,ARCABUCO,ARCABUCO,LIT. C,29
PRIMER  SEMESTRE DE 2021,CIENCIAS,FISICA,Diurna,Presencial,TUNJA,C.C.,1997-03-03,M,2,PERDIO CUPO A130/98 ART. 80 LIT. B,SOGAMOSO,MONGUÍ,LIT. B,27
PRIMER  SEMESTRE DE 2021,CIENCIAS,FISICA,Diurna,Presencial,TUNJA,C.C.,2000-03-13,M,1,PERDIO CUPO A130/98 ART. 80 LIT. C,BOGOTÁ D.C.,FACATATIVÁ,LIT. C,24
PRIMER  SEMESTRE DE 2021,CIENCIAS,FISICA,Diurna,Presencial,TUNJA,T.I.,2003-02-03,M,3,PERDIO CUPO A130/98 ART. 80 LIT. B,VILLAVICENCIO,VILLAVICENCIO,LIT. B,21
PRIMER  SEMESTRE DE 2021,CIENCIAS,FISICA,Diurna,Presencial,TUNJA,C.C.,2001-05-23,F,3,PERDIO CUPO A130/98 ART. 80 LIT. C,BOGOTÁ D.C.,BOGOTA D.E,LIT. C,23
PRIMER  SEMESTRE DE 2021,CIENCIAS,FISICA,Diurna,Presencial,TUNJA,C.C.,2000-04-28,F,4,PERDIO CUPO A130/98 ART.80 LIT. E,TUNJA,TUNJA,LIT. E,24
PRIMER  SEMESTRE DE 2021,CIENCIAS,FISICA,Diurna,Presencial,TUNJA,C.C.,2001-03-28,M,2,PERDIO CUPO A130/98 ART. 80 LIT. B,BOGOTÁ D.C.,BOGOTÁ D.C.,LIT. B,23
PRIMER  SEMESTRE DE 2021,CIENCIAS,BIOLOGIA,Diurna,Presencial,TUNJA,C.C.,1999-02-28,M,3,PERDIO CUPO A130/98 ART. 80 LIT. B,TUNJA,TUNJA,LIT. B,25
PRIMER  SEMESTRE DE 2021,CIENCIAS,BIOLOGIA,Diurna,Presencial,TUNJA,C.C.,2001-05-20,M,3,PERDIO CUPO A130/98 ART. 80 LIT. B,TUNJA,TUNJA,LIT. B,23
PRIMER  SEMESTRE DE 2021,CIENCIAS,BIOLOGIA,Diurna,Presencial,TUNJA,T.I.,2000-12-22,F,1,PERDIO CUPO A130/98 ART. 80 LIT. C,BOGOTÁ D.C.,BOGOTÁ D.C.,LIT. C,24
PRIMER  SEMESTRE DE 2021,CIENCIAS,BIOLOGIA,Diurna,Presencial,TUNJA,C.C.,1994-11-23,M,1,PERDIO CUPO A130/98 ART. 80 LIT. D,BOGOTA D.E,SIACHOQUE,LIT. D,30
PRIMER  SEMESTRE DE 2021,CIENCIAS,MATEMATICAS,Diurna,Presencial,TUNJA,T.I.,2001-09-10,M,1,PERDIO CUPO A130/98 ART. 80 LIT. C,CHIPATÁ,VÉLEZ,LIT. C,23
PRIMER  SEMESTRE DE 2021,CIENCIAS,MATEMATICAS,Diurna,Presencial,TUNJA,T.I.,2002-07-27,M,1,PERDIO CUPO A130/98 ART. 80 LIT. C,TAURAMENA,TAURAMENA,LIT. C,22
PRIMER  SEMESTRE DE 2021,CIENCIAS,MATEMATICAS,Diurna,Presencial,TUNJA,C.C.,1999-11-03,F,2,PERDIO CUPO A130/98 ART.80 LIT. E,CHIQUINQUIRÁ,CHIQUINQUIRÁ,LIT. E,25
PRIMER  SEMESTRE DE 2021,CIENCIAS,MATEMATICAS,Diurna,Presencial,TUNJA,C.C.,1997-03-03,M,3,PERDIO CUPO A130/98 ART. 80 LIT. C,GIGANTE,TUNJA,LIT. C,27
PRIMER  SEMESTRE DE 2021,CIENCIAS,MATEMATICAS,Diurna,Presencial,TUNJA,C.C.,2001-06-24,F,3,PERDIO CUPO A130/98 ART. 80 LIT. B,TUNJA,TUNJA,LIT. B,23
PRIMER  SEMESTRE DE 2021,CIENCIAS,MATEMATICAS,Diurna,Presencial,TUNJA,C.C.,2000-03-15,M,1,PERDIO CUPO A130/98 ART. 80 LIT. B,VILLANUEVA,VILLANUEVA,LIT. B,24
PRIMER  SEMESTRE DE 2021,CIENCIAS,MATEMATICAS,Diurna,Presencial,TUNJA,C.C.,2001-05-23,F,1,PERDIO CUPO A130/98 ART. 80 LIT. B,TUNJA,TUNJA,LIT. B,23
PRIMER  SEMESTRE DE 2021,CIENCIAS,MATEMATICAS,Diurna,Presencial,TUNJA,C.C.,1998-05-18,F,2,PERDIO CUPO A130/98 ART. 80 LIT. C,CHOCONTÁ,CHOCONTÁ,LIT. C,26
PRIMER  SEMESTRE DE 2021,CIENCIAS,MATEMATICAS,Diurna,Presencial,TUNJA,C.C.,1977-06-21,M,2,PERDIO CUPO A130/98 ART.80 LIT. E,BOGOTÁ D.C.,BOGOTÁ D.C.,LIT. E,47
PRIMER  SEMESTRE DE 2021,CIENCIAS,MATEMATICAS,Diurna,Presencial,TUNJA,C.C.,2002-06-06,M,2,PERDIO CUPO A130/98 ART. 80 LIT. B,TUNJA,TUNJA,LIT. B,22
PRIMER  SEMESTRE DE 2021,CIENCIAS,MATEMATICAS,Diurna,Presencial,TUNJA,C.C.,2001-01-13,F,2,PERDIO CUPO A130/98 ART. 80 LIT. C,PURIFICACIÓN,TUNJA,LIT. C,23
PRIMER  SEMESTRE DE 2021,CIENCIAS,MATEMATICAS,Diurna,Presencial,TUNJA,C.C.,1997-10-31,M,1,PERDIO CUPO A130/98 ART. 80 LIT. C,PAZ DE ARIPORO,PAZ DE ARIPORO,LIT. C,27
PRIMER  SEMESTRE DE 2021,CIENCIAS,MATEMATICAS,Diurna,Presencial,TUNJA,T.I.,2001-09-19,M,1,PERDIO CUPO A130/98 ART. 80 LIT. C,ARAUCA,ARAUCA,LIT. C,23
PRIMER  SEMESTRE DE 2021,CIENCIAS,QUIMICA,Diurna,Presencial,TUNJA,C.C.,1994-07-23,M,4,PERDIO CUPO A130/98 ART. 80 LIT. C,TUNJA,TUNJA,LIT. C,30
PRIMER  SEMESTRE DE 2021,CIENCIAS,QUIMICA,Diurna,Presencial,TUNJA,C.C.,2001-08-12,M,2,PERDIO CUPO A130/98 ART. 80 LIT. C,MANÍ,BOGOTA D.E,LIT. C,23
PRIMER  SEMESTRE DE 2021,CIENCIAS,QUIMICA,Diurna,Presencial,TUNJA,C.C.,2001-06-27,M,3,PERDIO CUPO A130/98 ART.80 LIT. E,VILLAVICENCIO,TUNJA,LIT. E,23
PRIMER  SEMESTRE DE 2021,CIENCIAS,QUIMICA,Diurna,Presencial,TUNJA,C.C.,2001-06-30,F,3,PERDIO CUPO A130/98 ART. 80 LIT. C,DUITAMA,SOGAMOSO,LIT. C,23
PRIMER  SEMESTRE DE 2021,CIENCIAS,QUIMICA,Diurna,Presencial,TUNJA,C.C.,2000-07-14,M,3,PERDIO CUPO A130/98 ART. 80 LIT. C,YOPAL,YOPAL,LIT. C,24
PRIMER  SEMESTRE DE 2021,CIENCIAS,QUIMICA,Diurna,Presencial,TUNJA,T.I.,2002-11-19,M,1,PERDIO CUPO A130/98 ART. 80 LIT. B,DUITAMA,DUITAMA,LIT. B,22
PRIMER  SEMESTRE DE 2021,CIENCIAS,QUIMICA,Diurna,Presencial,TUNJA,C.C.,1996-05-31,M,1,PERDIO CUPO A130/98 ART.80 LIT. E,MEDINA,MEDINA,LIT. E,28
PRIMER  SEMESTRE DE 2021,CIENCIAS AGROPECUARIAS,INGENIERIA AGRONOMICA,Diurna,Presencial,TUNJA,C.C.,1997-06-12,M,2,PERDIO CUPO A130/98 ART. 80 LIT. B,RAMIRIQUÍ,RAMIRIQUÍ,LIT. B,27
PRIMER  SEMESTRE DE 2021,CIENCIAS AGROPECUARIAS,INGENIERIA AGRONOMICA,Diurna,Presencial,TUNJA,C.C.,2000-02-22,M,2,PERDIO CUPO A130/98 ART. 80 LIT. C,NATAGAIMA,TUNJA,LIT. C,24
PRIMER  SEMESTRE DE 2021,CIENCIAS AGROPECUARIAS,INGENIERIA AGRONOMICA,Diurna,Presencial,TUNJA,C.C.,1999-01-13,F,2,PERDIO CUPO A130/98 ART. 80 LIT. B,TIBASOSA,TUNJA,LIT. B,25
PRIMER  SEMESTRE DE 2021,CIENCIAS AGROPECUARIAS,INGENIERIA AGRONOMICA,Diurna,Presencial,TUNJA,C.C.,1997-06-06,M,1,PERDIO CUPO A130/98 ART.80 LIT. E,MADRID,MIRAFLORES,LIT. E,27
PRIMER  SEMESTRE DE 2021,CIENCIAS AGROPECUARIAS,INGENIERIA AGRONOMICA,Diurna,Presencial,TUNJA,C.C.,2000-05-31,M,1,PERDIO CUPO A130/98 ART. 80 LIT. C,QUÍPAMA,QUÍPAMA,LIT. C,24
PRIMER  SEMESTRE DE 2021,CIENCIAS AGROPECUARIAS,INGENIERIA AGRONOMICA,Diurna,Presencial,TUNJA,C.C.,2000-05-23,M,2,PERDIO CUPO A130/98 ART. 80 LIT. B,SOGAMOSO,SOGAMOSO,LIT. B,24
PRIMER  SEMESTRE DE 2021,CIENCIAS AGROPECUARIAS,MEDICINA VETERINARIA Y ZOOTECNIA,Diurna,Presencial,TUNJA,C.C.,1999-10-14,M,1,PERDIO CUPO A130/98 ART. 80 LIT. C,CHITARAQUE,TUNJA,LIT. C,25
PRIMER  SEMESTRE DE 2021,CIENCIAS AGROPECUARIAS,MEDICINA VETERINARIA Y ZOOTECNIA,Diurna,Presencial,TUNJA,C.C.,2000-06-21,M,2,PERDIO CUPO A130/98 ART. 80 LIT. B,TUNJA,TUNJA,LIT. B,24
PRIMER  SEMESTRE DE 2021,CIENCIAS AGROPECUARIAS,MEDICINA VETERINARIA Y ZOOTECNIA,Diurna,Presencial,TUNJA,C.C.,2001-03-09,F,3,PERDIO CUPO A130/98 ART. 80 LIT. B,BOGOTÁ D.C.,BOGOTÁ D.C.,LIT. B,23
PRIMER  SEMESTRE DE 2021,CIENCIAS AGROPECUARIAS,MEDICINA VETERINARIA Y ZOOTECNIA,Diurna,Presencial,TUNJA,T.I.,2002-10-06,M,1,PERDIO CUPO A130/98 ART. 80 LIT. B,FORTUL,FORTUL,LIT. B,22
PRIMER  SEMESTRE DE 2021,CIENCIAS AGROPECUARIAS,MEDICINA VETERINARIA Y ZOOTECNIA,Diurna,Presencial,TUNJA,C.C.,2000-08-10,F,2,PERDIO CUPO A130/98 ART. 80 LIT. B,BOGOTÁ D.C.,BOGOTÁ D.C.,LIT. B,24
PRIMER  SEMESTRE DE 2021,CIENCIAS AGROPECUARIAS,MEDICINA VETERINARIA Y ZOOTECNIA,Diurna,Presencial,TUNJA,C.C.,1997-09-22,M,3,PERDIO CUPO A130/98 ART. 80 LIT. B,LANDÁZURI,TUNJA,LIT. B,27
PRIMER  SEMESTRE DE 2021,CIENCIAS AGROPECUARIAS,MEDICINA VETERINARIA Y ZOOTECNIA,Diurna,Presencial,TUNJA,C.C.,1997-10-05,M,1,PERDIO CUPO A130/98 ART. 80 LIT. B,EL ESPINO,TUNJA,LIT. B,27
PRIMER  SEMESTRE DE 2021,CIENCIAS AGROPECUARIAS,MEDICINA VETERINARIA Y ZOOTECNIA,Diurna,Presencial,TUNJA,C.C.,1997-08-18,M,3,PERDIO CUPO A130/98 ART. 80 LIT. C,BOGOTA D.E,FUNZA,LIT. C,27
PRIMER  SEMESTRE DE 2021,CIENCIAS AGROPECUARIAS,MEDICINA VETERINARIA Y ZOOTECNIA,Diurna,Presencial,TUNJA,T.I.,2001-07-21,M,2,PERDIO CUPO A130/98 ART. 80 LIT. C,TUNJA,TUNJA,LIT. C,23
PRIMER  SEMESTRE DE 2021,CIENCIAS AGROPECUARIAS,MEDICINA VETERINARIA Y ZOOTECNIA,Diurna,Presencial,TUNJA,C.C.,2000-06-21,M,2,PERDIO CUPO A130/98 ART. 80 LIT. C,DUITAMA,BELÉN,LIT. C,24
PRIMER  SEMESTRE DE 2021,CIENCIAS AGROPECUARIAS,MAESTRIA EN DESARROLLO RURAL,Otra,Presencial,TUNJA,C.C.,1986-08-31,M,SIN INFORMACIÓN,PERDIO CUPO A 052/2012  ART 15 LIT.A.,SOGAMOSO,TUNJA,LIT. A,38
PRIMER  SEMESTRE DE 2021,CIENCIAS AGROPECUARIAS,MAESTRIA EN CIENCIAS VETERINARIAS,Otra,Presencial,TUNJA,C.C.,1988-03-27,M,SIN INFORMACIÓN,PERDIO CUPO A 052/2012  ART 15 LIT.B.,TUNJA,TUNJA,LIT. B,36
PRIMER  SEMESTRE DE 2021,CIENCIAS DE LA EDUCACION,LICENCIATURA EN LENGUAS EXTRANJERAS,Diurna,Presencial,TUNJA,C.C.,1995-05-16,M,1,PERDIO CUPO A130/98 ART.80 LIT. E,SANTA ROSA DE VITERBO,DUITAMA,LIT. E,29
PRIMER  SEMESTRE DE 2021,CIENCIAS DE LA EDUCACION,LICENCIATURA EN LENGUAS EXTRANJERAS,Diurna,Presencial,TUNJA,C.C.,1992-09-03,F,1,PERDIO CUPO A130/98 ART.80 LIT. E,YOPAL,YOPAL,LIT. E,32
PRIMER  SEMESTRE DE 2021,CIENCIAS DE LA EDUCACION,LICENCIATURA EN INFORMATICA Y TECNOLOGIA,Nocturna,Presencial,TUNJA,C.C.,1997-08-11,M,2,PERDIO CUPO A130/98 ART.80 LIT. E,TUNJA,TUNJA,LIT. E,27
PRIMER  SEMESTRE DE 2021,CIENCIAS DE LA EDUCACION,LICENCIATURA EN INFORMATICA Y TECNOLOGIA,Nocturna,Presencial,TUNJA,C.C.,1998-08-01,M,2,PERDIO CUPO A130/98 ART. 80 LIT. C,TUNJA,SAMACÁ,LIT. C,26
PRIMER  SEMESTRE DE 2021,CIENCIAS DE LA EDUCACION,LICENCIATURA EN INFORMATICA Y TECNOLOGIA,Nocturna,Presencial,TUNJA,C.C.,1997-07-18,M,1,PERDIO CUPO A130/98 ART.80 LIT. E,SIMIJACA,SIMIJACA,LIT. E,27
PRIMER  SEMESTRE DE 2021,CIENCIAS DE LA EDUCACION,LICENCIATURA EN INFORMATICA Y TECNOLOGIA,Nocturna,Presencial,TUNJA,C.C.,1999-01-14,M,2,PERDIO CUPO A130/98 ART. 80 LIT. C,CHIQUINQUIRÁ,CHIQUINQUIRÁ,LIT. C,25
PRIMER  SEMESTRE DE 2021,CIENCIAS DE LA EDUCACION,LICENCIATURA EN INFORMATICA Y TECNOLOGIA,Nocturna,Presencial,TUNJA,C.C.,1988-11-16,M,1,PERDIO CUPO A130/98 ART. 80 LIT. D,TUNJA,TUNJA,LIT. D,36
PRIMER  SEMESTRE DE 2021,CIENCIAS DE LA EDUCACION,LICENCIATURA EN INFORMATICA Y TECNOLOGIA,Nocturna,Presencial,TUNJA,C.C.,2000-08-31,M,2,PERDIO CUPO A130/98 ART. 80 LIT. C,DUITAMA,PAIPA,LIT. C,24
PRIMER  SEMESTRE DE 2021,CIENCIAS DE LA EDUCACION,LICENCIATURA EN MATEMATICAS,Diurna,Presencial,TUNJA,C.C.,1997-03-24,M,2,PERDIO CUPO A130/98 ART.80 LIT. E,BOGOTA D.E,BOLÍVAR,LIT. E,27
PRIMER  SEMESTRE DE 2021,CIENCIAS DE LA EDUCACION,LICENCIATURA EN MATEMATICAS,Diurna,Presencial,TUNJA,C.C.,2002-04-27,M,1,PERDIO CUPO A130/98 ART. 80 LIT. B,DUITAMA,DUITAMA,LIT. B,22
PRIMER  SEMESTRE DE 2021,CIENCIAS DE LA EDUCACION,LICENCIATURA EN MATEMATICAS,Diurna,Presencial,TUNJA,C.C.,2001-08-31,M,2,PERDIO CUPO A130/98 ART. 80 LIT. B,FLORIDABLANCA,BOAVITA,LIT. B,23
PRIMER  SEMESTRE DE 2021,CIENCIAS DE LA EDUCACION,LICENCIATURA EN MATEMATICAS,Diurna,Presencial,TUNJA,C.C.,1999-07-08,M,2,PERDIO CUPO A130/98 ART. 80 LIT. D,ARCABUCO,ARCABUCO,LIT. D,25
PRIMER  SEMESTRE DE 2021,CIENCIAS DE LA EDUCACION,LICENCIATURA EN MATEMATICAS,Diurna,Presencial,TUNJA,C.C.,1999-01-07,M,1,PERDIO CUPO A130/98 ART. 80 LIT. C,TOCA,TOCA,LIT. C,25
PRIMER  SEMESTRE DE 2021,CIENCIAS DE LA EDUCACION,LICENCIATURA EN MATEMATICAS,Diurna,Presencial,TUNJA,C.C.,2000-10-01,M,2,PERDIO CUPO A130/98 ART. 80 LIT. C,TUNJA,TUNJA,LIT. C,24
PRIMER  SEMESTRE DE 2021,CIENCIAS DE LA EDUCACION,LICENCIATURA EN MATEMATICAS,Diurna,Presencial,TUNJA,C.C.,2001-01-06,M,2,PERDIO CUPO A130/98 ART. 80 LIT. B,TUNJA,TUNJA,LIT. B,23
PRIMER  SEMESTRE DE 2021,CIENCIAS DE LA EDUCACION,LICENCIATURA EN MATEMATICAS,Diurna,Presencial,TUNJA,T.I.,2002-05-05,F,1,PERDIO CUPO A130/98 ART. 80 LIT. C,CHISCAS,CHISCAS,LIT. C,22
PRIMER  SEMESTRE DE 2021,CIENCIAS DE LA EDUCACION,LICENCIATURA EN MATEMATICAS,Diurna,Presencial,TUNJA,T.I.,2004-07-28,M,1,PERDIO CUPO A130/98 ART. 80 LIT. B,TUNJA,CHIVATÁ,LIT. B,20
PRIMER  SEMESTRE DE 2021,CIENCIAS DE LA EDUCACION,LICENCIATURA EN MATEMATICAS,Diurna,Presencial,TUNJA,C.C.,1996-03-18,M,2,PERDIO CUPO A130/98 ART. 80 LIT. B,BOGOTÁ D.C.,BOGOTÁ D.C.,LIT. B,28
PRIMER  SEMESTRE DE 2021,CIENCIAS DE LA EDUCACION,LICENCIATURA EN MATEMATICAS,Diurna,Presencial,TUNJA,C.C.,2000-08-25,M,2,PERDIO CUPO A130/98 ART. 80 LIT. B,VILLAVICENCIO,VILLAVICENCIO,LIT. B,24
PRIMER  SEMESTRE DE 2021,CIENCIAS DE LA EDUCACION,LICENCIATURA EN MATEMATICAS,Diurna,Presencial,TUNJA,C.C.,2000-03-05,M,2,PERDIO CUPO A130/98 ART. 80 LIT. B,PAUNA,PAUNA,LIT. B,24
PRIMER  SEMESTRE DE 2021,CIENCIAS DE LA EDUCACION,LICENCIATURA EN MATEMATICAS,Diurna,Presencial,TUNJA,C.C.,2000-05-26,F,1,PERDIO CUPO A130/98 ART.80 LIT. E,TUNJA,TUNJA,LIT. E,24
PRIMER  SEMESTRE DE 2021,CIENCIAS DE LA EDUCACION,LICENCIATURA EN MATEMATICAS,Diurna,Presencial,TUNJA,C.C.,1998-05-29,M,1,PERDIO CUPO A130/98 ART. 80 LIT. D,CHAPARRAL,CHAPARRAL,LIT. D,26
PRIMER  SEMESTRE DE 2021,CIENCIAS DE LA EDUCACION,LICENCIATURA EN CIENCIAS NATURALES Y EDUCACION AMBIENTAL,Diurna,Presencial,TUNJA,C.C.,2001-02-14,F,3,PERDIO CUPO A130/98 ART. 80 LIT. C,SOGAMOSO,DUITAMA,LIT. C,23
PRIMER  SEMESTRE DE 2021,CIENCIAS DE LA EDUCACION,LICENCIATURA EN CIENCIAS NATURALES Y EDUCACION AMBIENTAL,Diurna,Presencial,TUNJA,C.C.,2000-04-12,M,2,PERDIO CUPO A130/98 ART. 80 LIT. C,DUITAMA,TIBASOSA,LIT. C,24
PRIMER  SEMESTRE DE 2021,CIENCIAS DE LA EDUCACION,LICENCIATURA EN CIENCIAS NATURALES Y EDUCACION AMBIENTAL,Diurna,Presencial,TUNJA,C.C.,2000-05-17,M,1,PERDIO CUPO A130/98 ART. 80 LIT. B,MIRAFLORES,TUNJA,LIT. B,24
PRIMER  SEMESTRE DE 2021,CIENCIAS DE LA EDUCACION,LICENCIATURA EN CIENCIAS NATURALES Y EDUCACION AMBIENTAL,Diurna,Presencial,TUNJA,C.C.,1997-09-29,M,1,PERDIO CUPO A130/98 ART. 80 LIT. C,TUNJA,TUNJA,LIT. C,27
PRIMER  SEMESTRE DE 2021,CIENCIAS DE LA EDUCACION,LICENCIATURA EN MATEMATICAS,Nocturna,Presencial,TUNJA,C.C.,1992-07-30,M,2,PERDIO CUPO A130/98 ART. 80 LIT. C,BARANOA,PAZ DE ARIPORO,LIT. C,32
PRIMER  SEMESTRE DE 2021,CIENCIAS DE LA EDUCACION,LICENCIATURA EN MATEMATICAS,Nocturna,Presencial,TUNJA,C.C.,1999-01-25,F,3,PERDIO CUPO A130/98 ART. 80 LIT. C,SAN MARTÍN,VILLAVICENCIO,LIT. C,25
PRIMER  SEMESTRE DE 2021,CIENCIAS DE LA EDUCACION,LICENCIATURA EN MATEMATICAS,Nocturna,Presencial,TUNJA,C.C.,1998-02-06,M,1,PERDIO CUPO A130/98 ART. 80 LIT. B,TUNJA,TUNJA,LIT. B,26
PRIMER  SEMESTRE DE 2021,CIENCIAS DE LA EDUCACION,LICENCIATURA EN MATEMATICAS,Nocturna,Presencial,TUNJA,C.C.,2003-08-23,F,2,PERDIO CUPO A130/98 ART. 80 LIT. B,CHOCONTÁ,CHOCONTÁ,LIT. B,21
PRIMER  SEMESTRE DE 2021,CIENCIAS DE LA EDUCACION,LICENCIATURA EN MATEMATICAS,Nocturna,Presencial,TUNJA,C.C.,1995-05-07,F,1,PERDIO CUPO A130/98 ART. 80 LIT. C,PAIPA,PAIPA,LIT. C,29
PRIMER  SEMESTRE DE 2021,CIENCIAS DE LA EDUCACION,LICENCIATURA EN MATEMATICAS,Nocturna,Presencial,TUNJA,C.C.,1995-04-18,M,1,PERDIO CUPO A130/98 ART. 80 LIT. D,AGUAZUL,AGUAZUL,LIT. D,29
PRIMER  SEMESTRE DE 2021,CIENCIAS DE LA EDUCACION,LICENCIATURA EN MATEMATICAS,Nocturna,Presencial,TUNJA,C.C.,2001-11-03,M,2,PERDIO CUPO A130/98 ART. 80 LIT. C,TUNJA,TUNJA,LIT. C,23
PRIMER  SEMESTRE DE 2021,CIENCIAS DE LA EDUCACION,LICENCIATURA EN MATEMATICAS,Nocturna,Presencial,TUNJA,C.C.,1996-07-06,F,3,PERDIO CUPO A130/98 ART. 80 LIT. C,BOGOTA D.E,TURMEQUÉ,LIT. C,28
PRIMER  SEMESTRE DE 2021,CIENCIAS DE LA EDUCACION,LICENCIATURA EN MATEMATICAS,Nocturna,Presencial,TUNJA,C.C.,2000-05-03,M,2,PERDIO CUPO A130/98 ART. 80 LIT. C,TUNJA,TUNJA,LIT. C,24
PRIMER  SEMESTRE DE 2021,CIENCIAS DE LA EDUCACION,LICENCIATURA EN EDUCACION FISICA RECREACION Y DEPORTE,Diurna,Presencial,TUNJA,C.C.,2001-07-06,M,2,PERDIO CUPO A130/98 ART. 80 LIT. B,BOGOTÁ D.C.,BOGOTÁ D.C.,LIT. B,23
PRIMER  SEMESTRE DE 2021,CIENCIAS DE LA EDUCACION,LICENCIATURA EN EDUCACION FISICA RECREACION Y DEPORTE,Diurna,Presencial,TUNJA,C.C.,1996-03-25,M,2,PERDIO CUPO A130/98 ART. 80 LIT. D,TUNJA,SIACHOQUE,LIT. D,28
PRIMER  SEMESTRE DE 2021,CIENCIAS DE LA EDUCACION,LICENCIATURA EN EDUCACION FISICA RECREACION Y DEPORTE,Diurna,Presencial,TUNJA,C.C.,1999-06-25,M,2,PERDIO CUPO A130/98 ART. 80 LIT. C,TUNJA,TUNJA,LIT. C,25
PRIMER  SEMESTRE DE 2021,CIENCIAS DE LA EDUCACION,LICENCIATURA EN EDUCACION FISICA RECREACION Y DEPORTE,Diurna,Presencial,TUNJA,C.C.,2000-05-20,M,1,PERDIO CUPO A130/98 ART. 80 LIT. C,DUITAMA,TIBASOSA,LIT. C,24
PRIMER  SEMESTRE DE 2021,CIENCIAS DE LA EDUCACION,LICENCIATURA EN EDUCACION FISICA RECREACION Y DEPORTE,Diurna,Presencial,TUNJA,C.C.,1998-03-23,M,1,PERDIO CUPO A130/98 ART. 80 LIT. C,SOGAMOSO,DUITAMA,LIT. C,26
PRIMER  SEMESTRE DE 2021,CIENCIAS DE LA EDUCACION,LICENCIATURA EN EDUCACION FISICA RECREACION Y DEPORTE,Diurna,Presencial,TUNJA,C.C.,1999-11-22,M,1,PERDIO CUPO A130/98 ART.80 LIT. E,TUNJA,TUNJA,LIT. E,25
PRIMER  SEMESTRE DE 2021,CIENCIAS DE LA EDUCACION,LICENCIATURA EN EDUCACION FISICA RECREACION Y DEPORTE,Diurna,Presencial,TUNJA,T.I.,2002-11-20,M,2,PERDIO CUPO A130/98 ART. 80 LIT. B,BUSBANZÁ,BUSBANZÁ,LIT. B,22
PRIMER  SEMESTRE DE 2021,CIENCIAS DE LA EDUCACION,LICENCIATURA EN EDUCACION FISICA RECREACION Y DEPORTE,Diurna,Presencial,TUNJA,T.I.,2000-11-22,M,1,PERDIO CUPO A130/98 ART. 80 LIT. C,TURMEQUÉ,NUEVO COLÓN,LIT. C,24
PRIMER  SEMESTRE DE 2021,CIENCIAS DE LA EDUCACION,LICENCIATURA EN EDUCACION FISICA RECREACION Y DEPORTE,Diurna,Presencial,TUNJA,C.C.,2001-01-24,M,2,PERDIO CUPO A130/98 ART. 80 LIT. B,BOAVITA,TUNJA,LIT. B,23
PRIMER  SEMESTRE DE 2021,CIENCIAS DE LA EDUCACION,LICENCIATURA EN EDUCACION FISICA RECREACION Y DEPORTE,Diurna,Presencial,TUNJA,T.I.,2002-09-01,M,2,PERDIO CUPO A130/98 ART. 80 LIT. B,SÁCHICA,SÁCHICA,LIT. B,22
PRIMER  SEMESTRE DE 2021,CIENCIAS DE LA EDUCACION,LICENCIATURA EN CIENCIAS SOCIALES,Diurna,Presencial,TUNJA,C.C.,1997-03-18,F,2,PERDIO CUPO A130/98 ART. 80 LIT. B,TUNJA,TUNJA,LIT. B,27
PRIMER  SEMESTRE DE 2021,CIENCIAS DE LA EDUCACION,LICENCIATURA EN CIENCIAS SOCIALES,Diurna,Presencial,TUNJA,C.C.,1996-07-02,M,2,PERDIO CUPO A130/98 ART. 80 LIT. C,SOGAMOSO,SOGAMOSO,LIT. C,28
PRIMER  SEMESTRE DE 2021,CIENCIAS DE LA EDUCACION,LICENCIATURA EN CIENCIAS SOCIALES,Diurna,Presencial,TUNJA,C.C.,2001-07-30,M,2,PERDIO CUPO A130/98 ART. 80 LIT. B,DUITAMA,TIBASOSA,LIT. B,23
PRIMER  SEMESTRE DE 2021,CIENCIAS DE LA EDUCACION,LICENCIATURA EN CIENCIAS SOCIALES,Diurna,Presencial,TUNJA,C.C.,1998-11-24,M,1,PERDIO CUPO A130/98 ART. 80 LIT. C,YOPAL,PAZ DE ARIPORO,LIT. C,26
PRIMER  SEMESTRE DE 2021,CIENCIAS DE LA EDUCACION,LICENCIATURA EN CIENCIAS SOCIALES,Diurna,Presencial,TUNJA,C.C.,1998-03-06,M,3,PERDIO CUPO A130/98 ART. 80 LIT. C,BARBOSA,BARBOSA,LIT. C,26
PRIMER  SEMESTRE DE 2021,CIENCIAS DE LA EDUCACION,LICENCIATURA EN CIENCIAS SOCIALES,Diurna,Presencial,TUNJA,C.C.,1991-08-22,M,3,PERDIO CUPO A130/98 ART. 80 LIT. C,BOGOTA D.E,TUNJA,LIT. C,33
PRIMER  SEMESTRE DE 2021,CIENCIAS DE LA EDUCACION,LICENCIATURA EN CIENCIAS SOCIALES,Diurna,Presencial,TUNJA,C.C.,1995-05-08,M,2,PERDIO CUPO A130/98 ART.80 LIT. E,TUNJA,TUNJA,LIT. E,29
PRIMER  SEMESTRE DE 2021,CIENCIAS DE LA EDUCACION,LICENCIATURA EN CIENCIAS SOCIALES,Diurna,Presencial,TUNJA,T.I.,2003-01-16,F,2,PERDIO CUPO A130/98 ART. 80 LIT. B,CHITA,TUTA,LIT. B,21
PRIMER  SEMESTRE DE 2021,CIENCIAS DE LA EDUCACION,LICENCIATURA EN CIENCIAS SOCIALES,Diurna,Presencial,TUNJA,C.C.,1999-01-31,M,2,PERDIO CUPO A130/98 ART. 80 LIT. B,BOGOTÁ D.C.,SORACÁ,LIT. B,25
PRIMER  SEMESTRE DE 2021,CIENCIAS DE LA EDUCACION,LICENCIATURA EN CIENCIAS SOCIALES,Diurna,Presencial,TUNJA,C.C.,1998-05-07,M,1,PERDIO CUPO A130/98 ART. 80 LIT. C,SOGAMOSO,SOGAMOSO,LIT. C,26
PRIMER  SEMESTRE DE 2021,CIENCIAS DE LA EDUCACION,LICENCIATURA EN CIENCIAS SOCIALES,Diurna,Presencial,TUNJA,C.C.,1997-04-03,F,1,PERDIO CUPO A130/98 ART. 80 LIT. C,DUITAMA,TUNJA,LIT. C,27
PRIMER  SEMESTRE DE 2021,CIENCIAS DE LA EDUCACION,LIC. EN PSICOPEDAGOGIA ENFASIS ASESORIA EDUCATIVA,Diurna,Presencial,TUNJA,T.I.,2001-09-24,F,2,PERDIO CUPO A130/98 ART.80 LIT. E,LA BELLEZA,LA BELLEZA,LIT. E,23
PRIMER  SEMESTRE DE 2021,CIENCIAS DE LA EDUCACION,LIC. EN PSICOPEDAGOGIA ENFASIS ASESORIA EDUCATIVA,Diurna,Presencial,TUNJA,C.C.,2000-11-21,F,1,PERDIO CUPO A130/98 ART. 80 LIT. C,TUNJA,TUNJA,LIT. C,24
PRIMER  SEMESTRE DE 2021,CIENCIAS DE LA EDUCACION,LICENCIATURA EN MUSICA,Diurna,Presencial,TUNJA,C.C.,2000-05-24,M,3,PERDIO CUPO A130/98 ART. 80 LIT. D,BOGOTA D.E,RAMIRIQUÍ,LIT. D,24
PRIMER  SEMESTRE DE 2021,CIENCIAS DE LA EDUCACION,LICENCIATURA EN ARTES PLASTICAS,Diurna,Presencial,TUNJA,C.C.,1994-07-26,F,3,PERDIO CUPO A130/98 ART. 80 LIT. D,BOGOTÁ D.C.,VILLAVICENCIO,LIT. D,30
PRIMER  SEMESTRE DE 2021,CIENCIAS DE LA EDUCACION,LICENCIATURA EN FILOSOFIA,Extendida,Presencial,TUNJA,T.I.,2002-10-21,F,2,PERDIO CUPO A130/98 ART. 80 LIT. D,SOGAMOSO,TUNJA,LIT. D,22
PRIMER  SEMESTRE DE 2021,CIENCIAS DE LA EDUCACION,LICENCIATURA EN FILOSOFIA,Extendida,Presencial,TUNJA,C.C.,1995-01-22,M,3,PERDIO CUPO A130/98 ART. 80 LIT. D,PAIPA,PAIPA,LIT. D,29
PRIMER  SEMESTRE DE 2021,CIENCIAS DE LA EDUCACION,LICENCIATURA EN FILOSOFIA,Extendida,Presencial,TUNJA,C.C.,1997-08-22,M,1,PERDIO CUPO A130/98 ART.80 LIT. E,TUNJA,TUNJA,LIT. E,27
PRIMER  SEMESTRE DE 2021,CIENCIAS DE LA EDUCACION,LICENCIATURA EN FILOSOFIA,Extendida,Presencial,TUNJA,C.C.,1995-09-12,M,2,PERDIO CUPO A130/98 ART. 80 LIT. B,IBAGUÉ,GRANADA,LIT. B,29
PRIMER  SEMESTRE DE 2021,CIENCIAS DE LA EDUCACION,LICENCIATURA EN FILOSOFIA,Extendida,Presencial,TUNJA,T.I.,2003-02-25,M,3,PERDIO CUPO A130/98 ART. 80 LIT. B,TUNJA,TUNJA,LIT. B,21
PRIMER  SEMESTRE DE 2021,CIENCIAS DE LA EDUCACION,LICENCIATURA EN EDUCACION FISICA RECREACION Y DEPORTE,Diurna,Presencial,CHIQUINQUIRA,C.C.,1997-05-07,F,2,PERDIO CUPO A130/98 ART. 80 LIT. D,PUENTE NACIONAL,PUENTE NACIONAL,LIT. D,27
PRIMER  SEMESTRE DE 2021,CIENCIAS DE LA EDUCACION,LICENCIATURA EN EDUCACION FISICA RECREACION Y DEPORTE,Diurna,Presencial,CHIQUINQUIRA,C.C.,1996-07-15,M,2,PERDIO CUPO A130/98 ART. 80 LIT. C,CHIQUINQUIRÁ,CHIQUINQUIRÁ,LIT. C,28
PRIMER  SEMESTRE DE 2021,CIENCIAS DE LA EDUCACION,LICENCIATURA EN EDUCACION FISICA RECREACION Y DEPORTE,Diurna,Presencial,CHIQUINQUIRA,C.C.,1995-03-17,M,2,PERDIO CUPO A130/98 ART.80 LIT. E,BOGOTÁ D.C.,BOGOTÁ D.C.,LIT. E,29
PRIMER  SEMESTRE DE 2021,CIENCIAS DE LA EDUCACION,LICENCIATURA EN EDUCACION FISICA RECREACION Y DEPORTE,Diurna,Presencial,CHIQUINQUIRA,C.C.,2000-05-27,M,1,PERDIO CUPO A130/98 ART. 80 LIT. C,BOGOTÁ D.C.,SIMIJACA,LIT. C,24
PRIMER  SEMESTRE DE 2021,CIENCIAS DE LA EDUCACION,LICENCIATURA EN EDUCACION FISICA RECREACION Y DEPORTE,Diurna,Presencial,CHIQUINQUIRA,C.C.,1999-10-31,M,3,PERDIO CUPO A130/98 ART. 80 LIT. C,BOGOTÁ D.C.,SUESCA,LIT. C,25
PRIMER  SEMESTRE DE 2021,CIENCIAS DE LA EDUCACION,LICENCIATURA EN EDUCACION FISICA RECREACION Y DEPORTE,Diurna,Presencial,CHIQUINQUIRA,C.C.,1996-05-28,M,2,PERDIO CUPO A130/98 ART. 80 LIT. D,CHIQUINQUIRÁ,CHIQUINQUIRÁ,LIT. D,28
PRIMER  SEMESTRE DE 2021,CIENCIAS DE LA EDUCACION,LICENCIATURA EN EDUCACION FISICA RECREACION Y DEPORTE,Diurna,Presencial,CHIQUINQUIRA,C.C.,1998-05-06,M,2,PERDIO CUPO A130/98 ART. 80 LIT. C,VILLA DE LEYVA,VILLA DE LEIVA,LIT. C,26
PRIMER  SEMESTRE DE 2021,CIENCIAS DE LA EDUCACION,LICENCIATURA EN EDUCACION FISICA RECREACION Y DEPORTE,Diurna,Presencial,CHIQUINQUIRA,C.C.,2000-06-21,F,2,PERDIO CUPO A130/98 ART. 80 LIT. B,SOGAMOSO,DUITAMA,LIT. B,24
PRIMER  SEMESTRE DE 2021,CIENCIAS DE LA EDUCACION,LICENCIATURA EN EDUCACION FISICA RECREACION Y DEPORTE,Diurna,Presencial,CHIQUINQUIRA,C.C.,1996-09-05,M,1,PERDIO CUPO A130/98 ART.80 LIT. E,UBATE,SIMIJACA,LIT. E,28
PRIMER  SEMESTRE DE 2021,CIENCIAS DE LA EDUCACION,LICENCIATURA EN EDUCACION FISICA RECREACION Y DEPORTE,Diurna,Presencial,CHIQUINQUIRA,C.C.,1999-09-17,M,1,PERDIO CUPO A130/98 ART. 80 LIT. C,CHIQUINQUIRÁ,SAN PABLO DE BORBUR,LIT. C,25
PRIMER  SEMESTRE DE 2021,CIENCIAS DE LA EDUCACION,LICENCIATURA EN EDUCACION FISICA RECREACION Y DEPORTE,Diurna,Presencial,CHIQUINQUIRA,C.C.,1998-12-13,M,1,PERDIO CUPO A130/98 ART. 80 LIT. D,CHIQUINQUIRÁ,ZIPAQUIRÁ,LIT. D,26
PRIMER  SEMESTRE DE 2021,CIENCIAS DE LA EDUCACION,LICENCIATURA EN EDUCACION FISICA RECREACION Y DEPORTE,Diurna,Presencial,CHIQUINQUIRA,C.C.,2000-06-25,M,2,PERDIO CUPO A130/98 ART. 80 LIT. C,BOGOTA D.E,SOGAMOSO,LIT. C,24
PRIMER  SEMESTRE DE 2021,CIENCIAS DE LA EDUCACION,LICENCIATURA EN LENGUAS EXTRANJERAS CON ENFASIS EN INGLES Y EN FRANCES,Extendida,Presencial,TUNJA,T.I.,2002-12-06,M,2,PERDIO CUPO A130/98 ART. 80 LIT. B,TUNJA,TUNJA,LIT. B,22
PRIMER  SEMESTRE DE 2021,CIENCIAS DE LA EDUCACION,LICENCIATURA EN LENGUAS EXTRANJERAS CON ENFASIS EN INGLES Y EN FRANCES,Extendida,Presencial,TUNJA,C.C.,2001-05-05,M,2,PERDIO CUPO A130/98 ART. 80 LIT. B,SAMACÁ,SAMACÁ,LIT. B,23
PRIMER  SEMESTRE DE 2021,CIENCIAS DE LA EDUCACION,LICENCIATURA EN LENGUAS EXTRANJERAS CON ENFASIS EN INGLES Y EN FRANCES,Extendida,Presencial,TUNJA,T.I.,2003-04-01,M,3,PERDIO CUPO A130/98 ART. 80 LIT. B,TUNJA,DOSQUEBRADAS,LIT. B,21
PRIMER  SEMESTRE DE 2021,CIENCIAS DE LA EDUCACION,LICENCIATURA EN EDUCACION INFANTIL,Extendida,Presencial,TUNJA,C.C.,2002-01-20,F,1,PERDIO CUPO A130/98 ART. 80 LIT. B,BOGOTA D.E,VILLANUEVA,LIT. B,22
PRIMER  SEMESTRE DE 2021,CIENCIAS DE LA EDUCACION,LICENCIATURA EN EDUCACION INFANTIL,Extendida,Presencial,TUNJA,T.I.,2003-05-07,F,1,PERDIO CUPO A130/98 ART. 80 LIT. B,SAN JOSÉ DEL GUAVIARE,VILLAVICENCIO,LIT. B,21
PRIMER  SEMESTRE DE 2021,CIENCIAS DE LA EDUCACION,LICENCIATURA EN EDUCACION INFANTIL,Extendida,Presencial,TUNJA,T.I.,2001-11-14,F,2,PERDIO CUPO A130/98 ART. 80 LIT. B,VILLA DE LEYVA,GACHANTIVÁ,LIT. B,23
PRIMER  SEMESTRE DE 2021,CIENCIAS DE LA EDUCACION,"LICENCIATURA EN LENGUAS MODERNAS, CON ENFASIS EN INGLES",Extendida,Presencial,TUNJA,C.C.,2000-11-17,M,3,PERDIO CUPO A130/98 ART. 80 LIT. C,TUNJA,TUNJA,LIT. C,24
PRIMER  SEMESTRE DE 2021,CIENCIAS DE LA EDUCACION,"LICENCIATURA EN LENGUAS MODERNAS, CON ENFASIS EN INGLES",Extendida,Presencial,TUNJA,C.C.,2001-09-17,M,3,PERDIO CUPO A130/98 ART. 80 LIT. C,TUNJA,TUNJA,LIT. C,23
PRIMER  SEMESTRE DE 2021,CIENCIAS DE LA EDUCACION,LICENCIATURA EN LITERATURA Y LENGUA CASTELLANA,Extendida,Presencial,TUNJA,C.C.,2002-02-07,M,3,PERDIO CUPO A130/98 ART. 80 LIT. B,TUNJA,TUNJA,LIT. B,22
PRIMER  SEMESTRE DE 2021,CIENCIAS DE LA EDUCACION,LICENCIATURA EN INFORMATICA,Diurna,Presencial,TUNJA,C.C.,2002-02-15,M,2,PERDIO CUPO A130/98 ART. 80 LIT. C,PAZ DE RÍO,DUITAMA,LIT. C,22
PRIMER  SEMESTRE DE 2021,CIENCIAS DE LA EDUCACION,LICENCIATURA EN INFORMATICA,Diurna,Presencial,TUNJA,C.C.,2001-06-22,M,2,PERDIO CUPO A130/98 ART. 80 LIT. C,DUITAMA,DUITAMA,LIT. C,23
PRIMER  SEMESTRE DE 2021,CIENCIAS DE LA EDUCACION,ARTES PLASTICAS Y VISUALES,Extendida,Presencial,TUNJA,C.C.,2000-10-12,M,2,PERDIO CUPO A130/98 ART. 80 LIT. B,SOCHA,DUITAMA,LIT. B,24
PRIMER  SEMESTRE DE 2021,CIENCIAS DE LA EDUCACION,MAESTRIA EN HISTORIA,Otra,Presencial,TUNJA,C.C.,1987-07-05,M,SIN INFORMACIÓN,PERDIO CUPO A 052/2012  ART 15 LIT.A.,DUITAMA,DUITAMA,LIT. A,37
PRIMER  SEMESTRE DE 2021,CIENCIAS DE LA EDUCACION,MAESTRIA EN LINGUISTICA,Otra,Presencial,TUNJA,C.C.,1986-08-30,F,SIN INFORMACIÓN,PERDIO CUPO A 052/2012  ART 15 LIT.A.,SOATÁ,SOATÁ,LIT. A,38
PRIMER  SEMESTRE DE 2021,CIENCIAS DE LA EDUCACION,"LICENCIATURA EN EDUCACION BASICA CON ENFASIS EN MATEMATICAS, HUMANIDADES Y LENGUA CASTELLANA",Otra,Distancia,TUNJA,C.C.,1988-08-09,F,2,PERDIO CUPO A130/98 ART. 80 LIT. D,BOGOTÁ D.C.,TIBANÁ,LIT. D,36
PRIMER  SEMESTRE DE 2021,CIENCIAS DE LA EDUCACION,"LICENCIATURA EN EDUCACION BASICA CON ENFASIS EN MATEMATICAS, HUMANIDADES Y LENGUA CASTELLANA",Otra,Distancia,TUNJA,C.C.,1997-04-17,F,2,PERDIO CUPO A130/98 ART. 80 LIT. D,TUNJA,TUNJA,LIT. D,27
PRIMER  SEMESTRE DE 2021,CIENCIAS DE LA EDUCACION,"LICENCIATURA EN EDUCACION BASICA CON ENFASIS EN MATEMATICAS, HUMANIDADES Y LENGUA CASTELLANA",Otra,Distancia,TUNJA,C.C.,1997-12-03,F,SIN INFORMACIÓN,PERDIO CUPO A130/98 ART. 80 LIT. D,VILLAPINZÓN,CHOCONTÁ,LIT. D,27
PRIMER  SEMESTRE DE 2021,CIENCIAS DE LA EDUCACION,"LICENCIATURA EN EDUCACION BASICA CON ENFASIS EN MATEMATICAS, HUMANIDADES Y LENGUA CASTELLANA",Otra,Distancia,TUNJA,C.C.,1986-07-27,F,2,PERDIO CUPO A130/98 ART. 80 LIT. D,TIBANÁ,TIBANÁ,LIT. D,38
PRIMER  SEMESTRE DE 2021,CIENCIAS DE LA EDUCACION,"LICENCIATURA EN EDUCACION BASICA CON ENFASIS EN MATEMATICAS, HUMANIDADES Y LENGUA CASTELLANA",Otra,Distancia,CHIQUINQUIRA,C.C.,1997-03-27,F,1,PERDIO CUPO A130/98 ART.80 LIT. E,LA BELLEZA,LA BELLEZA,LIT. E,27
PRIMER  SEMESTRE DE 2021,CIENCIAS DE LA EDUCACION,"LICENCIATURA EN EDUCACION BASICA CON ENFASIS EN MATEMATICAS, HUMANIDADES Y LENGUA CASTELLANA",Otra,Distancia,CHIQUINQUIRA,C.C.,1998-01-14,M,2,PERDIO CUPO A130/98 ART.80 LIT. E,CHIQUINQUIRÁ,TUNJA,LIT. E,26
PRIMER  SEMESTRE DE 2021,CIENCIAS DE LA EDUCACION,"LICENCIATURA EN EDUCACION BASICA CON ENFASIS EN MATEMATICAS, HUMANIDADES Y LENGUA CASTELLANA",Otra,Distancia,CHIQUINQUIRA,C.C.,1996-12-26,F,1,PERDIO CUPO A130/98 ART.80 LIT. E,SAN PABLO DE BORBUR,CHIQUINQUIRÁ,LIT. E,28
PRIMER  SEMESTRE DE 2021,CIENCIAS DE LA EDUCACION,"LICENCIATURA EN EDUCACION BASICA CON ENFASIS EN MATEMATICAS, HUMANIDADES Y LENGUA CASTELLANA",Otra,Distancia,CHIQUINQUIRA,C.C.,1994-11-28,F,1,PERDIO CUPO A130/98 ART. 80 LIT. D,BOGOTA D.E,CHIQUINQUIRÁ,LIT. D,30
PRIMER  SEMESTRE DE 2021,CIENCIAS DE LA EDUCACION,"LICENCIATURA EN EDUCACION BASICA CON ENFASIS EN MATEMATICAS, HUMANIDADES Y LENGUA CASTELLANA",Otra,Distancia,CHIQUINQUIRA,C.C.,1991-09-15,F,SIN INFORMACIÓN,PERDIO CUPO A130/98 ART.80 LIT. E,ALBANIA,ALBANIA,LIT. E,33
PRIMER  SEMESTRE DE 2021,CIENCIAS DE LA EDUCACION,"LICENCIATURA EN EDUCACION BASICA CON ENFASIS EN MATEMATICAS, HUMANIDADES Y LENGUA CASTELLANA",Otra,Distancia,SOGAMOSO,C.C.,1995-12-19,F,2,PERDIO CUPO A130/98 ART. 80 LIT. D,GAMEZA,GAMEZA,LIT. D,29
PRIMER  SEMESTRE DE 2021,CIENCIAS DE LA EDUCACION,"LICENCIATURA EN EDUCACION BASICA CON ENFASIS EN MATEMATICAS, HUMANIDADES Y LENGUA CASTELLANA",Otra,Distancia,SOATA,C.C.,1995-12-30,F,1,PERDIO CUPO A130/98 ART.80 LIT. E,SAN MATEO,SOATÁ,LIT. E,29
PRIMER  SEMESTRE DE 2021,CIENCIAS DE LA EDUCACION,"LICENCIATURA EN EDUCACION BASICA CON ENFASIS EN MATEMATICAS, HUMANIDADES Y LENGUA CASTELLANA",Otra,Distancia,YOPAL,C.C.,1987-02-08,F,2,PERDIO CUPO A130/98 ART.80 LIT. E,BOGOTA D.E,AGUAZUL,LIT. E,37
PRIMER  SEMESTRE DE 2021,CIENCIAS DE LA EDUCACION,"LICENCIATURA EN EDUCACION BASICA CON ENFASIS EN MATEMATICAS, HUMANIDADES Y LENGUA CASTELLANA",Otra,Distancia,YOPAL,C.C.,1985-11-08,F,SIN INFORMACIÓN,PERDIO CUPO A130/98 ART. 80 LIT. D,PORE,TRINIDAD,LIT. D,39
PRIMER  SEMESTRE DE 2021,CIENCIAS DE LA EDUCACION,"LICENCIATURA EN EDUCACION BASICA CON ENFASIS EN MATEMATICAS, HUMANIDADES Y LENGUA CASTELLANA",Otra,Distancia,YOPAL,C.C.,1990-06-20,F,1,PERDIO CUPO A130/98 ART.80 LIT. E,YOPAL,YOPAL,LIT. E,34
PRIMER  SEMESTRE DE 2021,CIENCIAS DE LA EDUCACION,"LICENCIATURA EN EDUCACION BASICA CON ENFASIS EN MATEMATICAS, HUMANIDADES Y LENGUA CASTELLANA",Otra,Distancia,COGUA,C.C.,1983-01-17,M,SIN INFORMACIÓN,PERDIO CUPO A130/98 ART. 80 LIT. D,CHÍA,CHÍA,LIT. D,41
PRIMER  SEMESTRE DE 2021,CIENCIAS DE LA EDUCACION,"LICENCIATURA EN EDUCACION BASICA CON ENFASIS EN MATEMATICAS, HUMANIDADES Y LENGUA CASTELLANA",Otra,Distancia,DUITAMA,C.C.,1984-11-16,F,2,PERDIO CUPO A130/98 ART. 80 LIT. D,BELÉN,BELÉN,LIT. D,40
PRIMER  SEMESTRE DE 2021,CIENCIAS DE LA EDUCACION,"LICENCIATURA EN EDUCACION BASICA CON ENFASIS EN MATEMATICAS, HUMANIDADES Y LENGUA CASTELLANA",Otra,Distancia,QUETAME,C.C.,1971-08-14,F,2,PERDIO CUPO A130/98 ART.80 LIT. E,CAQUEZA,VILLAVICENCIO,LIT. E,53
PRIMER  SEMESTRE DE 2021,CIENCIAS DE LA EDUCACION,"LICENCIATURA EN EDUCACION BASICA CON ENFASIS EN MATEMATICAS, HUMANIDADES Y LENGUA CASTELLANA",Otra,Distancia,LETICIA,C.C.,1984-12-18,M,SIN INFORMACIÓN,PERDIO CUPO A130/98 ART. 80 LIT. B,LETICIA,LETICIA,LIT. B,40
PRIMER  SEMESTRE DE 2021,CIENCIAS DE LA EDUCACION,LICENCIATURA EN EDUCACION BASICA PRIMARIA,Extendida,Distancia,TUNJA,C.C.,2001-08-28,F,2,PERDIO CUPO A130/98 ART. 80 LIT. C,BOGOTÁ D.C.,VILLANUEVA,LIT. C,23
PRIMER  SEMESTRE DE 2021,CIENCIAS DE LA EDUCACION,LICENCIATURA EN EDUCACION BASICA PRIMARIA,Extendida,Distancia,TUNJA,C.C.,2000-02-05,F,1,PERDIO CUPO A130/98 ART. 80 LIT. C,VILLAPINZÓN,VILLAPINZÓN,LIT. C,24
PRIMER  SEMESTRE DE 2021,CIENCIAS DE LA EDUCACION,LICENCIATURA EN EDUCACION BASICA PRIMARIA,Extendida,Distancia,TUNJA,T.I.,2001-11-06,F,1,PERDIO CUPO A130/98 ART. 80 LIT. C,SOATÁ,SUSACÓN,LIT. C,23
PRIMER  SEMESTRE DE 2021,CIENCIAS DE LA EDUCACION,LICENCIATURA EN EDUCACION BASICA PRIMARIA,Extendida,Distancia,SOGAMOSO,C.C.,1990-10-26,F,2,PERDIO CUPO A130/98 ART. 80 LIT. D,SOGAMOSO,SOGAMOSO,LIT. D,34
PRIMER  SEMESTRE DE 2021,CIENCIAS DE LA EDUCACION,LICENCIATURA EN EDUCACION BASICA PRIMARIA,Extendida,Distancia,SOGAMOSO,C.C.,1996-04-07,F,2,PERDIO CUPO A130/98 ART. 80 LIT. B,SOGAMOSO,SOGAMOSO,LIT. B,28
PRIMER  SEMESTRE DE 2021,CIENCIAS DE LA EDUCACION,LICENCIATURA EN EDUCACION BASICA PRIMARIA,Extendida,Distancia,SOGAMOSO,C.C.,2000-07-25,F,1,PERDIO CUPO A130/98 ART. 80 LIT. B,PORE,PORE,LIT. B,24
PRIMER  SEMESTRE DE 2021,CIENCIAS DE LA EDUCACION,LICENCIATURA EN EDUCACION BASICA PRIMARIA,Extendida,Distancia,SOGAMOSO,C.C.,2000-11-24,F,2,PERDIO CUPO A130/98 ART. 80 LIT. B,SOGAMOSO,SOGAMOSO,LIT. B,24
PRIMER  SEMESTRE DE 2021,CIENCIAS DE LA EDUCACION,LICENCIATURA EN EDUCACION BASICA PRIMARIA,Extendida,Distancia,CHIQUINQUIRA,C.C.,1992-10-29,F,3,PERDIO CUPO A130/98 ART. 80 LIT. C,PUENTE NACIONAL,PUENTE NACIONAL,LIT. C,32
PRIMER  SEMESTRE DE 2021,CIENCIAS DE LA SALUD,PSICOLOGIA,Diurna,Presencial,TUNJA,C.C.,2000-09-23,M,2,PERDIO CUPO A130/98 ART. 80 LIT. C,CHAMEZA,CHAMEZA,LIT. C,24
PRIMER  SEMESTRE DE 2021,CIENCIAS DE LA SALUD,PSICOLOGIA,Diurna,Presencial,TUNJA,C.C.,1996-06-27,M,3,PERDIO CUPO A130/98 ART. 80 LIT. B,DUITAMA,TUNJA,LIT. B,28
PRIMER  SEMESTRE DE 2021,CIENCIAS DE LA SALUD,PSICOLOGIA,Diurna,Presencial,TUNJA,C.C.,1996-12-22,M,1,PERDIO CUPO A130/98 ART. 80 LIT. B,RAMIRIQUÍ,RAMIRIQUÍ,LIT. B,28
PRIMER  SEMESTRE DE 2021,CIENCIAS DE LA SALUD,PSICOLOGIA,Diurna,Presencial,TUNJA,C.C.,1996-03-19,M,1,PERDIO CUPO A130/98 ART.80 LIT. E,TUNJA,TUNJA,LIT. E,28
PRIMER  SEMESTRE DE 2021,CIENCIAS DE LA SALUD,PSICOLOGIA,Diurna,Presencial,TUNJA,T.I.,2001-03-20,M,2,PERDIO CUPO A130/98 ART. 80 LIT. D,DUITAMA,DUITAMA,LIT. D,23
PRIMER  SEMESTRE DE 2021,CIENCIAS DE LA SALUD,PSICOLOGIA,Diurna,Presencial,TUNJA,C.C.,1998-04-04,M,3,PERDIO CUPO A130/98 ART. 80 LIT. C,DUITAMA,DUITAMA,LIT. C,26
PRIMER  SEMESTRE DE 2021,CIENCIAS DE LA SALUD,PSICOLOGIA,Diurna,Presencial,TUNJA,C.C.,1999-11-06,M,2,PERDIO CUPO A130/98 ART.80 LIT. E,DUITAMA,DUITAMA,LIT. E,25
PRIMER  SEMESTRE DE 2021,CIENCIAS DE LA SALUD,ENFERMERIA,Diurna,Presencial,TUNJA,C.C.,1990-04-12,M,1,PERDIO CUPO A130/98 ART. 80 LIT. C,TUNJA,TUNJA,LIT. C,34
PRIMER  SEMESTRE DE 2021,CIENCIAS ECONOMICAS Y ADMINISTRATIVAS,ECONOMIA,Diurna,Presencial,TUNJA,C.C.,2001-05-10,M,2,PERDIO CUPO A130/98 ART. 80 LIT. C,BUCARAMANGA,BUCARAMANGA,LIT. C,23
PRIMER  SEMESTRE DE 2021,CIENCIAS ECONOMICAS Y ADMINISTRATIVAS,ECONOMIA,Diurna,Presencial,TUNJA,C.C.,1998-04-25,M,2,PERDIO CUPO A130/98 ART. 80 LIT. D,DUITAMA,DUITAMA,LIT. D,26
PRIMER  SEMESTRE DE 2021,CIENCIAS ECONOMICAS Y ADMINISTRATIVAS,ECONOMIA,Diurna,Presencial,TUNJA,C.C.,1999-05-15,M,2,PERDIO CUPO A130/98 ART. 80 LIT. C,ARAUCA,ARAUCA,LIT. C,25
PRIMER  SEMESTRE DE 2021,CIENCIAS ECONOMICAS Y ADMINISTRATIVAS,ECONOMIA,Diurna,Presencial,TUNJA,C.C.,1998-08-11,M,3,PERDIO CUPO A130/98 ART. 80 LIT. B,YOPAL,YOPAL,LIT. B,26
PRIMER  SEMESTRE DE 2021,CIENCIAS ECONOMICAS Y ADMINISTRATIVAS,ECONOMIA,Diurna,Presencial,TUNJA,C.C.,1997-04-02,F,1,PERDIO CUPO A130/98 ART. 80 LIT. C,MONTERREY,MONTERREY,LIT. C,27
PRIMER  SEMESTRE DE 2021,CIENCIAS ECONOMICAS Y ADMINISTRATIVAS,ECONOMIA,Nocturna,Presencial,TUNJA,C.C.,2000-02-04,M,2,PERDIO CUPO A130/98 ART. 80 LIT. C,TUNJA,TUNJA,LIT. C,24
PRIMER  SEMESTRE DE 2021,CIENCIAS ECONOMICAS Y ADMINISTRATIVAS,ECONOMIA,Nocturna,Presencial,TUNJA,C.C.,1999-12-31,M,2,PERDIO CUPO A130/98 ART. 80 LIT. C,PAIPA,PAIPA,LIT. C,25
PRIMER  SEMESTRE DE 2021,CIENCIAS ECONOMICAS Y ADMINISTRATIVAS,ECONOMIA,Nocturna,Presencial,TUNJA,C.C.,1989-10-20,F,2,PERDIO CUPO A130/98 ART. 80 LIT. D,TUNJA,TUNJA,LIT. D,35
PRIMER  SEMESTRE DE 2021,CIENCIAS ECONOMICAS Y ADMINISTRATIVAS,ECONOMIA,Nocturna,Presencial,TUNJA,C.C.,1994-10-10,M,2,PERDIO CUPO A130/98 ART.80 LIT. E,SOGAMOSO,SOGAMOSO,LIT. E,30
PRIMER  SEMESTRE DE 2021,CIENCIAS ECONOMICAS Y ADMINISTRATIVAS,ECONOMIA,Nocturna,Presencial,TUNJA,C.C.,1983-05-18,F,2,PERDIO CUPO A130/98 ART.80 LIT. E,PAIPA,TUNJA,LIT. E,41
PRIMER  SEMESTRE DE 2021,CIENCIAS ECONOMICAS Y ADMINISTRATIVAS,ECONOMIA,Nocturna,Presencial,TUNJA,C.C.,1993-01-20,M,2,PERDIO CUPO A130/98 ART.80 LIT. E,TUNJA,TUNJA,LIT. E,31
PRIMER  SEMESTRE DE 2021,CIENCIAS ECONOMICAS Y ADMINISTRATIVAS,ECONOMIA,Nocturna,Presencial,TUNJA,C.C.,1996-11-21,M,1,PERDIO CUPO A130/98 ART.80 LIT. E,TUNJA,TUNJA,LIT. E,28
PRIMER  SEMESTRE DE 2021,CIENCIAS ECONOMICAS Y ADMINISTRATIVAS,ECONOMIA,Nocturna,Presencial,TUNJA,C.C.,1992-12-16,M,2,PERDIO CUPO A130/98 ART.80 LIT. E,TUNJA,TUNJA,LIT. E,32
PRIMER  SEMESTRE DE 2021,CIENCIAS ECONOMICAS Y ADMINISTRATIVAS,ECONOMIA,Nocturna,Presencial,TUNJA,T.I.,2000-10-13,M,1,PERDIO CUPO A130/98 ART. 80 LIT. D,TUNJA,PAIPA,LIT. D,24
PRIMER  SEMESTRE DE 2021,CIENCIAS ECONOMICAS Y ADMINISTRATIVAS,ECONOMIA,Nocturna,Presencial,TUNJA,C.C.,1999-09-30,M,2,PERDIO CUPO A130/98 ART. 80 LIT. D,FIRAVITOBA,FIRAVITOBA,LIT. D,25
PRIMER  SEMESTRE DE 2021,CIENCIAS ECONOMICAS Y ADMINISTRATIVAS,ECONOMIA,Nocturna,Presencial,TUNJA,C.C.,1990-01-22,F,SIN INFORMACIÓN,PERDIO CUPO A130/98 ART.80 LIT. E,TUNJA,TUNJA,LIT. E,34
PRIMER  SEMESTRE DE 2021,CIENCIAS ECONOMICAS Y ADMINISTRATIVAS,ECONOMIA,Nocturna,Presencial,TUNJA,C.C.,1996-06-04,M,3,PERDIO CUPO A130/98 ART.80 LIT. E,TUNJA,TUNJA,LIT. E,28
PRIMER  SEMESTRE DE 2021,CIENCIAS ECONOMICAS Y ADMINISTRATIVAS,ECONOMIA,Nocturna,Presencial,TUNJA,C.C.,1995-10-11,M,2,PERDIO CUPO A130/98 ART. 80 LIT. C,TUNJA,TUNJA,LIT. C,29
PRIMER  SEMESTRE DE 2021,CIENCIAS ECONOMICAS Y ADMINISTRATIVAS,ECONOMIA,Nocturna,Presencial,TUNJA,C.C.,1984-11-30,M,2,PERDIO CUPO A130/98 ART.80 LIT. E,TUNJA,TUNJA,LIT. E,40
PRIMER  SEMESTRE DE 2021,CIENCIAS ECONOMICAS Y ADMINISTRATIVAS,ECONOMIA,Nocturna,Presencial,TUNJA,C.C.,2000-09-28,M,2,PERDIO CUPO A130/98 ART. 80 LIT. B,YOPAL,YOPAL,LIT. B,24
PRIMER  SEMESTRE DE 2021,CIENCIAS ECONOMICAS Y ADMINISTRATIVAS,ADMINISTRACION DE EMPRESAS,Diurna,Presencial,TUNJA,C.C.,1999-12-28,M,2,PERDIO CUPO A130/98 ART. 80 LIT. D,DUITAMA,DUITAMA,LIT. D,25
PRIMER  SEMESTRE DE 2021,CIENCIAS ECONOMICAS Y ADMINISTRATIVAS,ADMINISTRACION DE EMPRESAS,Diurna,Presencial,TUNJA,C.C.,1999-12-06,F,3,PERDIO CUPO A130/98 ART. 80 LIT. B,ELÍAS,PAIPA,LIT. B,25
PRIMER  SEMESTRE DE 2021,CIENCIAS ECONOMICAS Y ADMINISTRATIVAS,ADMINISTRACION DE EMPRESAS,Diurna,Presencial,TUNJA,T.I.,2001-12-10,F,3,PERDIO CUPO A130/98 ART.80 LIT. E,TUNJA,TUNJA,LIT. E,23
PRIMER  SEMESTRE DE 2021,CIENCIAS ECONOMICAS Y ADMINISTRATIVAS,ADMINISTRACION DE EMPRESAS,Diurna,Presencial,TUNJA,C.C.,2000-05-19,M,2,PERDIO CUPO A130/98 ART. 80 LIT. C,TUNJA,TUNJA,LIT. C,24
PRIMER  SEMESTRE DE 2021,CIENCIAS ECONOMICAS Y ADMINISTRATIVAS,ADMINISTRACION DE EMPRESAS,Diurna,Presencial,TUNJA,C.C.,1994-07-10,M,1,PERDIO CUPO A130/98 ART. 80 LIT. C,DUITAMA,DUITAMA,LIT. C,30
PRIMER  SEMESTRE DE 2021,CIENCIAS ECONOMICAS Y ADMINISTRATIVAS,ADMINISTRACION DE EMPRESAS,Nocturna,Presencial,TUNJA,C.C.,1996-07-10,M,1,PERDIO CUPO A130/98 ART. 80 LIT. C,GUAMAL,BOGOTÁ D.C.,LIT. C,28
PRIMER  SEMESTRE DE 2021,CIENCIAS ECONOMICAS Y ADMINISTRATIVAS,ADMINISTRACION DE EMPRESAS,Nocturna,Presencial,TUNJA,C.C.,1998-06-22,M,1,PERDIO CUPO A130/98 ART. 80 LIT. C,TUNJA,TUNJA,LIT. C,26
PRIMER  SEMESTRE DE 2021,CIENCIAS ECONOMICAS Y ADMINISTRATIVAS,ADMINISTRACION DE EMPRESAS,Nocturna,Presencial,TUNJA,C.C.,1997-01-15,F,3,PERDIO CUPO A130/98 ART. 80 LIT. B,TUNJA,TUNJA,LIT. B,27
PRIMER  SEMESTRE DE 2021,CIENCIAS ECONOMICAS Y ADMINISTRATIVAS,ADMINISTRACION DE EMPRESAS,Nocturna,Presencial,TUNJA,C.C.,2000-05-09,M,2,PERDIO CUPO A130/98 ART. 80 LIT. D,TUNJA,TUNJA,LIT. D,24
PRIMER  SEMESTRE DE 2021,CIENCIAS ECONOMICAS Y ADMINISTRATIVAS,ADMINISTRACION DE EMPRESAS,Nocturna,Presencial,TUNJA,C.C.,1995-08-14,M,1,PERDIO CUPO A130/98 ART. 80 LIT. D,SAMACÁ,SAMACÁ,LIT. D,29
PRIMER  SEMESTRE DE 2021,CIENCIAS ECONOMICAS Y ADMINISTRATIVAS,ADMINISTRACION DE EMPRESAS,Nocturna,Presencial,TUNJA,C.C.,2001-12-17,F,4,PERDIO CUPO A130/98 ART.80 LIT. E,TUNJA,TUNJA,LIT. E,23
PRIMER  SEMESTRE DE 2021,CIENCIAS ECONOMICAS Y ADMINISTRATIVAS,ADMINISTRACION DE EMPRESAS,Nocturna,Presencial,TUNJA,C.C.,1994-02-25,F,3,PERDIO CUPO A130/98 ART. 80 LIT. C,TUNJA,TUNJA,LIT. C,30
PRIMER  SEMESTRE DE 2021,CIENCIAS ECONOMICAS Y ADMINISTRATIVAS,ADMINISTRACION DE EMPRESAS,Nocturna,Presencial,TUNJA,C.C.,1998-11-22,M,SIN INFORMACIÓN,PERDIO CUPO A130/98 ART. 80 LIT. C,TUNJA,TUNJA,LIT. C,26
PRIMER  SEMESTRE DE 2021,CIENCIAS ECONOMICAS Y ADMINISTRATIVAS,ADMINISTRACION DE EMPRESAS,Nocturna,Presencial,TUNJA,C.C.,1992-09-03,M,1,PERDIO CUPO A130/98 ART. 80 LIT. D,MONIQUIRÁ,BARBOSA,LIT. D,32
PRIMER  SEMESTRE DE 2021,CIENCIAS ECONOMICAS Y ADMINISTRATIVAS,ADMINISTRACION DE EMPRESAS,Nocturna,Presencial,TUNJA,C.C.,1999-04-02,M,1,PERDIO CUPO A130/98 ART. 80 LIT. C,BOGOTA D.E,VILLANUEVA,LIT. C,25
PRIMER  SEMESTRE DE 2021,CIENCIAS ECONOMICAS Y ADMINISTRATIVAS,CONTADURIA PUBLICA,Nocturna,Presencial,TUNJA,C.C.,1999-10-08,F,3,PERDIO CUPO A130/98 ART. 80 LIT. B,TUNJA,BOGOTA D.E,LIT. B,25
PRIMER  SEMESTRE DE 2021,CIENCIAS ECONOMICAS Y ADMINISTRATIVAS,CONTADURIA PUBLICA,Nocturna,Presencial,TUNJA,T.I.,2002-09-15,F,1,PERDIO CUPO A130/98 ART. 80 LIT. B,CAMPOHERMOSO,CAMPOHERMOSO,LIT. B,22
PRIMER  SEMESTRE DE 2021,CIENCIAS ECONOMICAS Y ADMINISTRATIVAS,CONTADURIA PUBLICA,Nocturna,Presencial,TUNJA,T.I.,2002-08-31,M,2,PERDIO CUPO A130/98 ART. 80 LIT. B,YOPAL,TAME,LIT. B,22
PRIMER  SEMESTRE DE 2021,CIENCIAS ECONOMICAS Y ADMINISTRATIVAS,CONTADURIA PUBLICA,Nocturna,Presencial,TUNJA,C.C.,2000-01-18,F,1,PERDIO CUPO A130/98 ART.80 LIT. E,TUNJA,TUNJA,LIT. E,24
PRIMER  SEMESTRE DE 2021,CIENCIAS ECONOMICAS Y ADMINISTRATIVAS,CONTADURIA PUBLICA,Nocturna,Presencial,TUNJA,C.C.,1999-05-21,F,1,PERDIO CUPO A130/98 ART. 80 LIT. B,YOPAL,YOPAL,LIT. B,25
PRIMER  SEMESTRE DE 2021,CIENCIAS ECONOMICAS Y ADMINISTRATIVAS,CONTADURIA PUBLICA,Nocturna,Presencial,TUNJA,C.C.,1992-07-26,M,2,PERDIO CUPO A130/98 ART.80 LIT. E,TUNJA,TUNJA,LIT. E,32
PRIMER  SEMESTRE DE 2021,CIENCIAS ECONOMICAS Y ADMINISTRATIVAS,CONTADURIA PUBLICA,Nocturna,Presencial,TUNJA,C.C.,1992-07-18,F,2,PERDIO CUPO A130/98 ART. 80 LIT. D,SAMACÁ,SAMACÁ,LIT. D,32
PRIMER  SEMESTRE DE 2021,CIENCIAS ECONOMICAS Y ADMINISTRATIVAS,CONTADURIA PUBLICA,Nocturna,Presencial,TUNJA,C.C.,1995-06-28,F,2,PERDIO CUPO A130/98 ART. 80 LIT. D,TUNJA,TUNJA,LIT. D,29
PRIMER  SEMESTRE DE 2021,CIENCIAS ECONOMICAS Y ADMINISTRATIVAS,CONTADURIA PUBLICA,Nocturna,Presencial,TUNJA,C.C.,1995-05-23,M,1,PERDIO CUPO A130/98 ART.80 LIT. E,GUAMAL,CASTILLA LA NUEVA,LIT. E,29
PRIMER  SEMESTRE DE 2021,CIENCIAS ECONOMICAS Y ADMINISTRATIVAS,CONTADURIA PUBLICA,Nocturna,Presencial,TUNJA,C.C.,1997-02-06,M,1,PERDIO CUPO A130/98 ART.80 LIT. E,VÉLEZ,VÉLEZ,LIT. E,27
PRIMER  SEMESTRE DE 2021,CIENCIAS ECONOMICAS Y ADMINISTRATIVAS,CONTADURIA PUBLICA,Nocturna,Presencial,TUNJA,C.C.,1997-03-30,M,2,PERDIO CUPO A130/98 ART. 80 LIT. C,VILLA DE LEYVA,VILLA DE LEYVA,LIT. C,27
PRIMER  SEMESTRE DE 2021,CIENCIAS ECONOMICAS Y ADMINISTRATIVAS,CONTADURIA PUBLICA,Nocturna,Presencial,TUNJA,T.I.,2002-01-29,M,1,PERDIO CUPO A130/98 ART. 80 LIT. C,ARCABUCO,ARCABUCO,LIT. C,22
PRIMER  SEMESTRE DE 2021,CIENCIAS ECONOMICAS Y ADMINISTRATIVAS,CONTADURIA PUBLICA,Nocturna,Presencial,TUNJA,C.C.,1992-11-19,M,2,PERDIO CUPO A130/98 ART. 80 LIT. B,TUNJA,TUNJA,LIT. B,32
PRIMER  SEMESTRE DE 2021,CIENCIAS ECONOMICAS Y ADMINISTRATIVAS,CONTADURIA PUBLICA,Nocturna,Presencial,TUNJA,C.C.,2000-07-27,M,2,PERDIO CUPO A130/98 ART. 80 LIT. C,TUNJA,TUNJA,LIT. C,24
PRIMER  SEMESTRE DE 2021,CIENCIAS ECONOMICAS Y ADMINISTRATIVAS,ESPECIALIZACION EN GERENCIA TRIBUTARIA,Otra,Presencial,TUNJA,C.C.,1995-04-28,F,SIN INFORMACIÓN,PERDIO CUPO A 052/2012  ART 15 LIT.A.,TUNJA,TUNJA,LIT. A,29
PRIMER  SEMESTRE DE 2021,CIENCIAS ECONOMICAS Y ADMINISTRATIVAS,MAESTRIA EN ECONOMIA,Otra,Presencial,TUNJA,C.C.,1993-03-24,M,SIN INFORMACIÓN,PERDIO CUPO A 052/2012  ART 15 LIT.A.,BOGOTA D.E,GACHANTIVÁ,LIT. A,31
PRIMER  SEMESTRE DE 2021,CIENCIAS ECONOMICAS Y ADMINISTRATIVAS,MAESTRIA EN FINANZAS,Extendida,Presencial,TUNJA,C.C.,1971-02-02,F,SIN INFORMACIÓN,PERDIO CUPO A 052/2012  ART 15 LIT.A.,SAN EDUARDO,MIRAFLORES,LIT. A,53
PRIMER  SEMESTRE DE 2021,CIENCIAS ECONOMICAS Y ADMINISTRATIVAS,MAESTRIA EN FINANZAS,Extendida,Presencial,TUNJA,C.C.,1991-02-26,F,SIN INFORMACIÓN,PERDIO CUPO A 052/2012  ART 15 LIT.A.,PAZ DE RÍO,PAZ DE RÍO,LIT. A,33
PRIMER  SEMESTRE DE 2021,DERECHO Y CIENCIAS  SOCIALES,DERECHO,Diurna,Presencial,TUNJA,C.C.,2002-12-03,M,2,PERDIO CUPO A130/98 ART. 80 LIT. B,TAURAMENA,TAURAMENA,LIT. B,22
PRIMER  SEMESTRE DE 2021,DERECHO Y CIENCIAS  SOCIALES,DERECHO,Diurna,Presencial,TUNJA,T.I.,2002-02-21,M,2,PERDIO CUPO A130/98 ART. 80 LIT. C,ZIPAQUIRÁ,VILLANUEVA,LIT. C,22
PRIMER  SEMESTRE DE 2021,DERECHO Y CIENCIAS  SOCIALES,DERECHO,Diurna,Presencial,TUNJA,C.C.,1985-09-12,M,2,PERDIO CUPO A130/98 ART. 80 LIT. D,SOGAMOSO,SOGAMOSO,LIT. D,39
PRIMER  SEMESTRE DE 2021,DERECHO Y CIENCIAS  SOCIALES,DERECHO,Diurna,Presencial,TUNJA,C.C.,2000-10-21,M,2,PERDIO CUPO A130/98 ART. 80 LIT. C,CHIQUINQUIRÁ,CHIQUINQUIRÁ,LIT. C,24
PRIMER  SEMESTRE DE 2021,DERECHO Y CIENCIAS  SOCIALES,DERECHO,Diurna,Presencial,TUNJA,C.C.,1980-03-14,M,2,PERDIO CUPO A130/98 ART.80 LIT. E,BOGOTÁ D.C.,BOGOTÁ D.C.,LIT. E,44
PRIMER  SEMESTRE DE 2021,DERECHO Y CIENCIAS  SOCIALES,DERECHO,Extendida,Presencial,AGUAZUL,C.C.,1999-09-01,M,2,PERDIO CUPO A130/98 ART. 80 LIT. D,SOGAMOSO,YOPAL,LIT. D,25
PRIMER  SEMESTRE DE 2021,DERECHO Y CIENCIAS  SOCIALES,DERECHO,Extendida,Presencial,AGUAZUL,C.C.,2002-06-28,M,2,PERDIO CUPO A130/98 ART. 80 LIT. C,SOGAMOSO,SOGAMOSO,LIT. C,22
PRIMER  SEMESTRE DE 2021,DERECHO Y CIENCIAS  SOCIALES,DERECHO,Extendida,Presencial,AGUAZUL,C.C.,1995-11-19,F,2,PERDIO CUPO A130/98 ART. 80 LIT. D,YOPAL,YOPAL,LIT. D,29
PRIMER  SEMESTRE DE 2021,ESTUDIOS A DISTANCIA,ESPECIALIZACION EN GERENCIA DE EMPRESAS DE SALUD,Otra,Virtual,TUNJA,C.C.,1993-06-30,F,SIN INFORMACIÓN,PERDIO CUPO A 052/2012  ART 15 LIT.A.,TAME,ACACÍAS,LIT. A,31
PRIMER  SEMESTRE DE 2021,ESTUDIOS A DISTANCIA,ESPECIALIZACION EN ALTA GERENCIA DE EMPRESAS,Otra,Virtual,TUNJA,C.C.,1986-06-25,M,SIN INFORMACIÓN,PERDIO CUPO A 052/2012  ART 15 LIT.B.,SOGAMOSO,SOGAMOSO,LIT. B,38
PRIMER  SEMESTRE DE 2021,ESTUDIOS A DISTANCIA,ESPECIALIZACION EN ALTA GERENCIA DE EMPRESAS,Otra,Virtual,TUNJA,C.C.,1992-12-06,F,SIN INFORMACIÓN,PERDIO CUPO A 052/2012  ART 15 LIT.B.,VILLAVICENCIO,ACACÍAS,LIT. B,32
PRIMER  SEMESTRE DE 2021,ESTUDIOS A DISTANCIA,MAESTRIA EN DIDACTICA DE LA MATEMATICA,Extendida,Virtual,TUNJA,C.C.,1985-06-10,M,SIN INFORMACIÓN,PERDIO CUPO A 052/2012  ART 15 LIT.B.,PEREIRA,PEREIRA,LIT. B,39
PRIMER  SEMESTRE DE 2021,ESTUDIOS A DISTANCIA,MAESTRIA EN DIDACTICA DE LA MATEMATICA,Extendida,Virtual,TUNJA,C.C.,1995-03-17,F,SIN INFORMACIÓN,PERDIO CUPO A 052/2012  ART 15 LIT.A.,TUNJA,TUNJA,LIT. A,29
PRIMER  SEMESTRE DE 2021,ESTUDIOS A DISTANCIA,TECNOLOGIA EN OBRAS CIVILES,Otra,Distancia,TUNJA,C.C.,1997-04-07,M,2,PERDIO CUPO A130/98 ART. 80 LIT. D,SIACHOQUE,SIACHOQUE,LIT. D,27
PRIMER  SEMESTRE DE 2021,ESTUDIOS A DISTANCIA,TECNOLOGIA EN OBRAS CIVILES,Otra,Distancia,TUNJA,C.C.,1999-12-13,M,2,PERDIO CUPO A130/98 ART. 80 LIT. B,TUNJA,TUNJA,LIT. B,25
PRIMER  SEMESTRE DE 2021,ESTUDIOS A DISTANCIA,TECNOLOGIA EN OBRAS CIVILES,Otra,Distancia,TUNJA,C.C.,1998-01-29,M,SIN INFORMACIÓN,PERDIO CUPO A130/98 ART. 80 LIT. C,LA VEGA,VILLAPINZÓN,LIT. C,26
PRIMER  SEMESTRE DE 2021,ESTUDIOS A DISTANCIA,TECNOLOGIA EN OBRAS CIVILES,Otra,Distancia,TUNJA,C.C.,1991-01-22,M,1,PERDIO CUPO A130/98 ART. 80 LIT. B,ALBANIA,ALBANIA,LIT. B,33
PRIMER  SEMESTRE DE 2021,ESTUDIOS A DISTANCIA,TECNOLOGIA EN OBRAS CIVILES,Otra,Distancia,TUNJA,C.C.,2000-06-19,M,2,PERDIO CUPO A130/98 ART. 80 LIT. B,BERBEO,BERBEO,LIT. B,24
PRIMER  SEMESTRE DE 2021,ESTUDIOS A DISTANCIA,TECNOLOGIA EN OBRAS CIVILES,Otra,Distancia,TUNJA,C.C.,1998-12-28,M,2,PERDIO CUPO A130/98 ART. 80 LIT. B,MONIQUIRÁ,MONIQUIRÁ,LIT. B,26
PRIMER  SEMESTRE DE 2021,ESTUDIOS A DISTANCIA,TECNOLOGIA EN OBRAS CIVILES,Otra,Distancia,TUNJA,C.C.,1994-08-08,M,2,PERDIO CUPO A130/98 ART. 80 LIT. C,TUNJA,TUNJA,LIT. C,30
PRIMER  SEMESTRE DE 2021,ESTUDIOS A DISTANCIA,TECNOLOGIA EN OBRAS CIVILES,Otra,Distancia,TUNJA,C.C.,2000-03-27,F,1,PERDIO CUPO A130/98 ART. 80 LIT. B,CHIQUINQUIRÁ,CHIQUINQUIRÁ,LIT. B,24
PRIMER  SEMESTRE DE 2021,ESTUDIOS A DISTANCIA,TECNOLOGIA EN OBRAS CIVILES,Otra,Distancia,TUNJA,C.C.,1979-09-19,M,1,PERDIO CUPO A130/98 ART. 80 LIT. B,TUNJA,TUNJA,LIT. B,45
PRIMER  SEMESTRE DE 2021,ESTUDIOS A DISTANCIA,TECNOLOGIA EN OBRAS CIVILES,Otra,Distancia,TUNJA,C.C.,1994-09-18,M,1,PERDIO CUPO A130/98 ART. 80 LIT. C,TUNJA,TUNJA,LIT. C,30
PRIMER  SEMESTRE DE 2021,ESTUDIOS A DISTANCIA,TECNOLOGIA EN OBRAS CIVILES,Otra,Distancia,TUNJA,C.C.,1994-03-31,M,2,PERDIO CUPO A130/98 ART. 80 LIT. C,QUÍPAMA,BOGOTÁ D.C.,LIT. C,30
PRIMER  SEMESTRE DE 2021,ESTUDIOS A DISTANCIA,TECNOLOGIA EN OBRAS CIVILES,Otra,Distancia,TUNJA,C.C.,1994-06-11,M,2,PERDIO CUPO A130/98 ART. 80 LIT. B,TUNJA,TUNJA,LIT. B,30
PRIMER  SEMESTRE DE 2021,ESTUDIOS A DISTANCIA,TECNOLOGIA EN OBRAS CIVILES,Otra,Distancia,TUNJA,C.C.,1999-11-29,M,2,PERDIO CUPO A130/98 ART. 80 LIT. B,CHOCONTÁ,VILLAPINZÓN,LIT. B,25
PRIMER  SEMESTRE DE 2021,ESTUDIOS A DISTANCIA,TECNOLOGIA EN OBRAS CIVILES,Otra,Distancia,TUNJA,C.C.,1998-12-28,M,2,PERDIO CUPO A130/98 ART. 80 LIT. C,PÁEZ,PÁEZ,LIT. C,26
PRIMER  SEMESTRE DE 2021,ESTUDIOS A DISTANCIA,TECNOLOGIA EN OBRAS CIVILES,Otra,Distancia,TUNJA,C.C.,1988-03-28,F,1,PERDIO CUPO A130/98 ART. 80 LIT. C,TUNJA,TUNJA,LIT. C,36
PRIMER  SEMESTRE DE 2021,ESTUDIOS A DISTANCIA,TECNOLOGIA EN OBRAS CIVILES,Otra,Distancia,TUNJA,C.C.,1994-03-24,M,1,PERDIO CUPO A130/98 ART. 80 LIT. D,TUNJA,TUNJA,LIT. D,30
PRIMER  SEMESTRE DE 2021,ESTUDIOS A DISTANCIA,TECNOLOGIA EN OBRAS CIVILES,Otra,Distancia,TUNJA,C.C.,1986-09-22,M,1,PERDIO CUPO A130/98 ART. 80 LIT. D,TUNJA,TUNJA,LIT. D,38
PRIMER  SEMESTRE DE 2021,ESTUDIOS A DISTANCIA,TECNOLOGIA EN OBRAS CIVILES,Otra,Distancia,TUNJA,C.C.,1996-09-11,M,2,PERDIO CUPO A130/98 ART. 80 LIT. C,TUNJA,TUNJA,LIT. C,28
PRIMER  SEMESTRE DE 2021,ESTUDIOS A DISTANCIA,TECNOLOGIA EN OBRAS CIVILES,Otra,Distancia,TUNJA,C.C.,2001-04-23,M,2,PERDIO CUPO A130/98 ART. 80 LIT. B,BOGOTÁ D.C.,DUITAMA,LIT. B,23
PRIMER  SEMESTRE DE 2021,ESTUDIOS A DISTANCIA,TECNOLOGIA EN OBRAS CIVILES,Otra,Distancia,TUNJA,C.C.,1994-07-05,M,1,PERDIO CUPO A130/98 ART. 80 LIT. C,TUNJA,TUNJA,LIT. C,30
PRIMER  SEMESTRE DE 2021,ESTUDIOS A DISTANCIA,TECNOLOGIA EN OBRAS CIVILES,Otra,Distancia,TUNJA,C.C.,1995-09-11,F,1,PERDIO CUPO A130/98 ART. 80 LIT. B,RAMIRIQUÍ,RAMIRIQUÍ,LIT. B,29
PRIMER  SEMESTRE DE 2021,ESTUDIOS A DISTANCIA,TECNOLOGIA EN OBRAS CIVILES,Otra,Distancia,TUNJA,C.C.,2001-04-11,F,2,PERDIO CUPO A130/98 ART. 80 LIT. B,TUNJA,CÓMBITA,LIT. B,23
PRIMER  SEMESTRE DE 2021,ESTUDIOS A DISTANCIA,TECNOLOGIA EN OBRAS CIVILES,Otra,Distancia,TUNJA,C.C.,1991-10-03,F,1,PERDIO CUPO A130/98 ART. 80 LIT. B,TUNJA,TUNJA,LIT. B,33
PRIMER  SEMESTRE DE 2021,ESTUDIOS A DISTANCIA,TECNOLOGIA EN OBRAS CIVILES,Otra,Distancia,TUNJA,C.C.,1980-01-11,M,2,PERDIO CUPO A130/98 ART. 80 LIT. C,RONDÓN,RONDÓN,LIT. C,44
PRIMER  SEMESTRE DE 2021,ESTUDIOS A DISTANCIA,TECNOLOGIA EN OBRAS CIVILES,Otra,Distancia,TUNJA,C.C.,1999-06-12,M,2,PERDIO CUPO A130/98 ART. 80 LIT. C,TUNJA,TUNJA,LIT. C,25
PRIMER  SEMESTRE DE 2021,ESTUDIOS A DISTANCIA,TECNOLOGIA EN OBRAS CIVILES,Otra,Distancia,TUNJA,C.C.,1985-10-22,M,1,PERDIO CUPO A130/98 ART.80 LIT. E,TUNJA,TUNJA,LIT. E,39
PRIMER  SEMESTRE DE 2021,ESTUDIOS A DISTANCIA,TECNOLOGIA EN OBRAS CIVILES,Otra,Distancia,TUNJA,C.C.,1983-12-23,M,3,PERDIO CUPO A130/98 ART.80 LIT. E,AGRADO,BOGOTÁ D.C.,LIT. E,41
PRIMER  SEMESTRE DE 2021,ESTUDIOS A DISTANCIA,TECNOLOGIA EN OBRAS CIVILES,Otra,Distancia,SOGAMOSO,C.C.,1999-06-20,M,2,PERDIO CUPO A130/98 ART. 80 LIT. C,AQUITANIA,AQUITANIA,LIT. C,25
PRIMER  SEMESTRE DE 2021,ESTUDIOS A DISTANCIA,TECNOLOGIA EN OBRAS CIVILES,Otra,Distancia,SOGAMOSO,C.C.,1999-09-05,M,2,PERDIO CUPO A130/98 ART. 80 LIT. B,SOGAMOSO,SOGAMOSO,LIT. B,25
PRIMER  SEMESTRE DE 2021,ESTUDIOS A DISTANCIA,TECNOLOGIA EN OBRAS CIVILES,Otra,Distancia,SOGAMOSO,T.I.,2003-08-13,F,2,PERDIO CUPO A130/98 ART. 80 LIT. B,TASCO,TASCO,LIT. B,21
PRIMER  SEMESTRE DE 2021,ESTUDIOS A DISTANCIA,TECNOLOGIA EN OBRAS CIVILES,Otra,Distancia,CHISCAS,C.C.,1994-06-27,M,2,PERDIO CUPO A130/98 ART. 80 LIT. B,BOGOTÁ D.C.,BOGOTÁ D.C.,LIT. B,30
PRIMER  SEMESTRE DE 2021,ESTUDIOS A DISTANCIA,TECNOLOGIA EN OBRAS CIVILES,Otra,Distancia,DUITAMA,C.C.,1981-03-27,M,2,PERDIO CUPO A130/98 ART. 80 LIT. C,DUITAMA,DUITAMA,LIT. C,43
PRIMER  SEMESTRE DE 2021,ESTUDIOS A DISTANCIA,TECNOLOGIA EN OBRAS CIVILES,Otra,Distancia,DUITAMA,C.C.,1998-02-07,M,1,PERDIO CUPO A130/98 ART. 80 LIT. C,FUNZA,JERICÓ,LIT. C,26
PRIMER  SEMESTRE DE 2021,ESTUDIOS A DISTANCIA,TECNOLOGIA EN OBRAS CIVILES,Otra,Distancia,DUITAMA,C.C.,2001-07-29,M,2,PERDIO CUPO A130/98 ART. 80 LIT. C,DUITAMA,DUITAMA,LIT. C,23
PRIMER  SEMESTRE DE 2021,ESTUDIOS A DISTANCIA,TECNOLOGIA EN OBRAS CIVILES,Otra,Distancia,DUITAMA,C.C.,1993-12-02,M,2,PERDIO CUPO A130/98 ART. 80 LIT. C,SANTA ROSA DE VITERBO,DUITAMA,LIT. C,31
PRIMER  SEMESTRE DE 2021,ESTUDIOS A DISTANCIA,TECNOLOGIA EN OBRAS CIVILES,Otra,Distancia,DUITAMA,C.C.,1995-12-21,M,2,PERDIO CUPO A130/98 ART. 80 LIT. B,FLORESTA,FLORESTA,LIT. B,29
PRIMER  SEMESTRE DE 2021,ESTUDIOS A DISTANCIA,TECNOLOGIA EN OBRAS CIVILES,Otra,Distancia,DUITAMA,C.C.,1994-07-30,M,2,PERDIO CUPO A130/98 ART. 80 LIT. C,SANTA ROSA DE VITERBO,BELÉN,LIT. C,30
PRIMER  SEMESTRE DE 2021,ESTUDIOS A DISTANCIA,TECNOLOGIA EN OBRAS CIVILES,Otra,Distancia,DUITAMA,C.C.,1993-04-22,M,2,PERDIO CUPO A130/98 ART. 80 LIT. C,JERICÓ,DUITAMA,LIT. C,31
PRIMER  SEMESTRE DE 2021,ESTUDIOS A DISTANCIA,TECNOLOGIA EN REGENCIA DE FARMACIA,Otra,Distancia,TUNJA,C.C.,2000-05-12,M,2,PERDIO CUPO A130/98 ART. 80 LIT. B,VILLA DE LEYVA,SUTAMARCHÁN,LIT. B,24
PRIMER  SEMESTRE DE 2021,ESTUDIOS A DISTANCIA,TECNOLOGIA EN REGENCIA DE FARMACIA,Otra,Distancia,TUNJA,C.C.,1987-02-17,M,2,PERDIO CUPO A130/98 ART. 80 LIT. B,TUNJA,TUNJA,LIT. B,37
PRIMER  SEMESTRE DE 2021,ESTUDIOS A DISTANCIA,TECNOLOGIA EN REGENCIA DE FARMACIA,Otra,Distancia,TUNJA,C.C.,1997-08-01,F,2,PERDIO CUPO A130/98 ART. 80 LIT. D,TUNJA,TUNJA,LIT. D,27
PRIMER  SEMESTRE DE 2021,ESTUDIOS A DISTANCIA,TECNOLOGIA EN REGENCIA DE FARMACIA,Otra,Distancia,TUNJA,C.C.,1987-02-01,F,2,PERDIO CUPO A130/98 ART. 80 LIT. B,TUNJA,TUNJA,LIT. B,37
PRIMER  SEMESTRE DE 2021,ESTUDIOS A DISTANCIA,TECNOLOGIA EN REGENCIA DE FARMACIA,Otra,Distancia,TUNJA,C.C.,1996-09-18,F,2,PERDIO CUPO A130/98 ART. 80 LIT. C,SAMACÁ,SAMACÁ,LIT. C,28
PRIMER  SEMESTRE DE 2021,ESTUDIOS A DISTANCIA,TECNOLOGIA EN REGENCIA DE FARMACIA,Otra,Distancia,TUNJA,C.C.,1994-04-28,F,SIN INFORMACIÓN,PERDIO CUPO A130/98 ART.80 LIT. E,CAPITANEJO,CAPITANEJO,LIT. E,30
PRIMER  SEMESTRE DE 2021,ESTUDIOS A DISTANCIA,TECNOLOGIA EN REGENCIA DE FARMACIA,Otra,Distancia,CHIQUINQUIRA,C.C.,1999-06-13,F,2,PERDIO CUPO A130/98 ART. 80 LIT. C,BOGOTÁ D.C.,CALDAS,LIT. C,25
PRIMER  SEMESTRE DE 2021,ESTUDIOS A DISTANCIA,TECNOLOGIA EN REGENCIA DE FARMACIA,Otra,Distancia,DUITAMA,C.C.,2000-12-03,F,2,PERDIO CUPO A130/98 ART. 80 LIT. B,YOPAL,AGUAZUL,LIT. B,24
PRIMER  SEMESTRE DE 2021,ESTUDIOS A DISTANCIA,TECNOLOGIA EN REGENCIA DE FARMACIA,Otra,Distancia,DUITAMA,C.C.,1996-03-18,F,2,PERDIO CUPO A130/98 ART. 80 LIT. C,SOCHA,SOCHA,LIT. C,28
PRIMER  SEMESTRE DE 2021,ESTUDIOS A DISTANCIA,TECNOLOGIA EN REGENCIA DE FARMACIA,Otra,Distancia,SOGAMOSO,C.C.,1999-08-17,F,2,PERDIO CUPO A130/98 ART. 80 LIT. D,PESCA,PESCA,LIT. D,25
PRIMER  SEMESTRE DE 2021,ESTUDIOS A DISTANCIA,TECNOLOGIA EN REGENCIA DE FARMACIA,Otra,Distancia,SOGAMOSO,T.I.,2001-10-11,F,3,PERDIO CUPO A130/98 ART. 80 LIT. C,SOGAMOSO,SOGAMOSO,LIT. C,23
PRIMER  SEMESTRE DE 2021,ESTUDIOS A DISTANCIA,TECNOLOGIA EN REGENCIA DE FARMACIA,Otra,Distancia,SOGAMOSO,C.C.,1995-12-21,M,2,PERDIO CUPO A130/98 ART.80 LIT. E,DUITAMA,DUITAMA,LIT. E,29
PRIMER  SEMESTRE DE 2021,ESTUDIOS A DISTANCIA,TECNOLOGIA EN REGENCIA DE FARMACIA,Otra,Distancia,SOGAMOSO,C.C.,1995-08-08,F,2,PERDIO CUPO A130/98 ART. 80 LIT. C,SOGAMOSO,SOGAMOSO,LIT. C,29
PRIMER  SEMESTRE DE 2021,ESTUDIOS A DISTANCIA,TECNOLOGIA EN REGENCIA DE FARMACIA,Otra,Distancia,SOGAMOSO,C.C.,2000-11-21,F,2,PERDIO CUPO A130/98 ART. 80 LIT. D,MONGUA,SOGAMOSO,LIT. D,24
PRIMER  SEMESTRE DE 2021,ESTUDIOS A DISTANCIA,TECNOLOGIA EN REGENCIA DE FARMACIA,Otra,Distancia,YOPAL,C.C.,2000-10-19,F,1,PERDIO CUPO A130/98 ART. 80 LIT. C,SOGAMOSO,AGUAZUL,LIT. C,24
PRIMER  SEMESTRE DE 2021,ESTUDIOS A DISTANCIA,TECNOLOGIA EN ELECTRICIDAD,Otra,Distancia,TUNJA,C.C.,2001-06-01,M,2,PERDIO CUPO A130/98 ART. 80 LIT. C,TUNJA,TUNJA,LIT. C,23
PRIMER  SEMESTRE DE 2021,ESTUDIOS A DISTANCIA,TECNOLOGIA EN ELECTRICIDAD,Otra,Distancia,TUNJA,C.C.,2000-06-18,M,1,PERDIO CUPO A130/98 ART. 80 LIT. C,VILLA DE LEYVA,VILLA DE LEIVA,LIT. C,24
PRIMER  SEMESTRE DE 2021,ESTUDIOS A DISTANCIA,TECNOLOGIA EN ELECTRICIDAD,Otra,Distancia,DUITAMA,C.C.,1990-03-07,M,2,PERDIO CUPO A130/98 ART. 80 LIT. D,DUITAMA,DUITAMA,LIT. D,34
PRIMER  SEMESTRE DE 2021,ESTUDIOS A DISTANCIA,TECNOLOGIA EN ELECTRICIDAD,Otra,Distancia,DUITAMA,C.C.,1996-06-05,M,2,PERDIO CUPO A130/98 ART. 80 LIT. C,DUITAMA,DUITAMA,LIT. C,28
PRIMER  SEMESTRE DE 2021,ESTUDIOS A DISTANCIA,TECNOLOGIA EN MAQUINAS Y HERRAMIENTAS,Otra,Distancia,TUNJA,C.C.,1988-03-25,M,2,PERDIO CUPO A130/98 ART. 80 LIT. D,CORRALES,TUNJA,LIT. D,36
PRIMER  SEMESTRE DE 2021,ESTUDIOS A DISTANCIA,TECNOLOGIA EN MAQUINAS Y HERRAMIENTAS,Otra,Distancia,TUNJA,C.C.,1998-03-13,M,2,PERDIO CUPO A130/98 ART. 80 LIT. C,TUNJA,TUNJA,LIT. C,26
PRIMER  SEMESTRE DE 2021,ESTUDIOS A DISTANCIA,TECNOLOGIA EN MAQUINAS Y HERRAMIENTAS,Otra,Distancia,TUNJA,C.C.,1994-10-10,M,2,PERDIO CUPO A130/98 ART. 80 LIT. D,SAN MARTÍN,DUITAMA,LIT. D,30
PRIMER  SEMESTRE DE 2021,ESTUDIOS A DISTANCIA,TECNOLOGIA EN MAQUINAS Y HERRAMIENTAS,Otra,Distancia,TUNJA,C.C.,1992-08-22,M,2,PERDIO CUPO A130/98 ART. 80 LIT. B,DUITAMA,DUITAMA,LIT. B,32
PRIMER  SEMESTRE DE 2021,ESTUDIOS A DISTANCIA,TECNOLOGIA EN OBRAS CIVILES,Otra,Distancia,SANTA FE DE BOGOTA,C.C.,1981-08-04,M,2,PERDIO CUPO A130/98 ART. 80 LIT. B,IBAGUÉ,BOGOTÁ D.C.,LIT. B,43
PRIMER  SEMESTRE DE 2021,ESTUDIOS A DISTANCIA,TECNOLOGIA EN OBRAS CIVILES,Otra,Distancia,SANTA FE DE BOGOTA,C.C.,1983-07-29,F,3,PERDIO CUPO A130/98 ART. 80 LIT. B,PACHO,BOGOTÁ D.C.,LIT. B,41
PRIMER  SEMESTRE DE 2021,ESTUDIOS A DISTANCIA,TECNOLOGIA EN ELECTRICIDAD,Otra,Distancia,SANTA FE DE BOGOTA,C.C.,1992-04-22,M,2,PERDIO CUPO A130/98 ART. 80 LIT. C,BOGOTÁ D.C.,BOGOTÁ D.C.,LIT. C,32
PRIMER  SEMESTRE DE 2021,ESTUDIOS A DISTANCIA,TECNOLOGIA EN ELECTRICIDAD,Otra,Distancia,SANTA FE DE BOGOTA,C.C.,1988-10-30,M,3,PERDIO CUPO A130/98 ART. 80 LIT. B,ZIPAQUIRÁ,ZIPAQUIRÁ,LIT. B,36
PRIMER  SEMESTRE DE 2021,ESTUDIOS A DISTANCIA,TECNOLOGIA EN ELECTRICIDAD,Otra,Distancia,SANTA FE DE BOGOTA,C.C.,1977-10-23,M,2,PERDIO CUPO A130/98 ART. 80 LIT. B,CHIPAQUE,CHIPAQUE,LIT. B,47
PRIMER  SEMESTRE DE 2021,ESTUDIOS A DISTANCIA,TECNOLOGIA EN ELECTRICIDAD,Otra,Distancia,SANTA FE DE BOGOTA,C.C.,1982-10-04,M,SIN INFORMACIÓN,PERDIO CUPO A130/98 ART. 80 LIT. D,BOGOTA D.E,BOGOTÁ D.C.,LIT. D,42
PRIMER  SEMESTRE DE 2021,ESTUDIOS A DISTANCIA,TECNOLOGIA EN ELECTRICIDAD,Otra,Distancia,SANTA FE DE BOGOTA,C.C.,1993-04-27,M,2,PERDIO CUPO A130/98 ART. 80 LIT. C,IBAGUÉ,IBAGUÉ,LIT. C,31
PRIMER  SEMESTRE DE 2021,ESTUDIOS A DISTANCIA,TECNOLOGIA EN ELECTRICIDAD,Otra,Distancia,SANTA FE DE BOGOTA,C.C.,1989-07-15,M,SIN INFORMACIÓN,PERDIO CUPO A130/98 ART. 80 LIT. D,VILLAVICENCIO,ACACÍAS,LIT. D,35
PRIMER  SEMESTRE DE 2021,ESTUDIOS A DISTANCIA,TECNOLOGIA EN ELECTRICIDAD,Otra,Distancia,SANTA FE DE BOGOTA,C.C.,1986-07-31,M,2,PERDIO CUPO A130/98 ART. 80 LIT. C,BUCARAMANGA,BUCARAMANGA,LIT. C,38
PRIMER  SEMESTRE DE 2021,ESTUDIOS A DISTANCIA,TECNOLOGIA EN ELECTRICIDAD,Otra,Distancia,RIONEGRO,C.C.,1985-10-19,M,3,PERDIO CUPO A130/98 ART. 80 LIT. B,FRONTINO,FRONTINO,LIT. B,39
PRIMER  SEMESTRE DE 2021,ESTUDIOS A DISTANCIA,TECNOLOGIA EN ELECTRICIDAD,Otra,Distancia,RIONEGRO,C.C.,2000-07-13,M,2,PERDIO CUPO A130/98 ART. 80 LIT. C,PUERTO BOYACÁ,PUERTO BOYACÁ,LIT. C,24
PRIMER  SEMESTRE DE 2021,ESTUDIOS A DISTANCIA,TECNICA PROFESIONAL EN PROCESOS AGROINDUSTRIALES,Otra,Virtual,TUNJA,C.C.,1994-05-29,M,2,PERDIO CUPO A130/98 ART. 80 LIT. B,SARAVENA,BOGOTÁ D.C.,LIT. B,30
PRIMER  SEMESTRE DE 2021,ESTUDIOS A DISTANCIA,TECNICA PROFESIONAL EN PROCESOS AGROINDUSTRIALES,Otra,Virtual,TUNJA,C.C.,1994-08-22,F,1,PERDIO CUPO A130/98 ART. 80 LIT. C,MANÍ,BOGOTA D.E,LIT. C,30
PRIMER  SEMESTRE DE 2021,ESTUDIOS A DISTANCIA,TECNICA PROFESIONAL EN PROCESOS AGROINDUSTRIALES,Otra,Virtual,TUNJA,C.C.,2000-01-14,F,2,PERDIO CUPO A130/98 ART. 80 LIT. C,SAN EDUARDO,TUNJA,LIT. C,24
PRIMER  SEMESTRE DE 2021,ESTUDIOS A DISTANCIA,TECNICA PROFESIONAL EN PROCESOS AGROINDUSTRIALES,Otra,Virtual,TUNJA,C.C.,1997-12-17,M,1,PERDIO CUPO A130/98 ART. 80 LIT. C,SOGAMOSO,SOGAMOSO,LIT. C,27
PRIMER  SEMESTRE DE 2021,ESTUDIOS A DISTANCIA,TECNICA PROFESIONAL EN PROCESOS AGROINDUSTRIALES,Otra,Virtual,TUNJA,C.C.,1998-01-19,M,1,PERDIO CUPO A130/98 ART. 80 LIT. B,AGUAZUL,AGUAZUL,LIT. B,26
PRIMER  SEMESTRE DE 2021,ESTUDIOS A DISTANCIA,TECNICA PROFESIONAL EN PROCESOS AGROINDUSTRIALES,Otra,Virtual,TUNJA,C.C.,1991-07-26,M,1,PERDIO CUPO A130/98 ART. 80 LIT. B,VILLA DE LEYVA,VILLA DE LEIVA,LIT. B,33
PRIMER  SEMESTRE DE 2021,ESTUDIOS A DISTANCIA,TECNICA PROFESIONAL EN PROCESOS ADMINISTRATIVOS DE SALUD,Otra,Virtual,RONDON,C.C.,1999-07-13,M,2,PERDIO CUPO A130/98 ART. 80 LIT. D,VILLAVICENCIO,RONDÓN,LIT. D,25
PRIMER  SEMESTRE DE 2021,ESTUDIOS A DISTANCIA,TECNOLOGIA DE PROGRAMACION DE SISTEMAS INFORMATICOS,Otra,Distancia,TUNJA,C.C.,1998-02-20,M,2,PERDIO CUPO A130/98 ART. 80 LIT. C,TUNJA,CÓMBITA,LIT. C,26
PRIMER  SEMESTRE DE 2021,ESTUDIOS A DISTANCIA,TECNOLOGIA DE PROGRAMACION DE SISTEMAS INFORMATICOS,Otra,Distancia,TUNJA,C.C.,1994-02-18,M,3,PERDIO CUPO A130/98 ART. 80 LIT. C,DUITAMA,DUITAMA,LIT. C,30
PRIMER  SEMESTRE DE 2021,ESTUDIOS A DISTANCIA,TECNOLOGIA DE PROGRAMACION DE SISTEMAS INFORMATICOS,Otra,Distancia,TUNJA,C.C.,1999-09-08,M,2,PERDIO CUPO A130/98 ART. 80 LIT. B,TUNJA,TUNJA,LIT. B,25
PRIMER  SEMESTRE DE 2021,ESTUDIOS A DISTANCIA,TECNOLOGIA DE PROGRAMACION DE SISTEMAS INFORMATICOS,Otra,Distancia,TUNJA,C.C.,1998-02-26,M,1,PERDIO CUPO A130/98 ART. 80 LIT. B,TUNJA,TUNJA,LIT. B,26
PRIMER  SEMESTRE DE 2021,ESTUDIOS A DISTANCIA,TECNOLOGIA DE PROGRAMACION DE SISTEMAS INFORMATICOS,Otra,Distancia,TUNJA,C.C.,1994-10-18,F,3,PERDIO CUPO A130/98 ART. 80 LIT. C,TUNJA,TUNJA,LIT. C,30
PRIMER  SEMESTRE DE 2021,ESTUDIOS A DISTANCIA,TECNOLOGIA DE PROGRAMACION DE SISTEMAS INFORMATICOS,Otra,Distancia,TUNJA,C.C.,1999-03-25,M,2,PERDIO CUPO A130/98 ART. 80 LIT. B,BOGOTÁ D.C.,OICATÁ,LIT. B,25
PRIMER  SEMESTRE DE 2021,ESTUDIOS A DISTANCIA,TECNOLOGIA DE PROGRAMACION DE SISTEMAS INFORMATICOS,Otra,Distancia,TUNJA,C.C.,1998-10-08,M,2,PERDIO CUPO A130/98 ART. 80 LIT. D,SAMACÁ,SAMACÁ,LIT. D,26
PRIMER  SEMESTRE DE 2021,ESTUDIOS A DISTANCIA,TECNOLOGIA DE PROGRAMACION DE SISTEMAS INFORMATICOS,Otra,Distancia,TUNJA,C.C.,1999-07-13,M,2,PERDIO CUPO A130/98 ART. 80 LIT. C,FLORIDABLANCA,BOGOTÁ D.C.,LIT. C,25
PRIMER  SEMESTRE DE 2021,ESTUDIOS A DISTANCIA,TECNICO PROFESIONAL EN PRODUCCION Y TRANSFORMACION DEL ACERO,Otra,Distancia,SOGAMOSO,C.C.,1985-11-22,M,1,PERDIO CUPO A130/98 ART. 80 LIT. C,TUNJA,TUNJA,LIT. C,39
PRIMER  SEMESTRE DE 2021,ESTUDIOS A DISTANCIA,TECNICA PROFESIONAL EN INSTALACION Y MANTENIMIENTO DE REDES Y COMPUTADORES,Otra,Distancia,TUNJA,T.I.,2002-05-09,M,2,PERDIO CUPO A130/98 ART.80 LIT. E,TUNJA,TUNJA,LIT. E,22
PRIMER  SEMESTRE DE 2021,ESTUDIOS A DISTANCIA,TECNICA PROFESIONAL EN PROCESOS ADMINISTRATIVOS DE SALUD,Otra,Virtual,TUNJA,C.C.,1982-12-16,F,2,PERDIO CUPO A130/98 ART. 80 LIT. B,TUNJA,TUNJA,LIT. B,42
PRIMER  SEMESTRE DE 2021,ESTUDIOS A DISTANCIA,TECNICA PROFESIONAL EN PROCESOS ADMINISTRATIVOS DE SALUD,Otra,Virtual,TUNJA,C.C.,1995-11-20,F,3,PERDIO CUPO A130/98 ART. 80 LIT. B,SATIVANORTE,TUNJA,LIT. B,29
PRIMER  SEMESTRE DE 2021,ESTUDIOS A DISTANCIA,TECNICA PROFESIONAL EN PROCESOS ADMINISTRATIVOS DE SALUD,Otra,Virtual,TUNJA,C.C.,1987-08-10,M,2,PERDIO CUPO A130/98 ART. 80 LIT. C,CHÍA,BOGOTA D.E,LIT. C,37
PRIMER  SEMESTRE DE 2021,ESTUDIOS A DISTANCIA,TECNICA PROFESIONAL EN PROCESOS ADMINISTRATIVOS DE SALUD,Otra,Virtual,TUNJA,C.C.,1995-10-28,F,1,PERDIO CUPO A130/98 ART. 80 LIT. C,SÁCHICA,SÁCHICA,LIT. C,29
PRIMER  SEMESTRE DE 2021,ESTUDIOS A DISTANCIA,TECNICA PROFESIONAL EN PROCESOS ADMINISTRATIVOS DE SALUD,Otra,Virtual,TUNJA,C.C.,1994-01-03,F,3,PERDIO CUPO A130/98 ART. 80 LIT. C,TUNJA,TUNJA,LIT. C,30
PRIMER  SEMESTRE DE 2021,ESTUDIOS A DISTANCIA,TECNICA PROFESIONAL EN PROCESOS COMERCIALES Y FINANCIEROS,Otra,Virtual,TUNJA,C.C.,1990-07-08,M,3,PERDIO CUPO A130/98 ART. 80 LIT. B,YOPAL,YOPAL,LIT. B,34
PRIMER  SEMESTRE DE 2021,ESTUDIOS A DISTANCIA,TECNICA PROFESIONAL EN PROCESOS COMERCIALES Y FINANCIEROS,Otra,Virtual,TUNJA,C.C.,1997-09-23,M,1,PERDIO CUPO A130/98 ART. 80 LIT. B,TUNJA,TUNJA,LIT. B,27
PRIMER  SEMESTRE DE 2021,ESTUDIOS A DISTANCIA,TECNICA PROFESIONAL EN PROCESOS COMERCIALES Y FINANCIEROS,Otra,Virtual,TUNJA,T.I.,2003-04-28,F,2,PERDIO CUPO A130/98 ART. 80 LIT. B,BOGOTA D.E,LA BELLEZA,LIT. B,21
PRIMER  SEMESTRE DE 2021,ESTUDIOS A DISTANCIA,TECNICA PROFESIONAL EN PROCESOS COMERCIALES Y FINANCIEROS,Otra,Virtual,TUNJA,T.I.,2002-01-31,M,2,PERDIO CUPO A130/98 ART. 80 LIT. C,RAMIRIQUÍ,RAMIRIQUÍ,LIT. C,22
PRIMER  SEMESTRE DE 2021,ESTUDIOS A DISTANCIA,TECNICA PROFESIONAL EN PROCESOS COMERCIALES Y FINANCIEROS,Otra,Virtual,TUNJA,C.C.,1999-02-28,M,2,PERDIO CUPO A130/98 ART. 80 LIT. B,TUNJA,TUNJA,LIT. B,25
PRIMER  SEMESTRE DE 2021,ESTUDIOS A DISTANCIA,TECNICA PROFESIONAL EN PROCESOS COMERCIALES Y FINANCIEROS,Otra,Virtual,TUNJA,C.C.,1989-04-16,M,3,PERDIO CUPO A130/98 ART. 80 LIT. D,TUNJA,TUNJA,LIT. D,35
PRIMER  SEMESTRE DE 2021,ESTUDIOS A DISTANCIA,TECNICA PROFESIONAL EN PROCESOS COMERCIALES Y FINANCIEROS,Otra,Virtual,TUNJA,C.C.,1996-10-08,M,3,PERDIO CUPO A130/98 ART. 80 LIT. C,BOGOTÁ D.C.,ESPINAL,LIT. C,28
PRIMER  SEMESTRE DE 2021,ESTUDIOS A DISTANCIA,TECNICA PROFESIONAL EN PROCESOS COMERCIALES Y FINANCIEROS,Otra,Virtual,TUNJA,C.C.,1998-10-29,M,2,PERDIO CUPO A130/98 ART. 80 LIT. D,RONDÓN,RONDÓN,LIT. D,26
PRIMER  SEMESTRE DE 2021,ESTUDIOS A DISTANCIA,TECNICA PROFESIONAL EN PROCESOS COMERCIALES Y FINANCIEROS,Otra,Virtual,TUNJA,C.C.,2001-07-25,F,2,PERDIO CUPO A130/98 ART. 80 LIT. B,BUCARAMANGA,TUNJA,LIT. B,23
PRIMER  SEMESTRE DE 2021,ESTUDIOS A DISTANCIA,ADMINISTRACION COMERCIAL Y FINANCIERA,Otra,Virtual,TUNJA,C.C.,1979-06-28,M,4,PERDIO CUPO A130/98 ART. 80 LIT. D,TUNJA,TUNJA,LIT. D,45
PRIMER  SEMESTRE DE 2021,ESTUDIOS A DISTANCIA,ADMINISTRACION COMERCIAL Y FINANCIERA,Otra,Virtual,TUNJA,C.C.,1992-11-24,F,2,PERDIO CUPO A130/98 ART. 80 LIT. D,VILLA DE LEYVA,VILLA DE LEYVA,LIT. D,32
PRIMER  SEMESTRE DE 2021,ESTUDIOS A DISTANCIA,ADMINISTRACION COMERCIAL Y FINANCIERA,Otra,Virtual,TUNJA,C.C.,1978-06-22,F,4,PERDIO CUPO A130/98 ART. 80 LIT. D,TUNJA,TUNJA,LIT. D,46
PRIMER  SEMESTRE DE 2021,ESTUDIOS A DISTANCIA,TECNICA PROFESIONAL EN PROCESOS ADMINISTRATIVOS DE SALUD,Otra,Virtual,SOGAMOSO,C.C.,1992-11-17,F,2,PERDIO CUPO A130/98 ART. 80 LIT. C,SOGAMOSO,SOGAMOSO,LIT. C,32
PRIMER  SEMESTRE DE 2021,ESTUDIOS A DISTANCIA,TECNICA PROFESIONAL EN PROCESOS ADMINISTRATIVOS DE SALUD,Otra,Virtual,SOGAMOSO,C.C.,1998-06-18,F,2,PERDIO CUPO A130/98 ART. 80 LIT. C,SOGAMOSO,SOGAMOSO,LIT. C,26
PRIMER  SEMESTRE DE 2021,ESTUDIOS A DISTANCIA,TECNICA PROFESIONAL EN PROCESOS ADMINISTRATIVOS DE SALUD,Otra,Virtual,SOGAMOSO,C.C.,1995-10-23,F,2,PERDIO CUPO A130/98 ART. 80 LIT. B,SAN VICENTE DE CHUCURÍ,DUITAMA,LIT. B,29
PRIMER  SEMESTRE DE 2021,ESTUDIOS A DISTANCIA,TECNICA PROFESIONAL EN PROCESOS ADMINISTRATIVOS DE SALUD,Otra,Virtual,DUITAMA,C.C.,1989-03-12,F,2,PERDIO CUPO A130/98 ART. 80 LIT. B,DUITAMA,DUITAMA,LIT. B,35
PRIMER  SEMESTRE DE 2021,ESTUDIOS A DISTANCIA,TECNICA PROFESIONAL EN PROCESOS ADMINISTRATIVOS DE SALUD,Otra,Virtual,SANTA FE DE BOGOTA,C.C.,1996-10-17,F,2,PERDIO CUPO A130/98 ART. 80 LIT. B,BOGOTÁ D.C.,BOGOTÁ D.C.,LIT. B,28
PRIMER  SEMESTRE DE 2021,ESTUDIOS A DISTANCIA,TECNICA PROFESIONAL EN PROCESOS ADMINISTRATIVOS DE SALUD,Otra,Virtual,YOPAL,C.C.,1996-09-07,F,2,PERDIO CUPO A130/98 ART. 80 LIT. C,PAZ DE ARIPORO,PAZ DE ARIPORO,LIT. C,28
PRIMER  SEMESTRE DE 2021,ESTUDIOS A DISTANCIA,TECNICA PROFESIONAL EN PROCESOS ADMINISTRATIVOS DE SALUD,Otra,Virtual,YOPAL,C.C.,1982-11-07,F,2,PERDIO CUPO A130/98 ART. 80 LIT. B,YOPAL,YOPAL,LIT. B,42
PRIMER  SEMESTRE DE 2021,ESTUDIOS A DISTANCIA,TECNICA PROFESIONAL EN PROCESOS ADMINISTRATIVOS DE SALUD,Otra,Virtual,YOPAL,C.C.,1994-08-08,F,1,PERDIO CUPO A130/98 ART. 80 LIT. D,YOPAL,YOPAL,LIT. D,30
PRIMER  SEMESTRE DE 2021,ESTUDIOS A DISTANCIA,TECNICA PROFESIONAL EN PROCESOS ADMINISTRATIVOS DE SALUD,Otra,Virtual,YOPAL,C.C.,2001-07-24,M,1,PERDIO CUPO A130/98 ART. 80 LIT. B,YOPAL,YOPAL,LIT. B,23
PRIMER  SEMESTRE DE 2021,ESTUDIOS A DISTANCIA,TECNOLOGIA EN GESTION ADMINISTRATIVA DE SERVICIOS DE SALUD,Otra,Virtual,SANTA FE DE BOGOTA,C.C.,1991-02-15,F,2,PERDIO CUPO A130/98 ART. 80 LIT. D,BOGOTÁ D.C.,BOGOTÁ D.C.,LIT. D,33
PRIMER  SEMESTRE DE 2021,ESTUDIOS A DISTANCIA,TECNICA PROFESIONAL EN PROCESOS COMERCIALES Y FINANCIEROS,Otra,Virtual,GARAGOA,C.C.,1996-04-11,M,2,PERDIO CUPO A130/98 ART. 80 LIT. B,BOGOTÁ D.C.,BOGOTÁ D.C.,LIT. B,28
PRIMER  SEMESTRE DE 2021,ESTUDIOS A DISTANCIA,TECNICA PROFESIONAL EN PROCESOS COMERCIALES Y FINANCIEROS,Otra,Virtual,GARAGOA,C.C.,1988-08-07,F,2,PERDIO CUPO A130/98 ART. 80 LIT. D,UMBITA,UMBITA,LIT. D,36
PRIMER  SEMESTRE DE 2021,ESTUDIOS A DISTANCIA,TECNICA PROFESIONAL EN PROCESOS COMERCIALES Y FINANCIEROS,Otra,Virtual,GARAGOA,C.C.,1998-08-08,F,1,PERDIO CUPO A130/98 ART.80 LIT. E,GUATEQUE,BOGOTÁ D.C.,LIT. E,26
PRIMER  SEMESTRE DE 2021,ESTUDIOS A DISTANCIA,TECNICA PROFESIONAL EN PROCESOS COMERCIALES Y FINANCIEROS,Otra,Virtual,GARAGOA,C.C.,1992-03-26,F,2,PERDIO CUPO A130/98 ART. 80 LIT. C,GARAGOA,TUNJA,LIT. C,32
PRIMER  SEMESTRE DE 2021,ESTUDIOS A DISTANCIA,TECNICA PROFESIONAL EN PROCESOS COMERCIALES Y FINANCIEROS,Otra,Virtual,GARAGOA,C.C.,1993-10-09,M,2,PERDIO CUPO A130/98 ART. 80 LIT. C,MACANAL,MACANAL,LIT. C,31
PRIMER  SEMESTRE DE 2021,ESTUDIOS A DISTANCIA,TECNICA PROFESIONAL EN PROCESOS COMERCIALES Y FINANCIEROS,Otra,Virtual,GARAGOA,C.C.,2001-09-21,F,2,PERDIO CUPO A130/98 ART. 80 LIT. C,MACANAL,GARAGOA,LIT. C,23
PRIMER  SEMESTRE DE 2021,ESTUDIOS A DISTANCIA,TECNICA PROFESIONAL EN PROCESOS COMERCIALES Y FINANCIEROS,Otra,Virtual,GARAGOA,C.C.,1981-02-28,M,1,PERDIO CUPO A130/98 ART. 80 LIT. C,TUNJA,TUNJA,LIT. C,43
PRIMER  SEMESTRE DE 2021,ESTUDIOS A DISTANCIA,TECNICA PROFESIONAL EN PROCESOS COMERCIALES Y FINANCIEROS,Otra,Virtual,GARAGOA,C.C.,1994-10-01,F,1,PERDIO CUPO A130/98 ART. 80 LIT. C,SUTATENZA,GUATEQUE,LIT. C,30
PRIMER  SEMESTRE DE 2021,ESTUDIOS A DISTANCIA,TECNICA PROFESIONAL EN PROCESOS COMERCIALES Y FINANCIEROS,Otra,Virtual,GARAGOA,C.C.,2001-07-04,F,2,PERDIO CUPO A130/98 ART. 80 LIT. C,MACANAL,MACANAL,LIT. C,23
PRIMER  SEMESTRE DE 2021,ESTUDIOS A DISTANCIA,TECNICA PROFESIONAL EN PROCESOS COMERCIALES Y FINANCIEROS,Otra,Virtual,SANTA FE DE BOGOTA,C.C.,1999-06-29,F,3,PERDIO CUPO A130/98 ART. 80 LIT. B,BOGOTÁ D.C.,BOGOTÁ D.C.,LIT. B,25
PRIMER  SEMESTRE DE 2021,ESTUDIOS A DISTANCIA,TECNICA PROFESIONAL EN PROCESOS COMERCIALES Y FINANCIEROS,Otra,Virtual,SANTA FE DE BOGOTA,C.C.,2001-05-26,F,2,PERDIO CUPO A130/98 ART. 80 LIT. B,BOGOTÁ D.C.,SANTA FE DE BOGOTA D.C,LIT. B,23
PRIMER  SEMESTRE DE 2021,ESTUDIOS A DISTANCIA,TECNICA PROFESIONAL EN PROCESOS COMERCIALES Y FINANCIEROS,Otra,Virtual,SANTA FE DE BOGOTA,C.C.,1996-04-22,M,3,PERDIO CUPO A130/98 ART. 80 LIT. D,BOGOTÁ D.C.,BOGOTÁ D.C.,LIT. D,28
PRIMER  SEMESTRE DE 2021,ESTUDIOS A DISTANCIA,TECNICA PROFESIONAL EN PROCESOS COMERCIALES Y FINANCIEROS,Otra,Virtual,SANTA FE DE BOGOTA,C.C.,1987-06-12,F,1,PERDIO CUPO A130/98 ART. 80 LIT. D,BOGOTÁ D.C.,BOGOTA D.E,LIT. D,37
PRIMER  SEMESTRE DE 2021,ESTUDIOS A DISTANCIA,TECNICA PROFESIONAL EN PROCESOS COMERCIALES Y FINANCIEROS,Otra,Virtual,SANTA FE DE BOGOTA,C.C.,1983-10-24,M,1,PERDIO CUPO A130/98 ART. 80 LIT. B,QUIBDÓ,QUIBDÓ,LIT. B,41
PRIMER  SEMESTRE DE 2021,ESTUDIOS A DISTANCIA,TECNICA PROFESIONAL EN PROCESOS COMERCIALES Y FINANCIEROS,Otra,Virtual,SANTA FE DE BOGOTA,C.C.,2000-01-31,F,2,PERDIO CUPO A130/98 ART. 80 LIT. D,BOGOTÁ D.C.,BOGOTÁ D.C.,LIT. D,24
PRIMER  SEMESTRE DE 2021,ESTUDIOS A DISTANCIA,TECNICA PROFESIONAL EN PROCESOS COMERCIALES Y FINANCIEROS,Otra,Virtual,SANTA FE DE BOGOTA,C.C.,1985-01-16,M,2,PERDIO CUPO A130/98 ART. 80 LIT. B,GARAGOA,GARAGOA,LIT. B,39
PRIMER  SEMESTRE DE 2021,ESTUDIOS A DISTANCIA,TECNICA PROFESIONAL EN PROCESOS COMERCIALES Y FINANCIEROS,Otra,Virtual,SANTA FE DE BOGOTA,C.C.,1994-08-05,F,2,PERDIO CUPO A130/98 ART. 80 LIT. C,FACATATIVÁ,FACATATIVÁ,LIT. C,30
PRIMER  SEMESTRE DE 2021,ESTUDIOS A DISTANCIA,TECNICA PROFESIONAL EN PROCESOS COMERCIALES Y FINANCIEROS,Otra,Virtual,BARRANCABERMEJA,C.C.,1988-08-24,F,1,PERDIO CUPO A130/98 ART. 80 LIT. D,BARRANCABERMEJA,BARRANCABERMEJA,LIT. D,36
PRIMER  SEMESTRE DE 2021,ESTUDIOS A DISTANCIA,TECNICA PROFESIONAL EN PROCESOS COMERCIALES Y FINANCIEROS,Otra,Virtual,DUITAMA,C.C.,1993-09-10,M,2,PERDIO CUPO A130/98 ART. 80 LIT. B,PAIPA,PAIPA,LIT. B,31
PRIMER  SEMESTRE DE 2021,ESTUDIOS A DISTANCIA,TECNICA PROFESIONAL EN PROCESOS COMERCIALES Y FINANCIEROS,Otra,Virtual,DUITAMA,C.C.,1999-04-21,F,3,PERDIO CUPO A130/98 ART. 80 LIT. C,DUITAMA,DUITAMA,LIT. C,25
PRIMER  SEMESTRE DE 2021,ESTUDIOS A DISTANCIA,TECNICA PROFESIONAL EN PROCESOS COMERCIALES Y FINANCIEROS,Otra,Virtual,DUITAMA,C.C.,1995-08-30,F,2,PERDIO CUPO A130/98 ART. 80 LIT. C,BOGOTA D.E,PAZ DE RÍO,LIT. C,29
PRIMER  SEMESTRE DE 2021,ESTUDIOS A DISTANCIA,TECNICA PROFESIONAL EN PROCESOS COMERCIALES Y FINANCIEROS,Otra,Virtual,DUITAMA,C.C.,1998-09-05,F,2,PERDIO CUPO A130/98 ART. 80 LIT. B,DUITAMA,DUITAMA,LIT. B,26
PRIMER  SEMESTRE DE 2021,ESTUDIOS A DISTANCIA,TECNICA PROFESIONAL EN PROCESOS COMERCIALES Y FINANCIEROS,Otra,Virtual,DUITAMA,C.C.,1995-09-04,F,2,PERDIO CUPO A130/98 ART. 80 LIT. B,BOGOTÁ D.C.,BOGOTÁ D.C.,LIT. B,29
PRIMER  SEMESTRE DE 2021,ESTUDIOS A DISTANCIA,TECNICA PROFESIONAL EN PROCESOS COMERCIALES Y FINANCIEROS,Otra,Virtual,DUITAMA,C.C.,1994-11-25,F,1,PERDIO CUPO A130/98 ART. 80 LIT. B,JERICÓ,DUITAMA,LIT. B,30
PRIMER  SEMESTRE DE 2021,ESTUDIOS A DISTANCIA,TECNICA PROFESIONAL EN PROCESOS COMERCIALES Y FINANCIEROS,Otra,Virtual,DUITAMA,C.C.,1990-01-07,F,2,PERDIO CUPO A130/98 ART. 80 LIT. B,SORA,DUITAMA,LIT. B,34
PRIMER  SEMESTRE DE 2021,ESTUDIOS A DISTANCIA,TECNICA PROFESIONAL EN PROCESOS COMERCIALES Y FINANCIEROS,Otra,Virtual,DUITAMA,C.C.,1998-03-16,M,2,PERDIO CUPO A130/98 ART. 80 LIT. C,BUCARAMANGA,SANTA ROSA DE VITERBO,LIT. C,26
PRIMER  SEMESTRE DE 2021,ESTUDIOS A DISTANCIA,TECNICA PROFESIONAL EN PROCESOS COMERCIALES Y FINANCIEROS,Otra,Virtual,DUITAMA,C.C.,1995-12-23,F,3,PERDIO CUPO A130/98 ART. 80 LIT. C,DUITAMA,DUITAMA,LIT. C,29
PRIMER  SEMESTRE DE 2021,ESTUDIOS A DISTANCIA,TECNICA PROFESIONAL EN PROCESOS COMERCIALES Y FINANCIEROS,Otra,Virtual,CHIQUINQUIRA,C.C.,1992-11-24,M,2,PERDIO CUPO A130/98 ART. 80 LIT. C,PUENTE NACIONAL,BARBOSA,LIT. C,32
PRIMER  SEMESTRE DE 2021,ESTUDIOS A DISTANCIA,TECNICA PROFESIONAL EN PROCESOS COMERCIALES Y FINANCIEROS,Otra,Virtual,CHIQUINQUIRA,C.C.,1997-11-13,M,2,PERDIO CUPO A130/98 ART. 80 LIT. C,CHIQUINQUIRÁ,CHIQUINQUIRÁ,LIT. C,27
PRIMER  SEMESTRE DE 2021,ESTUDIOS A DISTANCIA,TECNICA PROFESIONAL EN PROCESOS COMERCIALES Y FINANCIEROS,Otra,Virtual,CHIQUINQUIRA,C.C.,1998-08-02,M,3,PERDIO CUPO A130/98 ART. 80 LIT. D,BOGOTA D.E,CHIQUINQUIRÁ,LIT. D,26
PRIMER  SEMESTRE DE 2021,ESTUDIOS A DISTANCIA,TECNICA PROFESIONAL EN PROCESOS COMERCIALES Y FINANCIEROS,Otra,Virtual,CHIQUINQUIRA,C.C.,1999-09-06,F,2,PERDIO CUPO A130/98 ART. 80 LIT. B,JESÚS MARÍA,PUENTE NACIONAL,LIT. B,25
PRIMER  SEMESTRE DE 2021,ESTUDIOS A DISTANCIA,TECNICA PROFESIONAL EN PROCESOS COMERCIALES Y FINANCIEROS,Otra,Virtual,CHIQUINQUIRA,C.C.,1992-08-08,F,2,PERDIO CUPO A130/98 ART. 80 LIT. D,CHIQUINQUIRÁ,CHIQUINQUIRÁ,LIT. D,32
PRIMER  SEMESTRE DE 2021,ESTUDIOS A DISTANCIA,TECNICA PROFESIONAL EN PROCESOS COMERCIALES Y FINANCIEROS,Otra,Virtual,CHIQUINQUIRA,C.C.,1984-11-19,F,2,PERDIO CUPO A130/98 ART. 80 LIT. C,RÁQUIRA,RÁQUIRA,LIT. C,40
PRIMER  SEMESTRE DE 2021,ESTUDIOS A DISTANCIA,TECNICA PROFESIONAL EN PROCESOS COMERCIALES Y FINANCIEROS,Otra,Virtual,CHIQUINQUIRA,C.C.,1996-09-18,M,3,PERDIO CUPO A130/98 ART. 80 LIT. D,CHIQUINQUIRÁ,CHIQUINQUIRÁ,LIT. D,28
PRIMER  SEMESTRE DE 2021,ESTUDIOS A DISTANCIA,TECNICA PROFESIONAL EN PROCESOS COMERCIALES Y FINANCIEROS,Otra,Virtual,YOPAL,C.C.,1998-01-21,F,2,PERDIO CUPO A130/98 ART. 80 LIT. C,SAN LUIS DE PALENQUE,SAN LUIS DE PALENQUE,LIT. C,26
PRIMER  SEMESTRE DE 2021,ESTUDIOS A DISTANCIA,TECNICA PROFESIONAL EN PROCESOS COMERCIALES Y FINANCIEROS,Otra,Virtual,YOPAL,C.C.,1979-11-12,F,2,PERDIO CUPO A130/98 ART. 80 LIT. C,YOPAL,AGUAZUL,LIT. C,45
PRIMER  SEMESTRE DE 2021,ESTUDIOS A DISTANCIA,TECNICA PROFESIONAL EN PROCESOS COMERCIALES Y FINANCIEROS,Otra,Virtual,YOPAL,C.C.,1989-09-18,F,1,PERDIO CUPO A130/98 ART. 80 LIT. C,YOPAL,YOPAL,LIT. C,35
PRIMER  SEMESTRE DE 2021,ESTUDIOS A DISTANCIA,TECNICA PROFESIONAL EN PROCESOS COMERCIALES Y FINANCIEROS,Otra,Virtual,YOPAL,C.C.,1998-09-18,F,1,PERDIO CUPO A130/98 ART. 80 LIT. D,DUITAMA,YOPAL,LIT. D,26
PRIMER  SEMESTRE DE 2021,ESTUDIOS A DISTANCIA,TECNICA PROFESIONAL EN PROCESOS COMERCIALES Y FINANCIEROS,Otra,Virtual,YOPAL,C.C.,1987-07-13,F,1,PERDIO CUPO A130/98 ART. 80 LIT. B,YOPAL,YOPAL,LIT. B,37
PRIMER  SEMESTRE DE 2021,ESTUDIOS A DISTANCIA,TECNICA PROFESIONAL EN PROCESOS COMERCIALES Y FINANCIEROS,Otra,Virtual,YOPAL,C.C.,1996-03-24,F,2,PERDIO CUPO A130/98 ART. 80 LIT. C,PÁEZ,YOPAL,LIT. C,28
PRIMER  SEMESTRE DE 2021,ESTUDIOS A DISTANCIA,TECNICA PROFESIONAL EN PROCESOS COMERCIALES Y FINANCIEROS,Otra,Virtual,SOGAMOSO,C.C.,1981-01-22,M,2,PERDIO CUPO A130/98 ART. 80 LIT. B,SOGAMOSO,SOGAMOSO,LIT. B,43
PRIMER  SEMESTRE DE 2021,ESTUDIOS A DISTANCIA,TECNICA PROFESIONAL EN PROCESOS COMERCIALES Y FINANCIEROS,Otra,Virtual,SOGAMOSO,C.C.,1999-04-28,F,2,PERDIO CUPO A130/98 ART. 80 LIT. B,SOGAMOSO,SOGAMOSO,LIT. B,25
PRIMER  SEMESTRE DE 2021,ESTUDIOS A DISTANCIA,TECNICA PROFESIONAL EN PROCESOS COMERCIALES Y FINANCIEROS,Otra,Virtual,SOGAMOSO,C.C.,1997-09-20,F,3,PERDIO CUPO A130/98 ART.80 LIT. E,SOGAMOSO,SOGAMOSO,LIT. E,27
PRIMER  SEMESTRE DE 2021,ESTUDIOS A DISTANCIA,TECNICA PROFESIONAL EN PROCESOS COMERCIALES Y FINANCIEROS,Otra,Virtual,SOGAMOSO,C.C.,1992-03-23,F,2,PERDIO CUPO A130/98 ART. 80 LIT. D,SOGAMOSO,SOGAMOSO,LIT. D,32
PRIMER  SEMESTRE DE 2021,ESTUDIOS A DISTANCIA,TECNICA PROFESIONAL EN PROCESOS COMERCIALES Y FINANCIEROS,Otra,Virtual,SOGAMOSO,C.C.,1985-12-29,M,2,PERDIO CUPO A130/98 ART. 80 LIT. C,BOGOTÁ D.C.,SOGAMOSO,LIT. C,39
PRIMER  SEMESTRE DE 2021,ESTUDIOS A DISTANCIA,TECNICA PROFESIONAL EN PROCESOS COMERCIALES Y FINANCIEROS,Otra,Virtual,SOGAMOSO,C.C.,1993-04-27,F,2,PERDIO CUPO A130/98 ART.80 LIT. E,SOGAMOSO,SOGAMOSO,LIT. E,31
PRIMER  SEMESTRE DE 2021,ESTUDIOS A DISTANCIA,TECNICA PROFESIONAL EN PROCESOS COMERCIALES Y FINANCIEROS,Otra,Virtual,SOGAMOSO,C.C.,1998-03-04,M,2,PERDIO CUPO A130/98 ART. 80 LIT. C,IPIALES,SOGAMOSO,LIT. C,26
PRIMER  SEMESTRE DE 2021,ESTUDIOS A DISTANCIA,TECNICA PROFESIONAL EN PROCESOS COMERCIALES Y FINANCIEROS,Otra,Virtual,SOGAMOSO,C.C.,1999-10-30,F,2,PERDIO CUPO A130/98 ART. 80 LIT. C,DUITAMA,TASCO,LIT. C,25
PRIMER  SEMESTRE DE 2021,ESTUDIOS A DISTANCIA,TECNOLOGIA EN GESTION COMERCIAL Y FINANCIERA,Otra,Virtual,MONTERREY,C.C.,1989-07-31,F,2,PERDIO CUPO A130/98 ART. 80 LIT. D,VILLANUEVA,BOGOTÁ D.C.,LIT. D,35
PRIMER  SEMESTRE DE 2021,ESTUDIOS A DISTANCIA,ADMINISTRACION COMERCIAL Y FINANCIERA,Otra,Virtual,SOGAMOSO,C.C.,1985-08-09,F,2,PERDIO CUPO A130/98 ART. 80 LIT. D,SOGAMOSO,SOGAMOSO,LIT. D,39
PRIMER  SEMESTRE DE 2021,ESTUDIOS A DISTANCIA,ADMINISTRACION COMERCIAL Y FINANCIERA,Otra,Virtual,DUITAMA,C.C.,1997-08-24,M,2,PERDIO CUPO A130/98 ART. 80 LIT. D,SOGAMOSO,SOGAMOSO,LIT. D,27
PRIMER  SEMESTRE DE 2021,ESTUDIOS A DISTANCIA,TECNOLOGIA EN ELECTRICIDAD INDUSTRIAL,Otra,Distancia,TUNJA,C.C.,1982-10-01,M,3,PERDIO CUPO A130/98 ART. 80 LIT. C,BOGOTÁ D.C.,BOGOTÁ D.C.,LIT. C,42
PRIMER  SEMESTRE DE 2021,ESTUDIOS A DISTANCIA,TECNOLOGIA EN ELECTRICIDAD INDUSTRIAL,Otra,Distancia,SANTA FE DE BOGOTA,C.C.,1978-06-26,M,2,PERDIO CUPO A130/98 ART. 80 LIT. C,SOTAQUIRÁ,PAIPA,LIT. C,46
PRIMER  SEMESTRE DE 2021,INGENIERIA,INGENIERIA CIVIL,Diurna,Presencial,TUNJA,C.C.,1991-03-30,M,2,PERDIO CUPO A130/98 ART.80 LIT. E,FLORESTA,FLORESTA,LIT. E,33
PRIMER  SEMESTRE DE 2021,INGENIERIA,INGENIERIA CIVIL,Diurna,Presencial,TUNJA,C.C.,1996-08-30,M,2,PERDIO CUPO A130/98 ART. 80 LIT. D,BOGOTÁ D.C.,TUNJA,LIT. D,28
PRIMER  SEMESTRE DE 2021,INGENIERIA,INGENIERIA CIVIL,Diurna,Presencial,TUNJA,C.C.,1999-03-16,M,2,PERDIO CUPO A130/98 ART. 80 LIT. D,BUCARAMANGA,BOGOTÁ D.C.,LIT. D,25
PRIMER  SEMESTRE DE 2021,INGENIERIA,INGENIERIA CIVIL,Diurna,Presencial,TUNJA,C.C.,1998-10-16,M,3,PERDIO CUPO A130/98 ART. 80 LIT. C,TUNJA,TUNJA,LIT. C,26
PRIMER  SEMESTRE DE 2021,INGENIERIA,INGENIERIA CIVIL,Diurna,Presencial,TUNJA,C.C.,1999-10-27,M,1,PERDIO CUPO A130/98 ART. 80 LIT. D,FLORENCIA,FLORENCIA,LIT. D,25
PRIMER  SEMESTRE DE 2021,INGENIERIA,INGENIERIA CIVIL,Diurna,Presencial,TUNJA,C.C.,2001-04-05,F,3,PERDIO CUPO A130/98 ART.80 LIT. E,TUNJA,TUNJA,LIT. E,23
PRIMER  SEMESTRE DE 2021,INGENIERIA,INGENIERIA CIVIL,Diurna,Presencial,TUNJA,C.C.,1998-05-05,M,2,PERDIO CUPO A130/98 ART. 80 LIT. D,SOGAMOSO,SOGAMOSO,LIT. D,26
PRIMER  SEMESTRE DE 2021,INGENIERIA,INGENIERIA METALURGICA,Diurna,Presencial,TUNJA,C.C.,1995-02-06,M,2,PERDIO CUPO A130/98 ART.80 LIT. E,MIRAFLORES,MIRAFLORES,LIT. E,29
PRIMER  SEMESTRE DE 2021,INGENIERIA,INGENIERIA METALURGICA,Diurna,Presencial,TUNJA,C.C.,1994-03-26,M,1,PERDIO CUPO A130/98 ART. 80 LIT. C,CHIQUINQUIRÁ,TUNJA,LIT. C,30
PRIMER  SEMESTRE DE 2021,INGENIERIA,INGENIERIA METALURGICA,Diurna,Presencial,TUNJA,C.C.,1999-03-11,M,2,PERDIO CUPO A130/98 ART. 80 LIT. C,BOGOTÁ D.C.,DUITAMA,LIT. C,25
PRIMER  SEMESTRE DE 2021,INGENIERIA,INGENIERIA METALURGICA,Diurna,Presencial,TUNJA,C.C.,1996-06-05,M,2,PERDIO CUPO A130/98 ART.80 LIT. E,CHIQUINQUIRÁ,OTANCHE,LIT. E,28
PRIMER  SEMESTRE DE 2021,INGENIERIA,INGENIERIA METALURGICA,Diurna,Presencial,TUNJA,C.C.,1996-11-17,M,1,PERDIO CUPO A130/98 ART. 80 LIT. C,SÁCHICA,SÁCHICA,LIT. C,28
PRIMER  SEMESTRE DE 2021,INGENIERIA,INGENIERIA METALURGICA,Diurna,Presencial,TUNJA,C.C.,2000-11-20,M,3,PERDIO CUPO A130/98 ART. 80 LIT. C,TUNJA,TUNJA,LIT. C,24
PRIMER  SEMESTRE DE 2021,INGENIERIA,INGENIERIA METALURGICA,Diurna,Presencial,TUNJA,C.C.,2000-07-27,M,2,PERDIO CUPO A130/98 ART. 80 LIT. C,PAIPA,TUNJA,LIT. C,24
PRIMER  SEMESTRE DE 2021,INGENIERIA,INGENIERIA METALURGICA,Diurna,Presencial,TUNJA,C.C.,1994-09-16,M,2,PERDIO CUPO A130/98 ART. 80 LIT. C,SOGAMOSO,SOGAMOSO,LIT. C,30
PRIMER  SEMESTRE DE 2021,INGENIERIA,INGENIERIA METALURGICA,Diurna,Presencial,TUNJA,C.C.,2000-09-11,M,2,PERDIO CUPO A130/98 ART. 80 LIT. C,TUNJA,TUNJA,LIT. C,24
PRIMER  SEMESTRE DE 2021,INGENIERIA,INGENIERIA DE TRANSPORTE Y VIAS,Diurna,Presencial,TUNJA,C.C.,1999-05-17,M,3,PERDIO CUPO A130/98 ART. 80 LIT. C,AQUITANIA,SOGAMOSO,LIT. C,25
PRIMER  SEMESTRE DE 2021,INGENIERIA,INGENIERIA DE TRANSPORTE Y VIAS,Diurna,Presencial,TUNJA,C.C.,1994-08-07,M,1,PERDIO CUPO A130/98 ART. 80 LIT. C,IBAGUÉ,ZETAQUIRA,LIT. C,30
PRIMER  SEMESTRE DE 2021,INGENIERIA,INGENIERIA DE TRANSPORTE Y VIAS,Diurna,Presencial,TUNJA,T.I.,2002-11-19,M,1,PERDIO CUPO A130/98 ART. 80 LIT. B,DUITAMA,DUITAMA,LIT. B,22
PRIMER  SEMESTRE DE 2021,INGENIERIA,INGENIERIA DE TRANSPORTE Y VIAS,Diurna,Presencial,TUNJA,C.C.,2001-10-22,M,2,PERDIO CUPO A130/98 ART. 80 LIT. B,TUNJA,TUNJA,LIT. B,23
PRIMER  SEMESTRE DE 2021,INGENIERIA,INGENIERIA DE TRANSPORTE Y VIAS,Diurna,Presencial,TUNJA,C.C.,1998-09-07,M,2,PERDIO CUPO A130/98 ART. 80 LIT. D,VILLA DE LEYVA,VILLA DE LEYVA,LIT. D,26
PRIMER  SEMESTRE DE 2021,INGENIERIA,INGENIERIA DE TRANSPORTE Y VIAS,Diurna,Presencial,TUNJA,C.C.,1999-09-24,M,2,PERDIO CUPO A130/98 ART. 80 LIT. D,TUNJA,TUNJA,LIT. D,25
PRIMER  SEMESTRE DE 2021,INGENIERIA,INGENIERIA DE TRANSPORTE Y VIAS,Diurna,Presencial,TUNJA,C.C.,2002-05-11,M,2,PERDIO CUPO A130/98 ART. 80 LIT. B,RAMIRIQUÍ,RONDÓN,LIT. B,22
PRIMER  SEMESTRE DE 2021,INGENIERIA,INGENIERIA DE TRANSPORTE Y VIAS,Diurna,Presencial,TUNJA,C.C.,2002-04-06,M,2,PERDIO CUPO A130/98 ART. 80 LIT. B,SOGAMOSO,DUITAMA,LIT. B,22
PRIMER  SEMESTRE DE 2021,INGENIERIA,INGENIERIA DE TRANSPORTE Y VIAS,Diurna,Presencial,TUNJA,T.I.,2000-02-12,M,1,PERDIO CUPO A130/98 ART. 80 LIT. C,DUITAMA,BOGOTÁ D.C.,LIT. C,24
PRIMER  SEMESTRE DE 2021,INGENIERIA,INGENIERIA DE TRANSPORTE Y VIAS,Diurna,Presencial,TUNJA,C.C.,2000-11-16,M,2,PERDIO CUPO A130/98 ART. 80 LIT. B,BOGOTÁ D.C.,TOPAIPÍ,LIT. B,24
PRIMER  SEMESTRE DE 2021,INGENIERIA,INGENIERIA DE SISTEMAS Y COMPUTACION,Diurna,Presencial,SOGAMOSO,C.C.,1994-08-31,M,2,PERDIO CUPO A130/98 ART.80 LIT. E,SOGAMOSO,SOGAMOSO,LIT. E,30
PRIMER  SEMESTRE DE 2021,INGENIERIA,INGENIERIA DE SISTEMAS Y COMPUTACION,Diurna,Presencial,SOGAMOSO,T.I.,2001-11-22,M,2,PERDIO CUPO A130/98 ART. 80 LIT. B,SOGAMOSO,SOGAMOSO,LIT. B,23
PRIMER  SEMESTRE DE 2021,INGENIERIA,INGENIERIA DE SISTEMAS Y COMPUTACION,Diurna,Presencial,SOGAMOSO,C.C.,1999-07-12,M,2,PERDIO CUPO A130/98 ART. 80 LIT. C,DUITAMA,DUITAMA,LIT. C,25
PRIMER  SEMESTRE DE 2021,INGENIERIA,INGENIERIA DE SISTEMAS Y COMPUTACION,Diurna,Presencial,SOGAMOSO,C.C.,2002-02-12,M,2,PERDIO CUPO A130/98 ART. 80 LIT. C,PAIPA,PAIPA,LIT. C,22
PRIMER  SEMESTRE DE 2021,INGENIERIA,INGENIERIA DE SISTEMAS Y COMPUTACION,Diurna,Presencial,SOGAMOSO,C.C.,1997-08-20,M,2,PERDIO CUPO A130/98 ART. 80 LIT. D,SOGAMOSO,TIBASOSA,LIT. D,27
PRIMER  SEMESTRE DE 2021,INGENIERIA,INGENIERIA DE SISTEMAS Y COMPUTACION,Diurna,Presencial,SOGAMOSO,C.C.,1994-08-20,M,2,PERDIO CUPO A130/98 ART. 80 LIT. C,DUITAMA,DUITAMA,LIT. C,30
PRIMER  SEMESTRE DE 2021,INGENIERIA,INGENIERIA DE SISTEMAS Y COMPUTACION,Diurna,Presencial,SOGAMOSO,C.C.,1991-09-16,F,2,PERDIO CUPO A130/98 ART.80 LIT. E,DUITAMA,DUITAMA,LIT. E,33
PRIMER  SEMESTRE DE 2021,INGENIERIA,INGENIERIA DE SISTEMAS Y COMPUTACION,Diurna,Presencial,SOGAMOSO,C.C.,2001-02-20,M,2,PERDIO CUPO A130/98 ART. 80 LIT. C,SOGAMOSO,SOGAMOSO,LIT. C,23
PRIMER  SEMESTRE DE 2021,INGENIERIA,INGENIERIA DE SISTEMAS Y COMPUTACION,Diurna,Presencial,SOGAMOSO,C.C.,2000-05-19,M,2,PERDIO CUPO A130/98 ART. 80 LIT. C,SOGAMOSO,SOGAMOSO,LIT. C,24
PRIMER  SEMESTRE DE 2021,INGENIERIA,INGENIERIA DE SISTEMAS Y COMPUTACION,Diurna,Presencial,TUNJA,C.C.,2001-12-07,M,2,PERDIO CUPO A130/98 ART. 80 LIT. C,SARAVENA,ARAUQUITA,LIT. C,23
PRIMER  SEMESTRE DE 2021,INGENIERIA,INGENIERIA DE SISTEMAS Y COMPUTACION,Diurna,Presencial,TUNJA,T.I.,2000-05-06,M,2,PERDIO CUPO A130/98 ART. 80 LIT. B,VILLANUEVA,VILLANUEVA,LIT. B,24
PRIMER  SEMESTRE DE 2021,INGENIERIA,INGENIERIA DE SISTEMAS Y COMPUTACION,Diurna,Presencial,TUNJA,C.C.,2000-04-25,M,3,PERDIO CUPO A130/98 ART. 80 LIT. D,TAME,BUCARAMANGA,LIT. D,24
PRIMER  SEMESTRE DE 2021,INGENIERIA,INGENIERIA DE SISTEMAS Y COMPUTACION,Diurna,Presencial,TUNJA,C.C.,1998-03-10,M,2,PERDIO CUPO A130/98 ART. 80 LIT. C,BUCARAMANGA,BOGOTÁ D.C.,LIT. C,26
PRIMER  SEMESTRE DE 2021,INGENIERIA,INGENIERIA DE SISTEMAS Y COMPUTACION,Diurna,Presencial,TUNJA,C.C.,1996-11-01,M,3,PERDIO CUPO A130/98 ART. 80 LIT. B,TURMEQUÉ,TUNJA,LIT. B,28
PRIMER  SEMESTRE DE 2021,INGENIERIA,INGENIERIA DE SISTEMAS Y COMPUTACION,Diurna,Presencial,TUNJA,C.C.,2001-02-08,M,1,PERDIO CUPO A130/98 ART. 80 LIT. C,TUNJA,TUNJA,LIT. C,23
PRIMER  SEMESTRE DE 2021,INGENIERIA,INGENIERIA DE SISTEMAS Y COMPUTACION,Diurna,Presencial,TUNJA,T.I.,2002-01-27,F,2,PERDIO CUPO A130/98 ART. 80 LIT. C,BOGOTA D.E,OICATÁ,LIT. C,22
PRIMER  SEMESTRE DE 2021,INGENIERIA,INGENIERIA DE SISTEMAS Y COMPUTACION,Diurna,Presencial,TUNJA,C.C.,2001-08-21,M,2,PERDIO CUPO A130/98 ART. 80 LIT. C,TUNJA,OICATÁ,LIT. C,23
PRIMER  SEMESTRE DE 2021,INGENIERIA,INGENIERIA DE SISTEMAS Y COMPUTACION,Diurna,Presencial,TUNJA,C.C.,2001-02-27,M,2,PERDIO CUPO A130/98 ART.80 LIT. E,SAMACÁ,TUNJA,LIT. E,23
PRIMER  SEMESTRE DE 2021,INGENIERIA,INGENIERIA DE SISTEMAS Y COMPUTACION,Diurna,Presencial,TUNJA,C.C.,1999-04-15,M,1,PERDIO CUPO A130/98 ART. 80 LIT. B,TUNJA,TUNJA,LIT. B,25
PRIMER  SEMESTRE DE 2021,INGENIERIA,INGENIERIA DE SISTEMAS Y COMPUTACION,Diurna,Presencial,TUNJA,T.I.,2002-12-12,M,1,PERDIO CUPO A130/98 ART. 80 LIT. B,BOGOTA D.E,GÜICÁN,LIT. B,22
PRIMER  SEMESTRE DE 2021,INGENIERIA,INGENIERIA DE SISTEMAS Y COMPUTACION,Diurna,Presencial,TUNJA,T.I.,2002-07-02,M,2,PERDIO CUPO A130/98 ART. 80 LIT. B,TURMEQUÉ,NUEVO COLÓN,LIT. B,22
PRIMER  SEMESTRE DE 2021,INGENIERIA,INGENIERIA DE SISTEMAS Y COMPUTACION,Diurna,Presencial,TUNJA,C.C.,1996-03-18,M,2,PERDIO CUPO A130/98 ART. 80 LIT. C,TUNJA,TUNJA,LIT. C,28
PRIMER  SEMESTRE DE 2021,INGENIERIA,INGENIERIA DE SISTEMAS Y COMPUTACION,Diurna,Presencial,TUNJA,C.C.,2001-07-04,M,2,PERDIO CUPO A130/98 ART. 80 LIT. C,TUNJA,TUNJA,LIT. C,23
PRIMER  SEMESTRE DE 2021,INGENIERIA,INGENIERIA AMBIENTAL,Diurna,Presencial,TUNJA,C.C.,1995-10-17,M,1,PERDIO CUPO A130/98 ART. 80 LIT. B,TUNJA,TUNJA,LIT. B,29
PRIMER  SEMESTRE DE 2021,INGENIERIA,INGENIERIA AMBIENTAL,Diurna,Presencial,TUNJA,C.C.,2000-12-02,M,2,PERDIO CUPO A130/98 ART. 80 LIT. C,PIEDECUESTA,PAIPA,LIT. C,24
PRIMER  SEMESTRE DE 2021,INGENIERIA,INGENIERIA AMBIENTAL,Diurna,Presencial,TUNJA,C.C.,1998-02-06,M,3,PERDIO CUPO A130/98 ART. 80 LIT. C,VILLA DE LEYVA,SANTA MARTA,LIT. C,26
PRIMER  SEMESTRE DE 2021,INGENIERIA,INGENIERIA AMBIENTAL,Diurna,Presencial,TUNJA,T.I.,2003-03-17,M,2,PERDIO CUPO A130/98 ART. 80 LIT. B,TIPACOQUE,TIPACOQUE,LIT. B,21
PRIMER  SEMESTRE DE 2021,INGENIERIA,INGENIERIA AMBIENTAL,Diurna,Presencial,TUNJA,C.C.,1990-03-22,M,2,PERDIO CUPO A130/98 ART.80 LIT. E,BOGOTA D.E,TUNJA,LIT. E,34
PRIMER  SEMESTRE DE 2021,INGENIERIA,INGENIERIA AMBIENTAL,Diurna,Presencial,TUNJA,C.C.,1989-10-25,M,3,PERDIO CUPO A130/98 ART. 80 LIT. C,TUNJA,TUNJA,LIT. C,35
PRIMER  SEMESTRE DE 2021,INGENIERIA,ARQUITECTURA,Extendida,Presencial,TUNJA,T.I.,2001-12-20,F,2,PERDIO CUPO A130/98 ART. 80 LIT. D,TIBASOSA,DUITAMA,LIT. D,23
PRIMER  SEMESTRE DE 2021,INGENIERIA,ARQUITECTURA,Extendida,Presencial,TUNJA,C.C.,2000-08-23,M,1,PERDIO CUPO A130/98 ART. 80 LIT. B,EL RETORNO,EL RETORNO,LIT. B,24
PRIMER  SEMESTRE DE 2021,INGENIERIA,ARQUITECTURA,Extendida,Presencial,TUNJA,C.C.,2000-03-24,M,1,PERDIO CUPO A130/98 ART. 80 LIT. B,TUNJA,TUNJA,LIT. B,24
PRIMER  SEMESTRE DE 2021,INGENIERIA,ESPECIALIZACION EN ESTRUCTURAS,Otra,Presencial,TUNJA,C.C.,1992-07-24,M,SIN INFORMACIÓN,PERDIO CUPO A 052/2012  ART 15 LIT.A.,TUNJA,TUNJA,LIT. A,32
PRIMER  SEMESTRE DE 2021,INGENIERIA,ESPECIALIZACION EN BASES DE DATOS,Diurna,Presencial,TUNJA,C.C.,1993-03-22,M,SIN INFORMACIÓN,PERDIO CUPO A 052/2012  ART 15 LIT.A.,TUNJA,TUNJA,LIT. A,31
PRIMER  SEMESTRE DE 2021,INGENIERIA,ESPECIALIZACION EN GESTION DE INTEGRIDAD Y CORROSION,Extendida,Virtual,TUNJA,C.C.,1990-09-10,F,SIN INFORMACIÓN,PERDIO CUPO A 052/2012  ART 15 LIT.A.,TUNJA,TUNJA,LIT. A,34
PRIMER  SEMESTRE DE 2021,INGENIERIA,ESPECIALIZACION EN GEOTECNIA,Diurna,Presencial,TUNJA,C.C.,1989-07-09,M,SIN INFORMACIÓN,PERDIO CUPO A 052/2012  ART 15 LIT.A.,VILLAVICENCIO,VILLAVICENCIO,LIT. A,35
PRIMER  SEMESTRE DE 2021,INGENIERIA,ESPECIALIZACION EN GEOTECNIA,Diurna,Presencial,TUNJA,C.C.,1978-05-25,M,SIN INFORMACIÓN,PERDIO CUPO A 052/2012  ART 15 LIT.A.,MIRAFLORES,BOGOTÁ D.C.,LIT. A,46
PRIMER  SEMESTRE DE 2021,INGENIERIA,ESPECIALIZACION EN GERENCIA DE PROYECTOS DE CONSTRUCCION,Diurna,Presencial,TUNJA,C.C.,1991-08-26,M,SIN INFORMACIÓN,PERDIO CUPO A 052/2012  ART 15 LIT.A.,ACACÍAS,BOGOTÁ D.C.,LIT. A,33
PRIMER  SEMESTRE DE 2021,INGENIERIA,MAESTRIA EN INGENIERIA AMBIENTAL,Diurna,Presencial,TUNJA,C.C.,1981-08-25,F,SIN INFORMACIÓN,PERDIO CUPO A 052/2012  ART 15 LIT.A.,TUNJA,TUNJA,LIT. A,43
PRIMER  SEMESTRE DE 2021,INGENIERIA,TECNICO PROFESIONAL EN PRODUCCION Y TRANSFORMACION DEL ACERO,Otra,Presencial,TUNJA,T.I.,2001-04-28,M,3,PERDIO CUPO A130/98 ART. 80 LIT. B,TUNJA,TUNJA,LIT. B,23
PRIMER  SEMESTRE DE 2021,INGENIERIA,TECNICO PROFESIONAL EN PRODUCCION Y TRANSFORMACION DEL ACERO,Otra,Presencial,TUNJA,T.I.,2003-02-27,F,3,PERDIO CUPO A130/98 ART. 80 LIT. D,TUNJA,GÜICÁN,LIT. D,21
PRIMER  SEMESTRE DE 2021,SECCIONAL CHIQUINQUIRA,ADMINISTRACION DE EMPRESAS,Extendida,Presencial,CHIQUINQUIRA,C.C.,1993-09-13,F,1,PERDIO CUPO A130/98 ART.80 LIT. E,CHIQUINQUIRÁ,CHIQUINQUIRÁ,LIT. E,31
PRIMER  SEMESTRE DE 2021,SECCIONAL CHIQUINQUIRA,ADMINISTRACION DE EMPRESAS,Extendida,Presencial,CHIQUINQUIRA,C.C.,1996-09-01,M,3,PERDIO CUPO A130/98 ART. 80 LIT. C,SIMIJACA,SIMIJACA,LIT. C,28
PRIMER  SEMESTRE DE 2021,SECCIONAL CHIQUINQUIRA,ADMINISTRACION DE EMPRESAS,Extendida,Presencial,CHIQUINQUIRA,C.C.,2001-01-17,F,2,PERDIO CUPO A130/98 ART. 80 LIT. B,RÁQUIRA,RÁQUIRA,LIT. B,23
PRIMER  SEMESTRE DE 2021,SECCIONAL CHIQUINQUIRA,ADMINISTRACION DE EMPRESAS,Extendida,Presencial,CHIQUINQUIRA,C.C.,1994-06-15,M,2,PERDIO CUPO A130/98 ART. 80 LIT. C,SABOYÁ,SABOYÁ,LIT. C,30
PRIMER  SEMESTRE DE 2021,SECCIONAL CHIQUINQUIRA,ADMINISTRACION DE EMPRESAS,Extendida,Presencial,CHIQUINQUIRA,C.C.,1998-01-25,F,1,PERDIO CUPO A130/98 ART. 80 LIT. D,OTANCHE,CHIQUINQUIRÁ,LIT. D,26
PRIMER  SEMESTRE DE 2021,SECCIONAL CHIQUINQUIRA,ADMINISTRACION DE EMPRESAS,Extendida,Presencial,CHIQUINQUIRA,C.C.,1999-01-16,M,3,PERDIO CUPO A130/98 ART. 80 LIT. D,CHIQUINQUIRÁ,CHIQUINQUIRÁ,LIT. D,25
PRIMER  SEMESTRE DE 2021,SECCIONAL CHIQUINQUIRA,ADMINISTRACION DE EMPRESAS,Extendida,Presencial,CHIQUINQUIRA,C.C.,1997-12-20,M,2,PERDIO CUPO A130/98 ART. 80 LIT. B,AQUITANIA,AQUITANIA,LIT. B,27
PRIMER  SEMESTRE DE 2021,SECCIONAL CHIQUINQUIRA,ADMINISTRACION DE EMPRESAS,Extendida,Presencial,CHIQUINQUIRA,C.C.,1998-04-05,M,2,PERDIO CUPO A130/98 ART. 80 LIT. C,CHIQUINQUIRÁ,BOGOTÁ D.C.,LIT. C,26
PRIMER  SEMESTRE DE 2021,SECCIONAL CHIQUINQUIRA,ADMINISTRACION DE EMPRESAS,Extendida,Presencial,CHIQUINQUIRA,C.C.,1995-07-21,M,1,PERDIO CUPO A130/98 ART. 80 LIT. D,CHIQUINQUIRÁ,CHIQUINQUIRÁ,LIT. D,29
PRIMER  SEMESTRE DE 2021,SECCIONAL CHIQUINQUIRA,ADMINISTRACION DE EMPRESAS,Extendida,Presencial,CHIQUINQUIRA,T.I.,2003-02-28,M,2,PERDIO CUPO A130/98 ART. 80 LIT. C,BOGOTÁ D.C.,IBAGUÉ,LIT. C,21
PRIMER  SEMESTRE DE 2021,SECCIONAL CHIQUINQUIRA,ADMINISTRACION DE EMPRESAS,Extendida,Presencial,CHIQUINQUIRA,C.C.,1998-02-12,M,2,PERDIO CUPO A130/98 ART. 80 LIT. C,CHIQUINQUIRÁ,CHIQUINQUIRÁ,LIT. C,26
PRIMER  SEMESTRE DE 2021,SECCIONAL CHIQUINQUIRA,ADMINISTRACION DE EMPRESAS,Extendida,Presencial,CHIQUINQUIRA,C.C.,1991-10-01,M,3,PERDIO CUPO A130/98 ART. 80 LIT. C,SOGAMOSO,SOGAMOSO,LIT. C,33
PRIMER  SEMESTRE DE 2021,SECCIONAL CHIQUINQUIRA,CONTADURIA PUBLICA,Nocturna,Presencial,CHIQUINQUIRA,C.C.,1989-01-24,F,SIN INFORMACIÓN,PERDIO CUPO A130/98 ART.80 LIT. E,SIMIJACA,SIMIJACA,LIT. E,35
PRIMER  SEMESTRE DE 2021,SECCIONAL CHIQUINQUIRA,CONTADURIA PUBLICA,Nocturna,Presencial,CHIQUINQUIRA,C.C.,1992-03-23,F,SIN INFORMACIÓN,PERDIO CUPO A130/98 ART.80 LIT. E,SOGAMOSO,SOGAMOSO,LIT. E,32
PRIMER  SEMESTRE DE 2021,SECCIONAL CHIQUINQUIRA,CONTADURIA PUBLICA,Nocturna,Presencial,CHIQUINQUIRA,C.C.,1999-01-14,F,3,PERDIO CUPO A130/98 ART. 80 LIT. C,CHIQUINQUIRÁ,CHIQUINQUIRÁ,LIT. C,25
PRIMER  SEMESTRE DE 2021,SECCIONAL CHIQUINQUIRA,CONTADURIA PUBLICA,Nocturna,Presencial,CHIQUINQUIRA,C.C.,1993-01-10,M,SIN INFORMACIÓN,PERDIO CUPO A130/98 ART. 80 LIT. C,CHIQUINQUIRÁ,CHIQUINQUIRÁ,LIT. C,31
PRIMER  SEMESTRE DE 2021,SECCIONAL CHIQUINQUIRA,CONTADURIA PUBLICA,Nocturna,Presencial,CHIQUINQUIRA,C.C.,1995-02-27,F,1,PERDIO CUPO A130/98 ART.80 LIT. E,BOGOTA D.E,PAUNA,LIT. E,29
PRIMER  SEMESTRE DE 2021,SECCIONAL CHIQUINQUIRA,CONTADURIA PUBLICA,Nocturna,Presencial,CHIQUINQUIRA,C.C.,1991-05-01,M,3,PERDIO CUPO A130/98 ART. 80 LIT. C,CHIQUINQUIRÁ,CHIQUINQUIRÁ,LIT. C,33
PRIMER  SEMESTRE DE 2021,SECCIONAL CHIQUINQUIRA,CONTADURIA PUBLICA,Nocturna,Presencial,CHIQUINQUIRA,C.C.,1993-07-23,F,2,PERDIO CUPO A130/98 ART. 80 LIT. B,TUNJA,TUNJA,LIT. B,31
PRIMER  SEMESTRE DE 2021,SECCIONAL CHIQUINQUIRA,CONTADURIA PUBLICA,Nocturna,Presencial,CHIQUINQUIRA,C.C.,1998-05-15,F,1,PERDIO CUPO A130/98 ART. 80 LIT. A,CHIQUINQUIRÁ,CHIQUINQUIRÁ,LIT. A,26
PRIMER  SEMESTRE DE 2021,SECCIONAL CHIQUINQUIRA,CONTADURIA PUBLICA,Nocturna,Presencial,CHIQUINQUIRA,C.C.,1996-10-01,F,2,PERDIO CUPO A130/98 ART.80 LIT. E,TUNJA,CHIQUINQUIRÁ,LIT. E,28
PRIMER  SEMESTRE DE 2021,SECCIONAL CHIQUINQUIRA,CONTADURIA PUBLICA,Nocturna,Presencial,CHIQUINQUIRA,C.C.,1997-06-22,F,3,PERDIO CUPO A130/98 ART. 80 LIT. C,AGUAZUL,AGUAZUL,LIT. C,27
PRIMER  SEMESTRE DE 2021,SECCIONAL CHIQUINQUIRA,CONTADURIA PUBLICA,Nocturna,Presencial,CHIQUINQUIRA,T.I.,2003-06-18,F,2,PERDIO CUPO A130/98 ART. 80 LIT. C,PAUNA,TUNJA,LIT. C,21
PRIMER  SEMESTRE DE 2021,SECCIONAL CHIQUINQUIRA,CONTADURIA PUBLICA,Nocturna,Presencial,CHIQUINQUIRA,C.C.,1995-05-29,F,2,PERDIO CUPO A130/98 ART.80 LIT. E,CHIQUINQUIRÁ,CHIQUINQUIRÁ,LIT. E,29
PRIMER  SEMESTRE DE 2021,SECCIONAL CHIQUINQUIRA,CONTADURIA PUBLICA,Nocturna,Presencial,CHIQUINQUIRA,T.I.,2001-07-28,F,2,PERDIO CUPO A130/98 ART. 80 LIT. D,OTANCHE,BARBOSA,LIT. D,23
PRIMER  SEMESTRE DE 2021,SECCIONAL CHIQUINQUIRA,CONTADURIA PUBLICA,Nocturna,Presencial,CHIQUINQUIRA,T.I.,2002-03-20,F,1,PERDIO CUPO A130/98 ART. 80 LIT. C,PITALITO,BOLÍVAR,LIT. C,22
PRIMER  SEMESTRE DE 2021,SECCIONAL CHIQUINQUIRA,MAESTRIA EN DERECHOS HUMANOS,Otra,Presencial,CHIQUINQUIRA,C.C.,1990-12-08,M,SIN INFORMACIÓN,PERDIO CUPO A 052/2012  ART 15 LIT.A.,BOGOTÁ D.C.,BOGOTÁ D.C.,LIT. A,34
PRIMER  SEMESTRE DE 2021,SECCIONAL DUITAMA,LICENCIATURA EN TECNOLOGIA,Diurna,Presencial,DUITAMA,C.C.,2000-02-18,M,2,PERDIO CUPO A130/98 ART. 80 LIT. B,DUITAMA,DUITAMA,LIT. B,24
PRIMER  SEMESTRE DE 2021,SECCIONAL DUITAMA,LICENCIATURA EN TECNOLOGIA,Diurna,Presencial,DUITAMA,C.C.,1999-09-16,F,1,PERDIO CUPO A130/98 ART.80 LIT. E,PAZ DE RÍO,DUITAMA,LIT. E,25
PRIMER  SEMESTRE DE 2021,SECCIONAL DUITAMA,LICENCIATURA EN TECNOLOGIA,Diurna,Presencial,DUITAMA,T.I.,2002-02-28,M,2,PERDIO CUPO A130/98 ART. 80 LIT. C,DUITAMA,DUITAMA,LIT. C,22
PRIMER  SEMESTRE DE 2021,SECCIONAL DUITAMA,LICENCIATURA EN TECNOLOGIA,Diurna,Presencial,DUITAMA,C.C.,1998-08-10,M,1,PERDIO CUPO A130/98 ART. 80 LIT. B,DUITAMA,DUITAMA,LIT. B,26
PRIMER  SEMESTRE DE 2021,SECCIONAL DUITAMA,LICENCIATURA EN TECNOLOGIA,Diurna,Presencial,DUITAMA,C.C.,1996-03-21,M,1,PERDIO CUPO A130/98 ART. 80 LIT. C,TUNJA,TUNJA,LIT. C,28
PRIMER  SEMESTRE DE 2021,SECCIONAL DUITAMA,LICENCIATURA EN TECNOLOGIA,Diurna,Presencial,DUITAMA,C.C.,2000-05-25,M,2,PERDIO CUPO A130/98 ART. 80 LIT. C,SOGAMOSO,NOBSA,LIT. C,24
PRIMER  SEMESTRE DE 2021,SECCIONAL DUITAMA,LICENCIATURA EN TECNOLOGIA,Diurna,Presencial,DUITAMA,C.C.,2002-08-27,M,2,PERDIO CUPO A130/98 ART. 80 LIT. B,BOGOTÁ D.C.,DUITAMA,LIT. B,22
PRIMER  SEMESTRE DE 2021,SECCIONAL DUITAMA,LICENCIATURA EN TECNOLOGIA,Diurna,Presencial,DUITAMA,C.C.,1996-08-24,M,2,PERDIO CUPO A130/98 ART. 80 LIT. C,CHITA,DUITAMA,LIT. C,28
PRIMER  SEMESTRE DE 2021,SECCIONAL DUITAMA,LICENCIATURA EN TECNOLOGIA,Diurna,Presencial,DUITAMA,C.C.,1995-06-05,M,1,PERDIO CUPO A130/98 ART. 80 LIT. D,PAIPA,PAIPA,LIT. D,29
PRIMER  SEMESTRE DE 2021,SECCIONAL DUITAMA,LICENCIATURA EN TECNOLOGIA,Diurna,Presencial,DUITAMA,C.C.,1998-06-29,M,2,PERDIO CUPO A130/98 ART. 80 LIT. B,DUITAMA,NOBSA,LIT. B,26
PRIMER  SEMESTRE DE 2021,SECCIONAL DUITAMA,LICENCIATURA EN TECNOLOGIA,Diurna,Presencial,DUITAMA,C.C.,1999-04-30,M,2,PERDIO CUPO A130/98 ART. 80 LIT. D,SOGAMOSO,DUITAMA,LIT. D,25
PRIMER  SEMESTRE DE 2021,SECCIONAL DUITAMA,LICENCIATURA EN TECNOLOGIA,Diurna,Presencial,DUITAMA,C.C.,1999-09-12,F,2,PERDIO CUPO A130/98 ART. 80 LIT. B,PAIPA,PAIPA,LIT. B,25
PRIMER  SEMESTRE DE 2021,SECCIONAL DUITAMA,LICENCIATURA EN TECNOLOGIA,Diurna,Presencial,DUITAMA,T.I.,2002-03-18,F,2,PERDIO CUPO A130/98 ART.80 LIT. E,BELÉN,BELÉN,LIT. E,22
PRIMER  SEMESTRE DE 2021,SECCIONAL DUITAMA,LICENCIATURA EN TECNOLOGIA,Diurna,Presencial,DUITAMA,C.C.,2000-05-04,M,2,PERDIO CUPO A130/98 ART. 80 LIT. C,SOGAMOSO,SOGAMOSO,LIT. C,24
PRIMER  SEMESTRE DE 2021,SECCIONAL DUITAMA,LICENCIATURA EN TECNOLOGIA,Diurna,Presencial,DUITAMA,C.C.,1999-06-22,M,1,PERDIO CUPO A130/98 ART. 80 LIT. B,DUITAMA,DUITAMA,LIT. B,25
PRIMER  SEMESTRE DE 2021,SECCIONAL DUITAMA,LICENCIATURA EN TECNOLOGIA,Diurna,Presencial,DUITAMA,C.C.,1994-03-22,F,2,PERDIO CUPO A130/98 ART. 80 LIT. C,BOGOTÁ D.C.,BOGOTÁ D.C.,LIT. C,30
PRIMER  SEMESTRE DE 2021,SECCIONAL DUITAMA,LICENCIATURA EN MATEMATICAS Y ESTADISTICA,Extendida,Presencial,DUITAMA,C.C.,1991-10-28,F,1,PERDIO CUPO A130/98 ART.80 LIT. E,DUITAMA,DUITAMA,LIT. E,33
PRIMER  SEMESTRE DE 2021,SECCIONAL DUITAMA,INGENIERIA ELECTROMECANICA,Diurna,Presencial,DUITAMA,C.C.,1991-08-25,M,SIN INFORMACIÓN,PERDIO CUPO A130/98 ART. 80 LIT. D,PAIPA,PAIPA,LIT. D,33
PRIMER  SEMESTRE DE 2021,SECCIONAL DUITAMA,INGENIERIA ELECTROMECANICA,Diurna,Presencial,DUITAMA,C.C.,1995-06-12,M,2,PERDIO CUPO A130/98 ART.80 LIT. E,CHARALÁ,CHARALÁ,LIT. E,29
PRIMER  SEMESTRE DE 2021,SECCIONAL DUITAMA,INGENIERIA ELECTROMECANICA,Diurna,Presencial,DUITAMA,C.C.,1995-12-07,M,2,PERDIO CUPO A130/98 ART.80 LIT. E,TASCO,DUITAMA,LIT. E,29
PRIMER  SEMESTRE DE 2021,SECCIONAL DUITAMA,INGENIERIA ELECTROMECANICA,Diurna,Presencial,DUITAMA,C.C.,1999-09-17,M,2,PERDIO CUPO A130/98 ART.80 LIT. E,SAMACÁ,SAMACÁ,LIT. E,25
PRIMER  SEMESTRE DE 2021,SECCIONAL DUITAMA,INGENIERIA ELECTROMECANICA,Diurna,Presencial,DUITAMA,C.C.,2003-06-26,M,1,PERDIO CUPO A130/98 ART. 80 LIT. B,SOGAMOSO,SOGAMOSO,LIT. B,21
PRIMER  SEMESTRE DE 2021,SECCIONAL DUITAMA,INGENIERIA ELECTROMECANICA,Diurna,Presencial,DUITAMA,C.C.,2002-02-03,M,2,PERDIO CUPO A130/98 ART. 80 LIT. B,TUNJA,SANTA ROSA DE VITERBO,LIT. B,22
PRIMER  SEMESTRE DE 2021,SECCIONAL DUITAMA,INGENIERIA ELECTROMECANICA,Diurna,Presencial,DUITAMA,T.I.,2001-11-17,M,1,PERDIO CUPO A130/98 ART. 80 LIT. D,TUNJA,TUNJA,LIT. D,23
PRIMER  SEMESTRE DE 2021,SECCIONAL DUITAMA,INGENIERIA ELECTROMECANICA,Diurna,Presencial,DUITAMA,C.C.,1998-09-01,M,1,PERDIO CUPO A130/98 ART.80 LIT. E,DUITAMA,DUITAMA,LIT. E,26
PRIMER  SEMESTRE DE 2021,SECCIONAL DUITAMA,INGENIERIA ELECTROMECANICA,Diurna,Presencial,DUITAMA,T.I.,2000-08-01,M,2,PERDIO CUPO A130/98 ART. 80 LIT. B,SOGAMOSO,SOGAMOSO,LIT. B,24
PRIMER  SEMESTRE DE 2021,SECCIONAL DUITAMA,INGENIERIA ELECTROMECANICA,Diurna,Presencial,DUITAMA,T.I.,2002-08-31,M,4,PERDIO CUPO A130/98 ART. 80 LIT. C,DUITAMA,SOGAMOSO,LIT. C,22
PRIMER  SEMESTRE DE 2021,SECCIONAL DUITAMA,INGENIERIA ELECTROMECANICA,Diurna,Presencial,DUITAMA,C.C.,1992-08-06,M,SIN INFORMACIÓN,PERDIO CUPO A130/98 ART.80 LIT. E,BOGOTA D.E,BOGOTA D.E,LIT. E,32
PRIMER  SEMESTRE DE 2021,SECCIONAL DUITAMA,INGENIERIA ELECTROMECANICA,Diurna,Presencial,DUITAMA,C.C.,2001-10-10,M,3,PERDIO CUPO A130/98 ART. 80 LIT. B,CIÉNAGA,CIÉNAGA,LIT. B,23
PRIMER  SEMESTRE DE 2021,SECCIONAL DUITAMA,INGENIERIA ELECTROMECANICA,Diurna,Presencial,DUITAMA,C.C.,1993-02-13,M,3,PERDIO CUPO A130/98 ART. 80 LIT. C,DUITAMA,DUITAMA,LIT. C,31
PRIMER  SEMESTRE DE 2021,SECCIONAL DUITAMA,INGENIERIA ELECTROMECANICA,Diurna,Presencial,DUITAMA,C.C.,2000-09-30,M,2,PERDIO CUPO A130/98 ART. 80 LIT. B,SOGAMOSO,SOGAMOSO,LIT. B,24
PRIMER  SEMESTRE DE 2021,SECCIONAL DUITAMA,INGENIERIA ELECTROMECANICA,Diurna,Presencial,DUITAMA,T.I.,2003-05-13,M,2,PERDIO CUPO A130/98 ART. 80 LIT. D,DUITAMA,DUITAMA,LIT. D,21
PRIMER  SEMESTRE DE 2021,SECCIONAL DUITAMA,INGENIERIA ELECTROMECANICA,Diurna,Presencial,DUITAMA,T.I.,2003-05-23,M,2,PERDIO CUPO A130/98 ART. 80 LIT. C,TUNJA,GÜICÁN,LIT. C,21
PRIMER  SEMESTRE DE 2021,SECCIONAL DUITAMA,INGENIERIA ELECTROMECANICA,Diurna,Presencial,DUITAMA,T.I.,2003-02-26,M,2,PERDIO CUPO A130/98 ART. 80 LIT. B,DUITAMA,DUITAMA,LIT. B,21
PRIMER  SEMESTRE DE 2021,SECCIONAL DUITAMA,INGENIERIA ELECTROMECANICA,Diurna,Presencial,DUITAMA,T.I.,2002-02-25,M,2,PERDIO CUPO A130/98 ART. 80 LIT. C,SOTAQUIRÁ,TUNJA,LIT. C,22
PRIMER  SEMESTRE DE 2021,SECCIONAL DUITAMA,ADMINISTRACION TURISTICA Y HOTELERA,Diurna,Presencial,DUITAMA,T.I.,2001-06-09,M,2,PERDIO CUPO A130/98 ART. 80 LIT. D,NOBSA,NOBSA,LIT. D,23
PRIMER  SEMESTRE DE 2021,SECCIONAL DUITAMA,ADMINISTRACION TURISTICA Y HOTELERA,Diurna,Presencial,DUITAMA,C.C.,1995-10-07,M,2,PERDIO CUPO A130/98 ART.80 LIT. E,SOGAMOSO,SOGAMOSO,LIT. E,29
PRIMER  SEMESTRE DE 2021,SECCIONAL DUITAMA,ADMINISTRACION TURISTICA Y HOTELERA,Diurna,Presencial,DUITAMA,C.C.,1998-05-17,F,1,PERDIO CUPO A130/98 ART. 80 LIT. D,SOGAMOSO,AQUITANIA,LIT. D,26
PRIMER  SEMESTRE DE 2021,SECCIONAL DUITAMA,ADMINISTRACION TURISTICA Y HOTELERA,Diurna,Presencial,DUITAMA,C.C.,1992-03-09,F,SIN INFORMACIÓN,PERDIO CUPO A130/98 ART.80 LIT. E,SOGAMOSO,BOGOTA D.E,LIT. E,32
PRIMER  SEMESTRE DE 2021,SECCIONAL DUITAMA,ADMINISTRACION TURISTICA Y HOTELERA,Diurna,Presencial,DUITAMA,C.C.,2000-09-07,F,2,PERDIO CUPO A130/98 ART. 80 LIT. C,GARAGOA,DUITAMA,LIT. C,24
PRIMER  SEMESTRE DE 2021,SECCIONAL DUITAMA,ADMINISTRACION TURISTICA Y HOTELERA,Diurna,Presencial,DUITAMA,C.C.,1996-06-03,F,1,PERDIO CUPO A130/98 ART. 80 LIT. D,SOGAMOSO,SOGAMOSO,LIT. D,28
PRIMER  SEMESTRE DE 2021,SECCIONAL DUITAMA,ADMINISTRACION TURISTICA Y HOTELERA,Diurna,Presencial,DUITAMA,C.C.,1992-10-22,F,2,PERDIO CUPO A130/98 ART. 80 LIT. D,DUITAMA,DUITAMA,LIT. D,32
PRIMER  SEMESTRE DE 2021,SECCIONAL DUITAMA,ADMINISTRACION TURISTICA Y HOTELERA,Diurna,Presencial,DUITAMA,C.C.,1994-11-16,M,2,PERDIO CUPO A130/98 ART.80 LIT. E,TASCO,SOGAMOSO,LIT. E,30
PRIMER  SEMESTRE DE 2021,SECCIONAL DUITAMA,ADMINISTRACION TURISTICA Y HOTELERA,Diurna,Presencial,DUITAMA,C.C.,1994-10-26,M,2,PERDIO CUPO A130/98 ART.80 LIT. E,DUITAMA,DUITAMA,LIT. E,30
PRIMER  SEMESTRE DE 2021,SECCIONAL DUITAMA,ADMINISTRACION TURISTICA Y HOTELERA,Diurna,Presencial,DUITAMA,C.C.,1997-09-03,F,3,PERDIO CUPO A130/98 ART.80 LIT. E,CERINZA,DUITAMA,LIT. E,27
PRIMER  SEMESTRE DE 2021,SECCIONAL DUITAMA,ADMINISTRACION TURISTICA Y HOTELERA,Diurna,Presencial,DUITAMA,C.C.,1992-09-24,M,1,PERDIO CUPO A130/98 ART.80 LIT. E,DUITAMA,DUITAMA,LIT. E,32
PRIMER  SEMESTRE DE 2021,SECCIONAL DUITAMA,ADMINISTRACION DE EMPRESAS AGROPECUARIAS,Diurna,Presencial,DUITAMA,C.C.,1999-12-28,M,2,PERDIO CUPO A130/98 ART. 80 LIT. B,DUITAMA,PAIPA,LIT. B,25
PRIMER  SEMESTRE DE 2021,SECCIONAL DUITAMA,ADMINISTRACION DE EMPRESAS AGROPECUARIAS,Diurna,Presencial,DUITAMA,C.C.,1998-05-01,F,1,PERDIO CUPO A130/98 ART.80 LIT. E,SOGAMOSO,SOGAMOSO,LIT. E,26
PRIMER  SEMESTRE DE 2021,SECCIONAL DUITAMA,ADMINISTRACION DE EMPRESAS AGROPECUARIAS,Diurna,Presencial,DUITAMA,T.I.,2002-12-29,M,2,PERDIO CUPO A130/98 ART. 80 LIT. C,SOCOTÁ,SOCHA,LIT. C,22
PRIMER  SEMESTRE DE 2021,SECCIONAL DUITAMA,ADMINISTRACION DE EMPRESAS AGROPECUARIAS,Diurna,Presencial,DUITAMA,C.C.,1992-09-07,M,2,PERDIO CUPO A130/98 ART. 80 LIT. D,SANTA ROSA DE VITERBO,DUITAMA,LIT. D,32
PRIMER  SEMESTRE DE 2021,SECCIONAL DUITAMA,ADMINISTRACION DE EMPRESAS AGROPECUARIAS,Diurna,Presencial,DUITAMA,C.C.,1996-05-14,M,2,PERDIO CUPO A130/98 ART. 80 LIT. C,DUITAMA,DUITAMA,LIT. C,28
PRIMER  SEMESTRE DE 2021,SECCIONAL DUITAMA,ADMINISTRACION DE EMPRESAS AGROPECUARIAS,Diurna,Presencial,DUITAMA,C.C.,1994-11-08,M,2,PERDIO CUPO A130/98 ART.80 LIT. E,DUITAMA,DUITAMA,LIT. E,30
PRIMER  SEMESTRE DE 2021,SECCIONAL DUITAMA,ADMINISTRACION DE EMPRESAS AGROPECUARIAS,Diurna,Presencial,DUITAMA,C.C.,1988-06-06,M,2,PERDIO CUPO A130/98 ART.80 LIT. E,PAIPA,PAIPA,LIT. E,36
PRIMER  SEMESTRE DE 2021,SECCIONAL DUITAMA,ADMINISTRACION DE EMPRESAS AGROPECUARIAS,Diurna,Presencial,DUITAMA,C.C.,1992-10-20,M,SIN INFORMACIÓN,PERDIO CUPO A130/98 ART. 80 LIT. D,VILLAVICENCIO,VILLAVICENCIO,LIT. D,32
PRIMER  SEMESTRE DE 2021,SECCIONAL DUITAMA,ADMINISTRACION DE EMPRESAS AGROPECUARIAS,Diurna,Presencial,DUITAMA,C.C.,1994-10-22,M,2,PERDIO CUPO A130/98 ART.80 LIT. E,DUITAMA,DUITAMA,LIT. E,30
PRIMER  SEMESTRE DE 2021,SECCIONAL DUITAMA,ADMINISTRACION INDUSTRIAL,Diurna,Presencial,DUITAMA,C.C.,1994-06-09,M,2,PERDIO CUPO A130/98 ART. 80 LIT. C,SOGAMOSO,SOGAMOSO,LIT. C,30
PRIMER  SEMESTRE DE 2021,SECCIONAL DUITAMA,ADMINISTRACION INDUSTRIAL,Diurna,Presencial,DUITAMA,C.C.,1998-07-14,F,2,PERDIO CUPO A130/98 ART. 80 LIT. C,SOGAMOSO,SOGAMOSO,LIT. C,26
PRIMER  SEMESTRE DE 2021,SECCIONAL DUITAMA,ADMINISTRACION INDUSTRIAL,Diurna,Presencial,DUITAMA,T.I.,2002-12-10,M,1,PERDIO CUPO A130/98 ART. 80 LIT. B,DUITAMA,DUITAMA,LIT. B,22
PRIMER  SEMESTRE DE 2021,SECCIONAL DUITAMA,ADMINISTRACION INDUSTRIAL,Diurna,Presencial,DUITAMA,C.C.,1992-06-06,M,2,PERDIO CUPO A130/98 ART.80 LIT. E,DUITAMA,DUITAMA,LIT. E,32
PRIMER  SEMESTRE DE 2021,SECCIONAL DUITAMA,ADMINISTRACION INDUSTRIAL,Diurna,Presencial,DUITAMA,C.C.,1995-08-31,M,SIN INFORMACIÓN,PERDIO CUPO A130/98 ART.80 LIT. E,YOPAL,SOGAMOSO,LIT. E,29
PRIMER  SEMESTRE DE 2021,SECCIONAL DUITAMA,ADMINISTRACION INDUSTRIAL,Diurna,Presencial,DUITAMA,C.C.,1999-06-30,M,1,PERDIO CUPO A130/98 ART. 80 LIT. C,DUITAMA,DUITAMA,LIT. C,25
PRIMER  SEMESTRE DE 2021,SECCIONAL DUITAMA,ADMINISTRACION INDUSTRIAL,Diurna,Presencial,DUITAMA,T.I.,2002-09-30,F,2,PERDIO CUPO A130/98 ART. 80 LIT. B,DUITAMA,DUITAMA,LIT. B,22
PRIMER  SEMESTRE DE 2021,SECCIONAL DUITAMA,DISEÑO INDUSTRIAL,Diurna,Presencial,DUITAMA,C.C.,2000-01-24,M,2,PERDIO CUPO A130/98 ART. 80 LIT. C,SOGAMOSO,DUITAMA,LIT. C,24
PRIMER  SEMESTRE DE 2021,SECCIONAL DUITAMA,DISEÑO INDUSTRIAL,Diurna,Presencial,DUITAMA,C.C.,1999-02-10,M,4,PERDIO CUPO A130/98 ART. 80 LIT. C,EXTRANJERO,DUITAMA,LIT. C,25
PRIMER  SEMESTRE DE 2021,SECCIONAL DUITAMA,DISEÑO INDUSTRIAL,Diurna,Presencial,DUITAMA,C.C.,1996-12-31,M,2,PERDIO CUPO A130/98 ART. 80 LIT. D,DUITAMA,DUITAMA,LIT. D,28
PRIMER  SEMESTRE DE 2021,SECCIONAL DUITAMA,DISEÑO INDUSTRIAL,Diurna,Presencial,DUITAMA,C.C.,1998-07-18,M,2,PERDIO CUPO A130/98 ART. 80 LIT. D,BOGOTÁ D.C.,SOGAMOSO,LIT. D,26
PRIMER  SEMESTRE DE 2021,SECCIONAL DUITAMA,DISEÑO INDUSTRIAL,Diurna,Presencial,DUITAMA,T.I.,2002-03-01,M,2,PERDIO CUPO A130/98 ART. 80 LIT. B,TUNJA,PAIPA,LIT. B,22
PRIMER  SEMESTRE DE 2021,SECCIONAL DUITAMA,DISEÑO INDUSTRIAL,Diurna,Presencial,DUITAMA,C.C.,1999-05-22,M,2,PERDIO CUPO A130/98 ART. 80 LIT. C,SOGAMOSO,SOGAMOSO,LIT. C,25
PRIMER  SEMESTRE DE 2021,SECCIONAL DUITAMA,DISEÑO INDUSTRIAL,Diurna,Presencial,DUITAMA,C.C.,1999-12-23,M,3,PERDIO CUPO A130/98 ART. 80 LIT. D,TUNJA,TUNJA,LIT. D,25
PRIMER  SEMESTRE DE 2021,SECCIONAL DUITAMA,DISEÑO INDUSTRIAL,Diurna,Presencial,DUITAMA,C.C.,1996-03-30,M,2,PERDIO CUPO A130/98 ART. 80 LIT. C,RAMIRIQUÍ,RAMIRIQUÍ,LIT. C,28
PRIMER  SEMESTRE DE 2021,SECCIONAL DUITAMA,LICENCIATURA EN MATEMATICAS,Diurna,Presencial,DUITAMA,C.C.,2000-01-17,M,2,PERDIO CUPO A130/98 ART. 80 LIT. B,PAIPA,PAIPA,LIT. B,24
PRIMER  SEMESTRE DE 2021,SECCIONAL DUITAMA,LICENCIATURA EN MATEMATICAS,Diurna,Presencial,DUITAMA,C.C.,1998-10-01,M,1,PERDIO CUPO A130/98 ART.80 LIT. E,DUITAMA,DUITAMA,LIT. E,26
PRIMER  SEMESTRE DE 2021,SECCIONAL DUITAMA,LICENCIATURA EN MATEMATICAS,Diurna,Presencial,DUITAMA,C.C.,1999-02-23,M,2,PERDIO CUPO A130/98 ART. 80 LIT. B,PAZ DE RÍO,DUITAMA,LIT. B,25
PRIMER  SEMESTRE DE 2021,SECCIONAL DUITAMA,LICENCIATURA EN MATEMATICAS,Diurna,Presencial,DUITAMA,T.I.,2002-03-28,M,1,PERDIO CUPO A130/98 ART. 80 LIT. C,BUCARAMANGA,ARAUQUITA,LIT. C,22
PRIMER  SEMESTRE DE 2021,SECCIONAL DUITAMA,LICENCIATURA EN MATEMATICAS,Diurna,Presencial,DUITAMA,C.C.,1999-10-10,F,2,PERDIO CUPO A130/98 ART. 80 LIT. C,DUITAMA,DUITAMA,LIT. C,25
PRIMER  SEMESTRE DE 2021,SECCIONAL DUITAMA,LICENCIATURA EN MATEMATICAS,Diurna,Presencial,DUITAMA,C.C.,2001-02-25,M,2,PERDIO CUPO A130/98 ART. 80 LIT. C,TUNJA,TIBASOSA,LIT. C,23
PRIMER  SEMESTRE DE 2021,SECCIONAL DUITAMA,ESPECIALIZACION EN GESTION ESTRATEGICA DE PROYECTOS,Otra,Presencial,DUITAMA,C.C.,1991-09-23,M,SIN INFORMACIÓN,PERDIO CUPO A 052/2012  ART 15 LIT.A.,VILLAVICENCIO,TUNJA,LIT. A,33
PRIMER  SEMESTRE DE 2021,SECCIONAL DUITAMA,ESPECIALIZACION EN ESTADISTICA,Otra,Presencial,DUITAMA,C.C.,1987-01-16,F,SIN INFORMACIÓN,PERDIO CUPO A 052/2012  ART 15 LIT.A.,TUNJA,BOGOTA D.E,LIT. A,37
PRIMER  SEMESTRE DE 2021,SECCIONAL DUITAMA,ESPECIALIZACION EN ESTADISTICA,Otra,Presencial,DUITAMA,C.C.,1982-07-24,M,SIN INFORMACIÓN,PERDIO CUPO A 052/2012  ART 15 LIT.A.,SAN LUIS DE GACENO,TUNJA,LIT. A,42
PRIMER  SEMESTRE DE 2021,SECCIONAL SOGAMOSO,INGENIERIA ELECTRONICA,Diurna,Presencial,SOGAMOSO,C.C.,2001-09-15,M,2,PERDIO CUPO A130/98 ART. 80 LIT. B,GARAGOA,BOGOTA D.E,LIT. B,23
PRIMER  SEMESTRE DE 2021,SECCIONAL SOGAMOSO,INGENIERIA ELECTRONICA,Diurna,Presencial,SOGAMOSO,C.C.,2001-10-13,M,2,PERDIO CUPO A130/98 ART. 80 LIT. D,SOGAMOSO,SOGAMOSO,LIT. D,23
PRIMER  SEMESTRE DE 2021,SECCIONAL SOGAMOSO,INGENIERIA ELECTRONICA,Diurna,Presencial,SOGAMOSO,C.C.,1995-04-02,M,2,PERDIO CUPO A130/98 ART. 80 LIT. C,DUITAMA,MIRAFLORES,LIT. C,29
PRIMER  SEMESTRE DE 2021,SECCIONAL SOGAMOSO,INGENIERIA ELECTRONICA,Diurna,Presencial,SOGAMOSO,C.C.,2001-09-06,M,1,PERDIO CUPO A130/98 ART. 80 LIT. C,ARAUQUITA,TAME,LIT. C,23
PRIMER  SEMESTRE DE 2021,SECCIONAL SOGAMOSO,INGENIERIA ELECTRONICA,Diurna,Presencial,SOGAMOSO,C.C.,1999-09-01,M,2,PERDIO CUPO A130/98 ART. 80 LIT. B,NOBSA,NOBSA,LIT. B,25
PRIMER  SEMESTRE DE 2021,SECCIONAL SOGAMOSO,INGENIERIA ELECTRONICA,Diurna,Presencial,SOGAMOSO,T.I.,2002-09-28,M,1,PERDIO CUPO A130/98 ART. 80 LIT. C,MONTERREY,MONTERREY,LIT. C,22
PRIMER  SEMESTRE DE 2021,SECCIONAL SOGAMOSO,INGENIERIA ELECTRONICA,Diurna,Presencial,SOGAMOSO,C.C.,1997-05-11,M,2,PERDIO CUPO A130/98 ART. 80 LIT. D,DUITAMA,DUITAMA,LIT. D,27
PRIMER  SEMESTRE DE 2021,SECCIONAL SOGAMOSO,INGENIERIA GEOLOGICA,Diurna,Presencial,SOGAMOSO,T.I.,2002-01-20,M,2,PERDIO CUPO A130/98 ART. 80 LIT. C,CHIQUINQUIRÁ,CALDAS,LIT. C,22
PRIMER  SEMESTRE DE 2021,SECCIONAL SOGAMOSO,INGENIERIA GEOLOGICA,Diurna,Presencial,SOGAMOSO,C.C.,2001-07-07,M,2,PERDIO CUPO A130/98 ART.80 LIT. E,CÚCUTA,SOGAMOSO,LIT. E,23
PRIMER  SEMESTRE DE 2021,SECCIONAL SOGAMOSO,INGENIERIA GEOLOGICA,Diurna,Presencial,SOGAMOSO,C.C.,2000-08-28,M,2,PERDIO CUPO A130/98 ART. 80 LIT. C,BUCARAMANGA,BUCARAMANGA,LIT. C,24
PRIMER  SEMESTRE DE 2021,SECCIONAL SOGAMOSO,INGENIERIA GEOLOGICA,Diurna,Presencial,SOGAMOSO,C.C.,1994-03-21,M,2,PERDIO CUPO A130/98 ART. 80 LIT. C,SOGAMOSO,SOGAMOSO,LIT. C,30
PRIMER  SEMESTRE DE 2021,SECCIONAL SOGAMOSO,INGENIERIA DE MINAS,Diurna,Presencial,SOGAMOSO,C.C.,1994-12-18,M,3,PERDIO CUPO A130/98 ART. 80 LIT. D,SOGAMOSO,SOGAMOSO,LIT. D,30
PRIMER  SEMESTRE DE 2021,SECCIONAL SOGAMOSO,INGENIERIA DE MINAS,Diurna,Presencial,SOGAMOSO,T.I.,2002-06-03,M,2,PERDIO CUPO A130/98 ART. 80 LIT. B,SOCHA,SOCHA,LIT. B,22
PRIMER  SEMESTRE DE 2021,SECCIONAL SOGAMOSO,INGENIERIA DE MINAS,Diurna,Presencial,SOGAMOSO,T.I.,2003-10-31,M,3,PERDIO CUPO A130/98 ART. 80 LIT. C,TUNJA,SANTA ROSA DE VITERBO,LIT. C,21
PRIMER  SEMESTRE DE 2021,SECCIONAL SOGAMOSO,INGENIERIA DE MINAS,Diurna,Presencial,SOGAMOSO,C.C.,2000-07-25,M,1,PERDIO CUPO A130/98 ART. 80 LIT. C,SAMANIEGO,LA LLANADA,LIT. C,24
PRIMER  SEMESTRE DE 2021,SECCIONAL SOGAMOSO,INGENIERIA INDUSTRIAL,Diurna,Presencial,SOGAMOSO,T.I.,2002-04-28,F,2,PERDIO CUPO A130/98 ART. 80 LIT. C,DUITAMA,DUITAMA,LIT. C,22
PRIMER  SEMESTRE DE 2021,SECCIONAL SOGAMOSO,INGENIERIA INDUSTRIAL,Diurna,Presencial,SOGAMOSO,C.C.,1999-03-09,M,2,PERDIO CUPO A130/98 ART.80 LIT. E,SOGAMOSO,SOGAMOSO,LIT. E,25
PRIMER  SEMESTRE DE 2021,SECCIONAL SOGAMOSO,INGENIERIA INDUSTRIAL,Diurna,Presencial,SOGAMOSO,T.I.,2002-12-19,M,1,PERDIO CUPO A130/98 ART. 80 LIT. B,DUITAMA,PAIPA,LIT. B,22
PRIMER  SEMESTRE DE 2021,SECCIONAL SOGAMOSO,INGENIERIA INDUSTRIAL,Diurna,Presencial,SOGAMOSO,T.I.,2001-11-01,F,2,PERDIO CUPO A130/98 ART. 80 LIT. B,SABOYÁ,SABOYÁ,LIT. B,23
PRIMER  SEMESTRE DE 2021,SECCIONAL SOGAMOSO,INGENIERIA INDUSTRIAL,Diurna,Presencial,SOGAMOSO,C.C.,1997-11-13,F,2,PERDIO CUPO A130/98 ART. 80 LIT. B,YOPAL,YOPAL,LIT. B,27
PRIMER  SEMESTRE DE 2021,SECCIONAL SOGAMOSO,INGENIERIA INDUSTRIAL,Diurna,Presencial,SOGAMOSO,C.C.,1995-04-19,M,2,PERDIO CUPO A130/98 ART.80 LIT. E,DUITAMA,BOGOTÁ D.C.,LIT. E,29
PRIMER  SEMESTRE DE 2021,SECCIONAL SOGAMOSO,INGENIERIA INDUSTRIAL,Diurna,Presencial,SOGAMOSO,C.C.,1995-02-17,M,3,PERDIO CUPO A130/98 ART. 80 LIT. C,SOGAMOSO,SOGAMOSO,LIT. C,29
PRIMER  SEMESTRE DE 2021,SECCIONAL SOGAMOSO,INGENIERIA INDUSTRIAL,Diurna,Presencial,SOGAMOSO,C.C.,1990-01-21,M,1,PERDIO CUPO A130/98 ART. 80 LIT. D,PAIPA,PAIPA,LIT. D,34
PRIMER  SEMESTRE DE 2021,SECCIONAL SOGAMOSO,CONTADURIA PUBLICA,Diurna,Presencial,SOGAMOSO,C.C.,1999-05-05,F,3,PERDIO CUPO A130/98 ART. 80 LIT. D,SOGAMOSO,TIBASOSA,LIT. D,25
PRIMER  SEMESTRE DE 2021,SECCIONAL SOGAMOSO,CONTADURIA PUBLICA,Diurna,Presencial,SOGAMOSO,C.C.,1991-03-06,F,2,PERDIO CUPO A130/98 ART.80 LIT. E,SOGAMOSO,SOGAMOSO,LIT. E,33
PRIMER  SEMESTRE DE 2021,SECCIONAL SOGAMOSO,ADMINISTRACION DE EMPRESAS,Extendida,Presencial,SOGAMOSO,C.C.,1993-03-09,F,2,PERDIO CUPO A130/98 ART.80 LIT. E,BETÉITIVA,DUITAMA,LIT. E,31
PRIMER  SEMESTRE DE 2021,SECCIONAL SOGAMOSO,ADMINISTRACION DE EMPRESAS,Extendida,Presencial,SOGAMOSO,C.C.,1996-07-28,M,2,PERDIO CUPO A130/98 ART. 80 LIT. C,SOGAMOSO,SOGAMOSO,LIT. C,28
PRIMER  SEMESTRE DE 2021,SECCIONAL SOGAMOSO,ADMINISTRACION DE EMPRESAS,Extendida,Presencial,SOGAMOSO,T.I.,2001-09-30,M,2,PERDIO CUPO A130/98 ART.80 LIT. E,SOGAMOSO,AQUITANIA,LIT. E,23
PRIMER  SEMESTRE DE 2021,SECCIONAL SOGAMOSO,ADMINISTRACION DE EMPRESAS,Extendida,Presencial,SOGAMOSO,C.C.,1993-04-23,M,2,PERDIO CUPO A130/98 ART. 80 LIT. D,DUITAMA,DUITAMA,LIT. D,31
PRIMER  SEMESTRE DE 2021,SECCIONAL SOGAMOSO,ADMINISTRACION DE EMPRESAS,Extendida,Presencial,SOGAMOSO,C.C.,1987-07-28,M,2,PERDIO CUPO A130/98 ART. 80 LIT. C,SOGAMOSO,BOGOTA D.E,LIT. C,37
PRIMER  SEMESTRE DE 2021,SECCIONAL SOGAMOSO,ADMINISTRACION DE EMPRESAS,Extendida,Presencial,SOGAMOSO,C.C.,1995-10-01,M,3,PERDIO CUPO A130/98 ART. 80 LIT. D,SOGAMOSO,SOGAMOSO,LIT. D,29
PRIMER  SEMESTRE DE 2021,SECCIONAL SOGAMOSO,ADMINISTRACION DE EMPRESAS,Extendida,Presencial,SOGAMOSO,C.C.,1998-08-19,M,2,PERDIO CUPO A130/98 ART. 80 LIT. C,SOGAMOSO,SOGAMOSO,LIT. C,26
PRIMER  SEMESTRE DE 2021,SECCIONAL SOGAMOSO,INGENIERIA ELECTRONICA,Diurna,Presencial,TUNJA,C.C.,1998-04-23,M,2,PERDIO CUPO A130/98 ART.80 LIT. E,DUITAMA,DUITAMA,LIT. E,26
PRIMER  SEMESTRE DE 2021,SECCIONAL SOGAMOSO,INGENIERIA ELECTRONICA,Diurna,Presencial,TUNJA,C.C.,1998-09-22,M,1,PERDIO CUPO A130/98 ART.80 LIT. E,VALLEDUPAR,PUEBLO BELLO,LIT. E,26
PRIMER  SEMESTRE DE 2021,SECCIONAL SOGAMOSO,INGENIERIA ELECTRONICA,Diurna,Presencial,TUNJA,C.C.,1996-07-04,M,2,PERDIO CUPO A130/98 ART. 80 LIT. D,MÁLAGA,MÁLAGA,LIT. D,28
PRIMER  SEMESTRE DE 2021,SECCIONAL SOGAMOSO,INGENIERIA ELECTRONICA,Diurna,Presencial,TUNJA,C.C.,1997-10-25,M,3,PERDIO CUPO A130/98 ART.80 LIT. E,TUNJA,TUNJA,LIT. E,27
PRIMER  SEMESTRE DE 2021,SECCIONAL SOGAMOSO,INGENIERIA ELECTRONICA,Diurna,Presencial,TUNJA,C.C.,2001-03-18,M,1,PERDIO CUPO A130/98 ART. 80 LIT. B,ARAUCA,ARAUCA,LIT. B,23
PRIMER  SEMESTRE DE 2021,SECCIONAL SOGAMOSO,INGENIERIA ELECTRONICA,Diurna,Presencial,TUNJA,C.C.,2001-05-16,M,2,PERDIO CUPO A130/98 ART. 80 LIT. C,SAMACÁ,SAMACÁ,LIT. C,23
PRIMER  SEMESTRE DE 2021,SECCIONAL SOGAMOSO,INGENIERIA ELECTRONICA,Diurna,Presencial,TUNJA,C.C.,2000-10-18,M,2,PERDIO CUPO A130/98 ART. 80 LIT. C,TUNJA,TUNJA,LIT. C,24
PRIMER  SEMESTRE DE 2021,SECCIONAL SOGAMOSO,INGENIERIA ELECTRONICA,Diurna,Presencial,TUNJA,C.C.,1994-07-07,M,2,PERDIO CUPO A130/98 ART. 80 LIT. D,SOGAMOSO,YOPAL,LIT. D,30
PRIMER  SEMESTRE DE 2021,SECCIONAL SOGAMOSO,INGENIERIA ELECTRONICA,Diurna,Presencial,TUNJA,C.C.,1991-10-07,M,2,PERDIO CUPO A130/98 ART. 80 LIT. D,PAUNA,BOGOTÁ D.C.,LIT. D,33
PRIMER  SEMESTRE DE 2021,SECCIONAL SOGAMOSO,INGENIERIA ELECTRONICA,Diurna,Presencial,TUNJA,C.C.,1992-11-02,M,SIN INFORMACIÓN,PERDIO CUPO A130/98 ART.80 LIT. E,YOPAL,YOPAL,LIT. E,32
PRIMER  SEMESTRE DE 2021,SECCIONAL SOGAMOSO,INGENIERIA ELECTRONICA,Diurna,Presencial,TUNJA,C.C.,1998-03-28,M,2,PERDIO CUPO A130/98 ART.80 LIT. E,TUNJA,OICATÁ,LIT. E,26
PRIMER  SEMESTRE DE 2021,SECCIONAL SOGAMOSO,FINANZAS Y COMERCIO INTERNACIONAL,Extendida,Presencial,SOGAMOSO,C.C.,2001-06-05,F,3,PERDIO CUPO A130/98 ART. 80 LIT. C,DUITAMA,DUITAMA,LIT. C,23
PRIMER  SEMESTRE DE 2021,SECCIONAL SOGAMOSO,FINANZAS Y COMERCIO INTERNACIONAL,Extendida,Presencial,SOGAMOSO,C.C.,2000-12-28,M,2,PERDIO CUPO A130/98 ART. 80 LIT. D,SOGAMOSO,SOGAMOSO,LIT. D,24
PRIMER  SEMESTRE DE 2021,SECCIONAL SOGAMOSO,ESPECIALIZACION EN SEGURIDAD Y SALUD EN EL TRABAJO,Otra,Presencial,SOGAMOSO,C.C.,1989-05-12,F,SIN INFORMACIÓN,PERDIO CUPO A 052/2012  ART 15 LIT.A.,SOGAMOSO,SOGAMOSO,LIT. A,35
PRIMER  SEMESTRE DE 2021,SECCIONAL SOGAMOSO,ESPECIALIZACION EN GEOTECNIA VIAL,Otra,Presencial,SOGAMOSO,C.C.,1994-07-17,M,SIN INFORMACIÓN,PERDIO CUPO A 052/2012  ART 15 LIT.B.,SOGAMOSO,SOGAMOSO,LIT. B,30
PRIMER  SEMESTRE DE 2021,SECCIONAL SOGAMOSO,MAESTRIA EN INGENIERIA,Otra,Presencial,SOGAMOSO,C.C.,1988-04-03,M,SIN INFORMACIÓN,PERDIO CUPO A 052/2012  ART 15 LIT.B.,BOGOTÁ D.C.,NOBSA,LIT. B,36
PRIMER  SEMESTRE DE 2021,SECCIONAL SOGAMOSO,MAESTRIA EN ADMINISTRACION,Otra,Presencial,SOGAMOSO,C.C.,1978-04-30,F,SIN INFORMACIÓN,PERDIO CUPO A 052/2012  ART 15 LIT.A.,VIRACACHÁ,TUNJA,LIT. A,46
SEGUNDO SEMESTRE DE 2021,CIENCIAS,MAESTRIA EN CIENCIAS FISICA,Diurna,Presencial,TUNJA,C.C.,1995-02-11,M,SIN INFORMACIÓN,PERDIO CUPO A 052/2012  ART 15 LIT.A.,TUNJA,TUNJA,LIT. A,29
SEGUNDO SEMESTRE DE 2021,CIENCIAS DE LA EDUCACION,ESPECIALIZACION EN GERENCIA EDUCACIONAL,Otra,Presencial,TUNJA,C.C.,1992-03-13,M,SIN INFORMACIÓN,PERDIO CUPO A 052/2012  ART 15 LIT.A.,UMBITA,UMBITA,LIT. A,32
SEGUNDO SEMESTRE DE 2021,CIENCIAS DE LA EDUCACION,"ESPECIALIZACION EN NECESIDADES  DE APRENDIZAJE EN LECTURA, ESCRITURA Y MATEMATICAS",Otra,Presencial,TUNJA,C.C.,1984-03-18,F,SIN INFORMACIÓN,PERDIO CUPO A 052/2012  ART 15 LIT.A.,MEDELLÍN,GIRARDOTA,LIT. A,40
SEGUNDO SEMESTRE DE 2021,CIENCIAS DE LA EDUCACION,"ESPECIALIZACION EN NECESIDADES  DE APRENDIZAJE EN LECTURA, ESCRITURA Y MATEMATICAS",Otra,Presencial,TUNJA,C.C.,1981-12-24,F,SIN INFORMACIÓN,PERDIO CUPO A 052/2012  ART 15 LIT.B.,BUCARAMANGA,BUCARAMANGA,LIT. B,43
SEGUNDO SEMESTRE DE 2021,CIENCIAS DE LA EDUCACION,MAESTRIA EN EDUCACION MATEMATICA,Otra,Presencial,TUNJA,C.C.,1991-11-21,M,SIN INFORMACIÓN,PERDIO CUPO A 052/2012  ART 15 LIT.A.,SOGAMOSO,TIBASOSA,LIT. A,33
SEGUNDO SEMESTRE DE 2021,CIENCIAS DE LA EDUCACION,MAESTRIA EN EDUCACION,Otra,Presencial,TUNJA,C.C.,1993-06-06,F,SIN INFORMACIÓN,PERDIO CUPO A 052/2012  ART 15 LIT.B.,BOGOTÁ D.C.,CALDAS,LIT. B,31
SEGUNDO SEMESTRE DE 2021,CIENCIAS DE LA EDUCACION,MAESTRIA EN EDUCACION,Otra,Presencial,TUNJA,C.C.,1991-03-12,M,SIN INFORMACIÓN,PERDIO CUPO A 052/2012  ART 15 LIT.A.,CHIQUINQUIRÁ,CHIQUINQUIRÁ,LIT. A,33
SEGUNDO SEMESTRE DE 2021,CIENCIAS DE LA EDUCACION,MAESTRÍA EN PEDAGOGÍA DE LA CULTURA FÍSICA,Otra,Presencial,TUNJA,C.C.,1995-09-28,F,SIN INFORMACIÓN,PERDIO CUPO A 052/2012  ART 15 LIT.A.,TOCA,TOCA,LIT. A,29
SEGUNDO SEMESTRE DE 2021,CIENCIAS DE LA EDUCACION,MAESTRÍA EN PEDAGOGÍA DE LA CULTURA FÍSICA,Otra,Presencial,TUNJA,C.C.,1983-11-21,M,SIN INFORMACIÓN,PERDIO CUPO A 052/2012  ART 15 LIT.A.,BUCARAMANGA,BUCARAMANGA,LIT. A,41
SEGUNDO SEMESTRE DE 2021,CIENCIAS DE LA SALUD,ESPECIALIZACION EN MEDICINA FAMILIAR,Extendida,Presencial,TUNJA,C.C.,1990-11-17,M,SIN INFORMACIÓN,PERDIO CUPO A 052/2012  ART 15 LIT.A.,SAN GIL,TUNJA,LIT. A,34
SEGUNDO SEMESTRE DE 2021,CIENCIAS DE LA SALUD,ESPECIALIZACION EN MEDICINA FAMILIAR,Extendida,Presencial,TUNJA,C.C.,1991-11-16,F,SIN INFORMACIÓN,PERDIO CUPO A 052/2012  ART 15 LIT.A.,MONTELÍBANO,MONTELÍBANO,LIT. A,33
SEGUNDO SEMESTRE DE 2021,CIENCIAS ECONOMICAS Y ADMINISTRATIVAS,MAESTRÍA EN FINANZAS,Extendida,Presencial,TUNJA,C.C.,1977-03-27,M,SIN INFORMACIÓN,PERDIO CUPO A 052/2012  ART 15 LIT.A.,BOGOTA D.E,BOGOTA D.E,LIT. A,47
SEGUNDO SEMESTRE DE 2021,CIENCIAS ECONOMICAS Y ADMINISTRATIVAS,MAESTRÍA EN FINANZAS,Extendida,Presencial,TUNJA,C.C.,1990-10-04,M,SIN INFORMACIÓN,PERDIO CUPO A 052/2012  ART 15 LIT.A.,SOGAMOSO,BOGOTA D.E,LIT. A,34
SEGUNDO SEMESTRE DE 2021,ESTUDIOS A DISTANCIA,ESPECIALIZACION EN GERENCIA DE EMPRESAS DE SALUD,Otra,Virtual,TUNJA,C.C.,1996-08-17,M,SIN INFORMACIÓN,PERDIO CUPO A 052/2012  ART 15 LIT.A.,PAIPA,PAIPA,LIT. A,28
SEGUNDO SEMESTRE DE 2021,ESTUDIOS A DISTANCIA,ESPECIALIZACION EN GERENCIA DE EMPRESAS DE SALUD,Otra,Virtual,TUNJA,C.C.,1994-11-17,M,SIN INFORMACIÓN,PERDIO CUPO A 052/2012  ART 15 LIT.A.,SAN MARTÍN DE LOBA,CARTAGENA,LIT. A,30
SEGUNDO SEMESTRE DE 2021,ESTUDIOS A DISTANCIA,ESPECIALIZACION EN PEDAGOGIA DE LA LENGUA CASTELLANA Y LITERATURA,Otra,Virtual,TUNJA,C.C.,1986-05-11,F,SIN INFORMACIÓN,PERDIO CUPO A 052/2012  ART 15 LIT.B.,DUITAMA,DUITAMA,LIT. B,38
SEGUNDO SEMESTRE DE 2021,ESTUDIOS A DISTANCIA,ESPECIALIZACION EN DIDACTICA DE LA MATEMATICA PARA LA EDUCACION BASICA,Otra,Virtual,TUNJA,C.C.,1980-09-12,F,SIN INFORMACIÓN,PERDIO CUPO A 052/2012  ART 15 LIT.A.,FUNZA,BOGOTA D.E,LIT. A,44
SEGUNDO SEMESTRE DE 2021,ESTUDIOS A DISTANCIA,MAESTRIA EN DIDACTICA DE LA MATEMATICA,Extendida,Virtual,TUNJA,C.C.,1984-12-28,M,SIN INFORMACIÓN,PERDIO CUPO A 052/2012  ART 15 LIT.A.,SOGAMOSO,SOGAMOSO,LIT. A,40
SEGUNDO SEMESTRE DE 2021,INGENIERIA,ESPECIALIZACION EN ESTRUCTURAS,Otra,Presencial,TUNJA,C.C.,1994-07-12,M,SIN INFORMACIÓN,PERDIO CUPO A 052/2012  ART 15 LIT.A.,TUNJA,TUNJA,LIT. A,30
SEGUNDO SEMESTRE DE 2021,INGENIERIA,ESPECIALIZACION EN ESTRUCTURAS,Otra,Presencial,TUNJA,C.C.,1996-11-02,M,SIN INFORMACIÓN,PERDIO CUPO A 052/2012  ART 15 LIT.A.,SOGAMOSO,SOGAMOSO,LIT. A,28
SEGUNDO SEMESTRE DE 2021,INGENIERIA,ESPECIALIZACION EN ESTRUCTURAS,Otra,Presencial,TUNJA,C.C.,1998-02-09,F,SIN INFORMACIÓN,PERDIO CUPO A 052/2012  ART 15 LIT.A.,TUNJA,TUNJA,LIT. A,26
SEGUNDO SEMESTRE DE 2021,INGENIERIA,ESPECIALIZACION EN BASES DE DATOS,Diurna,Presencial,TUNJA,C.C.,1993-03-17,F,SIN INFORMACIÓN,PERDIO CUPO A 052/2012  ART 15 LIT.A.,BOGOTÁ D.C.,BOGOTÁ D.C.,LIT. A,31
SEGUNDO SEMESTRE DE 2021,INGENIERIA,"MAESTRIA EN INGENIERIA CON ENFASIS EN TRANSPORTE, EN TRANSITO Y EN INFRAESTRUCTURA VIAL",Diurna,Presencial,TUNJA,C.C.,1993-06-13,M,SIN INFORMACIÓN,PERDIO CUPO A 052/2012  ART 15 LIT.A.,PAIPA,TUNJA,LIT. A,31
SEGUNDO SEMESTRE DE 2021,INGENIERIA,DOCTORADO EN INGENIERIA Y CIENCIA DE LOS MATERIALES,Diurna,Presencial,TUNJA,C.C.,1972-05-18,M,SIN INFORMACIÓN,PERDIO CUPO A 052/2012  ART 15 LIT.B.,TUNJA,TUNJA,LIT. B,52
SEGUNDO SEMESTRE DE 2021,SECCIONAL DUITAMA,ESPECIALIZACION EN GESTION ESTRATEGICA DE PROYECTOS,Otra,Presencial,DUITAMA,C.C.,1991-01-18,F,SIN INFORMACIÓN,PERDIO CUPO A 052/2012  ART 15 LIT.A.,CÚCUTA,BOGOTA D.E,LIT. A,33
SEGUNDO SEMESTRE DE 2021,SECCIONAL DUITAMA,ESPECIALIZACION EN GESTION ESTRATEGICA DE PROYECTOS,Otra,Presencial,DUITAMA,C.C.,1995-04-18,F,SIN INFORMACIÓN,PERDIO CUPO A 052/2012  ART 15 LIT.A.,DUITAMA,DUITAMA,LIT. A,29
SEGUNDO SEMESTRE DE 2021,SECCIONAL DUITAMA,ESPECIALIZACION EN GESTION DE LA PRODUCTIVIDAD Y MEJORAMIENTO CONTINUO,Extendida,Presencial,DUITAMA,C.C.,1993-05-02,M,SIN INFORMACIÓN,PERDIO CUPO A 052/2012  ART 15 LIT.A.,SOGAMOSO,SOGAMOSO,LIT. A,31
SEGUNDO SEMESTRE DE 2021,SECCIONAL DUITAMA,ESPECIALIZACION EN ESTADISTICA,Otra,Presencial,DUITAMA,C.C.,1992-08-19,F,SIN INFORMACIÓN,PERDIO CUPO A 052/2012  ART 15 LIT.B.,SOGAMOSO,BOGOTÁ D.C.,LIT. B,32
SEGUNDO SEMESTRE DE 2021,SECCIONAL SOGAMOSO,ESPECIALIZACION EN INGENIERIA DE PRODUCCION Y OPERACIONES,Otra,Presencial,SOGAMOSO,C.C.,1984-05-24,M,SIN INFORMACIÓN,PERDIO CUPO A 052/2012  ART 15 LIT.A.,BOGOTÁ D.C.,SOGAMOSO,LIT. A,40
SEGUNDO SEMESTRE DE 2021,SECCIONAL SOGAMOSO,ESPECIALIZACION EN INGENIERIA DE PRODUCCION Y OPERACIONES,Otra,Presencial,SOGAMOSO,C.C.,1995-07-11,F,SIN INFORMACIÓN,PERDIO CUPO A 052/2012  ART 15 LIT.A.,RAMIRIQUÍ,RAMIRIQUÍ,LIT. A,29
PRIMER SEMESTRE DE 2022,CIENCIAS,FISICA,Diurna,Presencial,TUNJA,C.C.,2000-06-14,F,3,PERDIO CUPO A130/98 ART. 80 LIT. C,ZIPAQUIRÁ,DUITAMA,LIT. C,24
PRIMER SEMESTRE DE 2022,CIENCIAS,FISICA,Diurna,Presencial,TUNJA,C.C.,2003-07-06,M,4,PERDIO CUPO A130/98 ART. 80 LIT. D,TUNJA,TUNJA,LIT. D,21
PRIMER SEMESTRE DE 2022,CIENCIAS,FISICA,Diurna,Presencial,TUNJA,C.C.,2002-08-04,M,2,PERDIO CUPO A130/98 ART. 80 LIT. B,SOGAMOSO,DUITAMA,LIT. B,22
PRIMER SEMESTRE DE 2022,CIENCIAS,FISICA,Diurna,Presencial,TUNJA,T.I.,2003-03-27,M,2,PERDIO CUPO A130/98 ART. 80 LIT. B,YOPAL,YOPAL,LIT. B,21
PRIMER SEMESTRE DE 2022,CIENCIAS,FISICA,Diurna,Presencial,TUNJA,C.C.,2000-09-06,F,2,PERDIO CUPO A130/98 ART. 80 LIT. B,BOGOTA D.E,DUITAMA,LIT. B,24
PRIMER SEMESTRE DE 2022,CIENCIAS,FISICA,Diurna,Presencial,TUNJA,C.C.,2002-03-08,M,2,PERDIO CUPO A130/98 ART.80 LIT. E,MOTAVITA,MOTAVITA,LIT. E,22
PRIMER SEMESTRE DE 2022,CIENCIAS,FISICA,Diurna,Presencial,TUNJA,C.C.,2001-01-17,M,2,PERDIO CUPO A130/98 ART. 80 LIT. B,DUITAMA,DUITAMA,LIT. B,23
PRIMER SEMESTRE DE 2022,CIENCIAS,BIOLOGIA,Diurna,Presencial,TUNJA,C.C.,2002-10-12,M,2,PERDIO CUPO A130/98 ART. 80 LIT. B,PAIPA,PAIPA,LIT. B,22
PRIMER SEMESTRE DE 2022,CIENCIAS,BIOLOGIA,Diurna,Presencial,TUNJA,C.C.,1996-05-08,F,1,PERDIO CUPO A130/98 ART.80 LIT. E,MONIQUIRÁ,MONIQUIRÁ,LIT. E,28
PRIMER SEMESTRE DE 2022,CIENCIAS,BIOLOGIA,Diurna,Presencial,TUNJA,C.C.,2003-05-21,M,3,PERDIO CUPO A130/98 ART. 80 LIT. C,CHIQUINQUIRÁ,CHIQUINQUIRÁ,LIT. C,21
PRIMER SEMESTRE DE 2022,CIENCIAS,BIOLOGIA,Diurna,Presencial,TUNJA,C.C.,1990-08-15,M,2,PERDIO CUPO A130/98 ART.80 LIT. E,PAIPA,PAIPA,LIT. E,34
PRIMER SEMESTRE DE 2022,CIENCIAS,MATEMATICAS,Diurna,Presencial,TUNJA,T.I.,2001-11-04,F,2,PERDIO CUPO A130/98 ART. 80 LIT. C,SAMACÁ,SAMACÁ,LIT. C,23
PRIMER SEMESTRE DE 2022,CIENCIAS,QUIMICA,Diurna,Presencial,TUNJA,C.C.,2002-02-20,F,1,PERDIO CUPO A130/98 ART. 80 LIT. D,BOGOTA D.E,BOGOTA D.E,LIT. D,22
PRIMER SEMESTRE DE 2022,CIENCIAS,QUIMICA,Diurna,Presencial,TUNJA,C.C.,1997-04-12,M,2,PERDIO CUPO A130/98 ART. 80 LIT. C,TUNJA,TUNJA,LIT. C,27
PRIMER SEMESTRE DE 2022,CIENCIAS AGROPECUARIAS,INGENIERIA AGRONOMICA,Diurna,Presencial,TUNJA,C.C.,1995-10-21,M,4,PERDIO CUPO A130/98 ART. 80 LIT. B,SOGAMOSO,SOGAMOSO,LIT. B,29
PRIMER SEMESTRE DE 2022,CIENCIAS AGROPECUARIAS,INGENIERIA AGRONOMICA,Diurna,Presencial,TUNJA,C.C.,2001-11-04,M,2,PERDIO CUPO A130/98 ART.80 LIT. E,ARMENIA,BARBOSA,LIT. E,23
PRIMER SEMESTRE DE 2022,CIENCIAS AGROPECUARIAS,INGENIERIA AGRONOMICA,Diurna,Presencial,TUNJA,C.C.,1998-07-12,M,2,PERDIO CUPO A130/98 ART.80 LIT. E,VILLAVICENCIO,YOPAL,LIT. E,26
PRIMER SEMESTRE DE 2022,CIENCIAS AGROPECUARIAS,INGENIERIA AGRONOMICA,Diurna,Presencial,TUNJA,C.C.,1996-04-10,M,SIN INFORMACIÓN,PERDIO CUPO A130/98 ART. 80 LIT. D,BOGOTA D.E,PAIPA,LIT. D,28
PRIMER SEMESTRE DE 2022,CIENCIAS AGROPECUARIAS,INGENIERIA AGRONOMICA,Diurna,Presencial,TUNJA,C.C.,1998-02-24,F,2,PERDIO CUPO A130/98 ART. 80 LIT. C,BOGOTA D.E,PAIPA,LIT. C,26
PRIMER SEMESTRE DE 2022,CIENCIAS AGROPECUARIAS,INGENIERIA AGRONOMICA,Diurna,Presencial,TUNJA,C.C.,1999-12-15,M,1,PERDIO CUPO A130/98 ART. 80 LIT. B,TUNJA,BOGOTÁ D.C.,LIT. B,25
PRIMER SEMESTRE DE 2022,CIENCIAS AGROPECUARIAS,MEDICINA VETERINARIA Y ZOOTECNIA,Diurna,Presencial,TUNJA,C.C.,1999-12-02,M,4,PERDIO CUPO A130/98 ART. 80 LIT. D,TUNJA,TUNJA,LIT. D,25
PRIMER SEMESTRE DE 2022,CIENCIAS AGROPECUARIAS,MEDICINA VETERINARIA Y ZOOTECNIA,Diurna,Presencial,TUNJA,C.C.,1990-02-16,F,3,PERDIO CUPO A130/98 ART. 80 LIT. C,TUNJA,TUNJA,LIT. C,34
PRIMER SEMESTRE DE 2022,CIENCIAS AGROPECUARIAS,MEDICINA VETERINARIA Y ZOOTECNIA,Diurna,Presencial,TUNJA,C.C.,2003-01-07,M,2,PERDIO CUPO A130/98 ART. 80 LIT. C,TUNJA,TUNJA,LIT. C,21
PRIMER SEMESTRE DE 2022,CIENCIAS AGROPECUARIAS,MAESTRIA EN DESARROLLO RURAL,Otra,Presencial,TUNJA,C.C.,1996-06-21,F,SIN INFORMACIÓN,PERDIO CUPO A 052/2012  ART 15 LIT.B.,BOGOTA D.E,VILLAVICENCIO,LIT. B,28
PRIMER SEMESTRE DE 2022,CIENCIAS DE LA EDUCACION,LICENCIATURA EN LENGUAS EXTRANJERAS,Diurna,Presencial,TUNJA,C.C.,1995-08-12,F,3,PERDIO CUPO A130/98 ART.80 LIT. E,SOGAMOSO,SOGAMOSO,LIT. E,29
PRIMER SEMESTRE DE 2022,CIENCIAS DE LA EDUCACION,LICENCIATURA EN MATEMATICAS,Diurna,Presencial,TUNJA,C.C.,1998-07-28,M,3,PERDIO CUPO A130/98 ART. 80 LIT. C,TUNJA,CÓMBITA,LIT. C,26
PRIMER SEMESTRE DE 2022,CIENCIAS DE LA EDUCACION,LICENCIATURA EN MATEMATICAS,Diurna,Presencial,TUNJA,C.C.,2001-10-16,F,2,PERDIO CUPO A130/98 ART. 80 LIT. D,TUNJA,DUITAMA,LIT. D,23
PRIMER SEMESTRE DE 2022,CIENCIAS DE LA EDUCACION,LICENCIATURA EN MATEMATICAS,Diurna,Presencial,TUNJA,C.C.,1999-06-04,M,2,PERDIO CUPO A130/98 ART.80 LIT. E,TUNJA,TUNJA,LIT. E,25
PRIMER SEMESTRE DE 2022,CIENCIAS DE LA EDUCACION,LICENCIATURA EN MATEMATICAS,Diurna,Presencial,TUNJA,C.C.,1992-05-16,M,2,PERDIO CUPO A130/98 ART. 80 LIT. D,BOGOTA D.E,TUNJA,LIT. D,32
PRIMER SEMESTRE DE 2022,CIENCIAS DE LA EDUCACION,LICENCIATURA EN MATEMATICAS,Diurna,Presencial,TUNJA,C.C.,2003-01-12,F,2,PERDIO CUPO A130/98 ART. 80 LIT. C,UBATE,LENGUAZAQUE,LIT. C,21
PRIMER SEMESTRE DE 2022,CIENCIAS DE LA EDUCACION,LICENCIATURA  EN CIENCIAS NATURALES Y EDUCACION AMBIENTAL,Diurna,Presencial,TUNJA,C.C.,2003-01-17,F,2,PERDIO CUPO A130/98 ART. 80 LIT. C,PANQUEBA,YOPAL,LIT. C,21
PRIMER SEMESTRE DE 2022,CIENCIAS DE LA EDUCACION,LICENCIATURA  EN CIENCIAS NATURALES Y EDUCACION AMBIENTAL,Diurna,Presencial,TUNJA,C.C.,2002-04-28,M,3,PERDIO CUPO A130/98 ART. 80 LIT. B,TUNJA,TUNJA,LIT. B,22
PRIMER SEMESTRE DE 2022,CIENCIAS DE LA EDUCACION,LICENCIATURA  EN CIENCIAS NATURALES Y EDUCACION AMBIENTAL,Diurna,Presencial,TUNJA,C.C.,1999-05-24,F,1,PERDIO CUPO A130/98 ART. 80 LIT. C,TUNJA,TUNJA,LIT. C,25
PRIMER SEMESTRE DE 2022,CIENCIAS DE LA EDUCACION,LICENCIATURA  EN CIENCIAS NATURALES Y EDUCACION AMBIENTAL,Diurna,Presencial,TUNJA,C.C.,1998-07-29,M,3,PERDIO CUPO A130/98 ART. 80 LIT. D,TUNJA,TUNJA,LIT. D,26
PRIMER SEMESTRE DE 2022,CIENCIAS DE LA EDUCACION,LICENCIATURA  EN CIENCIAS NATURALES Y EDUCACION AMBIENTAL,Diurna,Presencial,TUNJA,C.C.,2003-02-07,F,1,PERDIO CUPO A130/98 ART.80 LIT. E,FIRAVITOBA,IZA,LIT. E,21
PRIMER SEMESTRE DE 2022,CIENCIAS DE LA EDUCACION,LICENCIATURA  EN CIENCIAS NATURALES Y EDUCACION AMBIENTAL,Diurna,Presencial,TUNJA,C.C.,1993-12-02,F,2,PERDIO CUPO A130/98 ART. 80 LIT. C,SOGAMOSO,SOGAMOSO,LIT. C,31
PRIMER SEMESTRE DE 2022,CIENCIAS DE LA EDUCACION,LICENCIATURA EN MATEMATICAS,Nocturna,Presencial,TUNJA,C.C.,1998-11-20,F,2,PERDIO CUPO A130/98 ART. 80 LIT. D,BOGOTÁ D.C.,BOGOTÁ D.C.,LIT. D,26
PRIMER SEMESTRE DE 2022,CIENCIAS DE LA EDUCACION,LICENCIATURA EN MATEMATICAS,Nocturna,Presencial,TUNJA,C.C.,2000-04-08,F,1,PERDIO CUPO A130/98 ART.80 LIT. E,TUNJA,TUNJA,LIT. E,24
PRIMER SEMESTRE DE 2022,CIENCIAS DE LA EDUCACION,LICENCIATURA EN MATEMATICAS,Nocturna,Presencial,TUNJA,C.C.,2001-03-16,F,2,PERDIO CUPO A130/98 ART. 80 LIT. C,DUITAMA,TUNJA,LIT. C,23
PRIMER SEMESTRE DE 2022,CIENCIAS DE LA EDUCACION,LICENCIATURA EN MATEMATICAS,Nocturna,Presencial,TUNJA,C.C.,2002-04-05,M,2,PERDIO CUPO A130/98 ART. 80 LIT. B,DUITAMA,DUITAMA,LIT. B,22
PRIMER SEMESTRE DE 2022,CIENCIAS DE LA EDUCACION,LICENCIATURA EN MATEMATICAS,Nocturna,Presencial,TUNJA,C.C.,2001-02-16,M,2,PERDIO CUPO A130/98 ART. 80 LIT. C,PUERTO BOYACÁ,CALDAS,LIT. C,23
PRIMER SEMESTRE DE 2022,CIENCIAS DE LA EDUCACION,LICENCIATURA EN MATEMATICAS,Nocturna,Presencial,TUNJA,C.C.,1999-07-04,M,1,PERDIO CUPO A130/98 ART. 80 LIT. C,EL CASTILLO,UMBITA,LIT. C,25
PRIMER SEMESTRE DE 2022,CIENCIAS DE LA EDUCACION,LICENCIATURA EN MATEMATICAS,Nocturna,Presencial,TUNJA,C.C.,1996-12-27,F,2,PERDIO CUPO A130/98 ART. 80 LIT. D,SAN EDUARDO,TUNJA,LIT. D,28
PRIMER SEMESTRE DE 2022,CIENCIAS DE LA EDUCACION,LICENCIATURA EN EDUCACION FISICA RECREACION Y DEPORTE,Diurna,Presencial,TUNJA,C.C.,2001-12-30,M,3,PERDIO CUPO A130/98 ART. 80 LIT. B,TUNJA,SÁCHICA,LIT. B,23
PRIMER SEMESTRE DE 2022,CIENCIAS DE LA EDUCACION,LICENCIATURA EN EDUCACION FISICA RECREACION Y DEPORTE,Diurna,Presencial,TUNJA,C.C.,1995-02-16,M,2,PERDIO CUPO A130/98 ART. 80 LIT. C,DUITAMA,DUITAMA,LIT. C,29
PRIMER SEMESTRE DE 2022,CIENCIAS DE LA EDUCACION,LICENCIATURA EN CIENCIAS SOCIALES,Diurna,Presencial,TUNJA,C.C.,1994-07-14,M,3,PERDIO CUPO A130/98 ART.80 LIT. E,DUITAMA,DUITAMA,LIT. E,30
PRIMER SEMESTRE DE 2022,CIENCIAS DE LA EDUCACION,LICENCIATURA EN CIENCIAS SOCIALES,Diurna,Presencial,TUNJA,C.C.,1997-08-07,M,2,PERDIO CUPO A130/98 ART. 80 LIT. C,TUNJA,TUNJA,LIT. C,27
PRIMER SEMESTRE DE 2022,CIENCIAS DE LA EDUCACION,LICENCIATURA EN CIENCIAS SOCIALES,Diurna,Presencial,TUNJA,C.C.,1976-09-19,M,2,PERDIO CUPO A130/98 ART. 80 LIT. A,TUNJA,TUNJA,LIT. A,48
PRIMER SEMESTRE DE 2022,CIENCIAS DE LA EDUCACION,LIC. EN PSICOPEDAGOGIA ENFASIS ASESORIA EDUCATIVA,Diurna,Presencial,TUNJA,C.C.,1999-05-24,F,1,PERDIO CUPO A130/98 ART. 80 LIT. D,PAZ DE ARIPORO,PAZ DE ARIPORO,LIT. D,25
PRIMER SEMESTRE DE 2022,CIENCIAS DE LA EDUCACION,LIC. EN PSICOPEDAGOGIA ENFASIS ASESORIA EDUCATIVA,Diurna,Presencial,TUNJA,T.I.,2002-02-02,F,2,PERDIO CUPO A130/98 ART.80 LIT. E,TUNJA,TUNJA,LIT. E,22
PRIMER SEMESTRE DE 2022,CIENCIAS DE LA EDUCACION,LICENCIATURA EN MUSICA,Diurna,Presencial,TUNJA,C.C.,2000-06-14,F,2,PERDIO CUPO A130/98 ART. 80 LIT. C,VILLA DE LEYVA,VILLA DE LEYVA,LIT. C,24
PRIMER SEMESTRE DE 2022,CIENCIAS DE LA EDUCACION,LICENCIATURA EN MUSICA,Diurna,Presencial,TUNJA,C.C.,2000-08-08,M,2,PERDIO CUPO A130/98 ART. 80 LIT. B,DUITAMA,BELÉN,LIT. B,24
PRIMER SEMESTRE DE 2022,CIENCIAS DE LA EDUCACION,LICENCIATURA EN MUSICA,Diurna,Presencial,TUNJA,C.C.,2003-10-18,M,1,PERDIO CUPO A130/98 ART. 80 LIT. C,BOGOTÁ D.C.,TUTA,LIT. C,21
PRIMER SEMESTRE DE 2022,CIENCIAS DE LA EDUCACION,LICENCIATURA EN MUSICA,Diurna,Presencial,TUNJA,C.C.,1999-12-30,M,4,PERDIO CUPO A130/98 ART. 80 LIT. D,TUNJA,TUNJA,LIT. D,25
PRIMER SEMESTRE DE 2022,CIENCIAS DE LA EDUCACION,LICENCIATURA EN MUSICA,Diurna,Presencial,TUNJA,C.C.,2002-09-29,M,2,PERDIO CUPO A130/98 ART. 80 LIT. C,BARBOSA,BARBOSA,LIT. C,22
PRIMER SEMESTRE DE 2022,CIENCIAS DE LA EDUCACION,LICENCIATURA EN ARTES PLASTICAS,Diurna,Presencial,TUNJA,C.C.,1997-06-13,F,3,PERDIO CUPO A130/98 ART. 80 LIT. C,DUITAMA,YOPAL,LIT. C,27
PRIMER SEMESTRE DE 2022,CIENCIAS DE LA EDUCACION,LICENCIATURA EN IDIOMAS MODERNOS ESPAÑOL-INGLÉS,Diurna,Presencial,TUNJA,C.C.,1997-09-11,F,2,PERDIO CUPO A130/98 ART.80 LIT. E,SAN JOSÉ DEL GUAVIARE,SAN JOSÉ DEL GUAVIARE,LIT. E,27
PRIMER SEMESTRE DE 2022,CIENCIAS DE LA EDUCACION,LICENCIATURA EN FILOSOFIA,Extendida,Presencial,TUNJA,T.I.,2004-02-15,F,2,PERDIO CUPO A130/98 ART. 80 LIT. B,BOGOTÁ D.C.,VENTAQUEMADA,LIT. B,20
PRIMER SEMESTRE DE 2022,CIENCIAS DE LA EDUCACION,LICENCIATURA EN FILOSOFIA,Extendida,Presencial,TUNJA,C.C.,2001-10-13,M,3,PERDIO CUPO A130/98 ART. 80 LIT. C,AGUAZUL,AGUAZUL,LIT. C,23
PRIMER SEMESTRE DE 2022,CIENCIAS DE LA EDUCACION,LICENCIATURA EN FILOSOFIA,Extendida,Presencial,TUNJA,C.C.,1997-09-12,F,3,PERDIO CUPO A130/98 ART. 80 LIT. C,LA GLORIA,TUNJA,LIT. C,27
PRIMER SEMESTRE DE 2022,CIENCIAS DE LA EDUCACION,LICENCIATURA EN EDUCACION FISICA RECREACION Y DEPORTE,Diurna,Presencial,CHIQUINQUIRA,T.I.,2004-03-27,M,2,PERDIO CUPO A130/98 ART. 80 LIT. C,MONIQUIRÁ,MONIQUIRÁ,LIT. C,20
PRIMER SEMESTRE DE 2022,CIENCIAS DE LA EDUCACION,LICENCIATURA EN EDUCACION FISICA RECREACION Y DEPORTE,Diurna,Presencial,CHIQUINQUIRA,T.I.,2002-09-17,M,1,PERDIO CUPO A130/98 ART. 80 LIT. C,EL COCUY,EL COCUY,LIT. C,22
PRIMER SEMESTRE DE 2022,CIENCIAS DE LA EDUCACION,LICENCIATURA EN EDUCACION FISICA RECREACION Y DEPORTE,Diurna,Presencial,CHIQUINQUIRA,C.C.,2000-03-27,F,2,PERDIO CUPO A130/98 ART. 80 LIT. D,CHIQUINQUIRÁ,CHIQUINQUIRÁ,LIT. D,24
PRIMER SEMESTRE DE 2022,CIENCIAS DE LA EDUCACION,LICENCIATURA EN EDUCACION FISICA RECREACION Y DEPORTE,Diurna,Presencial,CHIQUINQUIRA,C.C.,1998-08-25,F,3,PERDIO CUPO A130/98 ART. 80 LIT. D,CHIQUINQUIRÁ,MIRAFLORES,LIT. D,26
PRIMER SEMESTRE DE 2022,CIENCIAS DE LA EDUCACION,LICENCIATURA EN EDUCACION FISICA RECREACION Y DEPORTE,Diurna,Presencial,CHIQUINQUIRA,C.C.,2002-10-17,M,2,PERDIO CUPO A130/98 ART. 80 LIT. B,EL ESPINO,EL ESPINO,LIT. B,22
PRIMER SEMESTRE DE 2022,CIENCIAS DE LA EDUCACION,LICENCIATURA EN LITERATURA Y LENGUA CASTELLANA,Extendida,Presencial,TUNJA,C.C.,2001-04-17,M,3,PERDIO CUPO A130/98 ART. 80 LIT. B,SAN ANTERO,TUNJA,LIT. B,23
PRIMER SEMESTRE DE 2022,CIENCIAS DE LA EDUCACION,LICENCIATURA EN LITERATURA Y LENGUA CASTELLANA,Extendida,Presencial,TUNJA,C.C.,1996-12-20,M,2,PERDIO CUPO A130/98 ART. 80 LIT. C,DUITAMA,DUITAMA,LIT. C,28
PRIMER SEMESTRE DE 2022,CIENCIAS DE LA EDUCACION,LICENCIATURA EN LITERATURA Y LENGUA CASTELLANA,Extendida,Presencial,TUNJA,C.C.,2002-01-19,M,2,PERDIO CUPO A130/98 ART. 80 LIT. C,MIRAFLORES,TUNJA,LIT. C,22
PRIMER SEMESTRE DE 2022,CIENCIAS DE LA EDUCACION,LICENCIATURA EN INFORMÁTICA,Diurna,Presencial,TUNJA,C.C.,2004-01-01,F,1,PERDIO CUPO A130/98 ART. 80 LIT. C,PANQUEBA,PANQUEBA,LIT. C,20
PRIMER SEMESTRE DE 2022,CIENCIAS DE LA EDUCACION,LICENCIATURA EN INFORMÁTICA,Diurna,Presencial,TUNJA,C.C.,2000-08-20,F,3,PERDIO CUPO A130/98 ART. 80 LIT. B,TUNJA,TUNJA,LIT. B,24
PRIMER SEMESTRE DE 2022,CIENCIAS DE LA EDUCACION,LICENCIATURA EN INFORMÁTICA,Diurna,Presencial,TUNJA,C.C.,2000-11-30,F,1,PERDIO CUPO A130/98 ART. 80 LIT. B,SOGAMOSO,SOGAMOSO,LIT. B,24
PRIMER SEMESTRE DE 2022,CIENCIAS DE LA EDUCACION,LICENCIATURA EN INFORMÁTICA,Diurna,Presencial,TUNJA,C.C.,2002-11-16,M,2,PERDIO CUPO A130/98 ART. 80 LIT. B,SOGAMOSO,NOBSA,LIT. B,22
PRIMER SEMESTRE DE 2022,CIENCIAS DE LA EDUCACION,ARTES PLÁSTICAS Y VISUALES,Extendida,Presencial,TUNJA,C.C.,2000-12-28,F,1,PERDIO CUPO A130/98 ART. 80 LIT. B,BOGOTÁ D.C.,BOGOTA D.E,LIT. B,24
PRIMER SEMESTRE DE 2022,CIENCIAS DE LA EDUCACION,ARTES PLÁSTICAS Y VISUALES,Extendida,Presencial,TUNJA,C.C.,2002-06-01,F,4,PERDIO CUPO A130/98 ART. 80 LIT. C,TUNJA,TUNJA,LIT. C,22
PRIMER SEMESTRE DE 2022,CIENCIAS DE LA EDUCACION,ARTES PLÁSTICAS Y VISUALES,Extendida,Presencial,TUNJA,C.C.,1995-10-14,F,3,PERDIO CUPO A130/98 ART. 80 LIT. C,ARMENIA,TUNJA,LIT. C,29
PRIMER SEMESTRE DE 2022,CIENCIAS DE LA EDUCACION,MAESTRIA EN LINGUISTICA,Otra,Presencial,TUNJA,C.C.,1994-01-20,F,SIN INFORMACIÓN,PERDIO CUPO A 052/2012  ART 15 LIT.A.,DUITAMA,DUITAMA,LIT. A,30
PRIMER SEMESTRE DE 2022,CIENCIAS DE LA EDUCACION,"LICENCIATURA EN EDUCACION BASICA CON ENFASIS EN MATEMATICAS, HUMANIDADES Y LENGUA CASTELLANA",Otra,Distancia,SANTA FE DE BOGOTA,C.C.,1992-08-13,F,2,PERDIO CUPO A130/98 ART.80 LIT. E,TABIO,TABIO,LIT. E,32
PRIMER SEMESTRE DE 2022,CIENCIAS DE LA EDUCACION,LICENCIATURA EN EDUCACION BASICA PRIMARIA,Extendida,Distancia,TUNJA,C.C.,1990-12-21,M,2,PERDIO CUPO A130/98 ART. 80 LIT. B,TUNJA,SOGAMOSO,LIT. B,34
PRIMER SEMESTRE DE 2022,CIENCIAS DE LA EDUCACION,LICENCIATURA EN EDUCACION BASICA PRIMARIA,Extendida,Distancia,TUNJA,C.C.,2002-12-10,F,3,PERDIO CUPO A130/98 ART. 80 LIT. B,TUNJA,TUNJA,LIT. B,22
PRIMER SEMESTRE DE 2022,CIENCIAS DE LA EDUCACION,LICENCIATURA EN EDUCACION BASICA PRIMARIA,Extendida,Distancia,TUNJA,C.C.,1999-07-26,M,1,PERDIO CUPO A130/98 ART. 80 LIT. B,MIRAFLORES,MIRAFLORES,LIT. B,25
PRIMER SEMESTRE DE 2022,CIENCIAS DE LA EDUCACION,LICENCIATURA EN EDUCACION BASICA PRIMARIA,Extendida,Distancia,SOGAMOSO,C.C.,2002-09-05,F,2,PERDIO CUPO A130/98 ART. 80 LIT. C,SOGAMOSO,SOGAMOSO,LIT. C,22
PRIMER SEMESTRE DE 2022,CIENCIAS DE LA EDUCACION,LICENCIATURA EN EDUCACION BASICA PRIMARIA,Extendida,Distancia,DUITAMA,C.C.,2001-11-05,F,2,PERDIO CUPO A130/98 ART. 80 LIT. C,SOGAMOSO,SOGAMOSO,LIT. C,23
PRIMER SEMESTRE DE 2022,CIENCIAS DE LA EDUCACION,LICENCIATURA EN EDUCACION BASICA PRIMARIA,Extendida,Distancia,DUITAMA,C.C.,1995-12-11,F,3,PERDIO CUPO A130/98 ART. 80 LIT. C,PAIPA,PAIPA,LIT. C,29
PRIMER SEMESTRE DE 2022,CIENCIAS DE LA EDUCACION,LICENCIATURA EN EDUCACION BASICA PRIMARIA,Extendida,Distancia,DUITAMA,C.C.,2001-07-13,F,1,PERDIO CUPO A130/98 ART. 80 LIT. B,DUITAMA,DUITAMA,LIT. B,23
PRIMER SEMESTRE DE 2022,CIENCIAS DE LA EDUCACION,LICENCIATURA EN EDUCACION BASICA PRIMARIA,Extendida,Distancia,DUITAMA,C.C.,1998-11-28,F,3,PERDIO CUPO A130/98 ART. 80 LIT. C,DUITAMA,DUITAMA,LIT. C,26
PRIMER SEMESTRE DE 2022,CIENCIAS DE LA EDUCACION,LICENCIATURA EN EDUCACION BASICA PRIMARIA,Extendida,Distancia,CHIQUINQUIRA,C.C.,1998-09-22,F,2,PERDIO CUPO A130/98 ART. 80 LIT. C,PUENTE NACIONAL,PUENTE NACIONAL,LIT. C,26
PRIMER SEMESTRE DE 2022,CIENCIAS DE LA EDUCACION,LICENCIATURA EN EDUCACION BASICA PRIMARIA,Extendida,Distancia,CHIQUINQUIRA,C.C.,2001-08-08,M,3,PERDIO CUPO A130/98 ART. 80 LIT. B,SAN GIL,BARBOSA,LIT. B,23
PRIMER SEMESTRE DE 2022,CIENCIAS DE LA SALUD,PSICOLOGIA,Diurna,Presencial,TUNJA,C.C.,1967-04-13,F,1,PERDIO CUPO A130/98 ART.80 LIT. E,NEIVA,NEIVA,LIT. E,57
PRIMER SEMESTRE DE 2022,CIENCIAS DE LA SALUD,PSICOLOGIA,Diurna,Presencial,TUNJA,C.C.,2003-06-23,M,2,PERDIO CUPO A130/98 ART. 80 LIT. C,TUNJA,TUNJA,LIT. C,21
PRIMER SEMESTRE DE 2022,CIENCIAS DE LA SALUD,MEDICINA,Diurna,Presencial,TUNJA,C.C.,2002-11-20,M,1,PERDIO CUPO A130/98 ART. 80 LIT. C,TIMBÍO,TIMBÍO,LIT. C,22
PRIMER SEMESTRE DE 2022,CIENCIAS DE LA SALUD,ENFERMERIA,Diurna,Presencial,TUNJA,C.C.,1999-09-21,M,2,PERDIO CUPO A130/98 ART. 80 LIT. D,DUITAMA,DUITAMA,LIT. D,25
PRIMER SEMESTRE DE 2022,CIENCIAS DE LA SALUD,ENFERMERIA,Diurna,Presencial,TUNJA,C.C.,1999-02-19,F,2,PERDIO CUPO A130/98 ART. 80 LIT. D,DUITAMA,DUITAMA,LIT. D,25
PRIMER SEMESTRE DE 2022,CIENCIAS ECONOMICAS Y ADMINISTRATIVAS,ECONOMIA,Diurna,Presencial,TUNJA,C.C.,2003-06-01,F,2,PERDIO CUPO A130/98 ART. 80 LIT. C,TUNJA,TUNJA,LIT. C,21
PRIMER SEMESTRE DE 2022,CIENCIAS ECONOMICAS Y ADMINISTRATIVAS,ECONOMIA,Diurna,Presencial,TUNJA,T.I.,2004-04-23,M,1,PERDIO CUPO A130/98 ART. 80 LIT. C,TUNJA,TUNJA,LIT. C,20
PRIMER SEMESTRE DE 2022,CIENCIAS ECONOMICAS Y ADMINISTRATIVAS,ECONOMIA,Diurna,Presencial,TUNJA,C.C.,2000-10-11,M,2,PERDIO CUPO A130/98 ART. 80 LIT. C,BOGOTA D.E,BOGOTA D.E,LIT. C,24
PRIMER SEMESTRE DE 2022,CIENCIAS ECONOMICAS Y ADMINISTRATIVAS,ECONOMIA,Nocturna,Presencial,TUNJA,C.C.,1986-07-20,F,2,PERDIO CUPO A130/98 ART.80 LIT. E,TUNJA,TUNJA,LIT. E,38
PRIMER SEMESTRE DE 2022,CIENCIAS ECONOMICAS Y ADMINISTRATIVAS,ECONOMIA,Nocturna,Presencial,TUNJA,C.C.,1993-04-12,M,2,PERDIO CUPO A130/98 ART.80 LIT. E,VILLAPINZÓN,VILLAPINZÓN,LIT. E,31
PRIMER SEMESTRE DE 2022,CIENCIAS ECONOMICAS Y ADMINISTRATIVAS,ECONOMIA,Nocturna,Presencial,TUNJA,C.C.,1997-11-08,M,2,PERDIO CUPO A130/98 ART.80 LIT. E,TUNJA,TUNJA,LIT. E,27
PRIMER SEMESTRE DE 2022,CIENCIAS ECONOMICAS Y ADMINISTRATIVAS,ECONOMIA,Nocturna,Presencial,TUNJA,C.C.,1994-10-02,M,2,PERDIO CUPO A130/98 ART.80 LIT. E,CHOCONTÁ,BOGOTÁ D.C.,LIT. E,30
PRIMER SEMESTRE DE 2022,CIENCIAS ECONOMICAS Y ADMINISTRATIVAS,ECONOMIA,Nocturna,Presencial,TUNJA,C.C.,1998-01-15,M,3,PERDIO CUPO A130/98 ART. 80 LIT. D,BOGOTÁ D.C.,DUITAMA,LIT. D,26
PRIMER SEMESTRE DE 2022,CIENCIAS ECONOMICAS Y ADMINISTRATIVAS,ECONOMIA,Nocturna,Presencial,TUNJA,C.C.,2000-12-12,M,1,PERDIO CUPO A130/98 ART. 80 LIT. C,VIRACACHÁ,TUNJA,LIT. C,24
PRIMER SEMESTRE DE 2022,CIENCIAS ECONOMICAS Y ADMINISTRATIVAS,ADMINISTRACION DE EMPRESAS,Diurna,Presencial,TUNJA,C.C.,2000-08-14,F,2,PERDIO CUPO A130/98 ART. 80 LIT. D,IZA,IZA,LIT. D,24
PRIMER SEMESTRE DE 2022,CIENCIAS ECONOMICAS Y ADMINISTRATIVAS,ADMINISTRACION DE EMPRESAS,Diurna,Presencial,TUNJA,T.I.,2002-09-14,M,3,PERDIO CUPO A130/98 ART. 80 LIT. C,CHIQUINQUIRÁ,CALDAS,LIT. C,22
PRIMER SEMESTRE DE 2022,CIENCIAS ECONOMICAS Y ADMINISTRATIVAS,ADMINISTRACION DE EMPRESAS,Diurna,Presencial,TUNJA,C.C.,2003-05-15,F,1,PERDIO CUPO A130/98 ART. 80 LIT. C,SOGAMOSO,SOGAMOSO,LIT. C,21
PRIMER SEMESTRE DE 2022,CIENCIAS ECONOMICAS Y ADMINISTRATIVAS,ADMINISTRACION DE EMPRESAS,Diurna,Presencial,TUNJA,C.C.,1998-11-30,M,2,PERDIO CUPO A130/98 ART. 80 LIT. C,DUITAMA,DUITAMA,LIT. C,26
PRIMER SEMESTRE DE 2022,CIENCIAS ECONOMICAS Y ADMINISTRATIVAS,ADMINISTRACION DE EMPRESAS,Diurna,Presencial,TUNJA,T.I.,2004-04-15,M,2,PERDIO CUPO A130/98 ART. 80 LIT. B,VILLA DE LEYVA,VILLA DE LEYVA,LIT. B,20
PRIMER SEMESTRE DE 2022,CIENCIAS ECONOMICAS Y ADMINISTRATIVAS,ADMINISTRACION DE EMPRESAS,Nocturna,Presencial,TUNJA,C.C.,1989-07-20,M,1,PERDIO CUPO A130/98 ART.80 LIT. E,TUNJA,TUNJA,LIT. E,35
PRIMER SEMESTRE DE 2022,CIENCIAS ECONOMICAS Y ADMINISTRATIVAS,ADMINISTRACION DE EMPRESAS,Nocturna,Presencial,TUNJA,C.C.,1999-01-23,F,2,PERDIO CUPO A130/98 ART. 80 LIT. C,BOGOTA D.E,TUNJA,LIT. C,25
PRIMER SEMESTRE DE 2022,CIENCIAS ECONOMICAS Y ADMINISTRATIVAS,ADMINISTRACION DE EMPRESAS,Nocturna,Presencial,TUNJA,C.C.,1996-04-09,F,2,PERDIO CUPO A130/98 ART. 80 LIT. B,TUNJA,TUNJA,LIT. B,28
PRIMER SEMESTRE DE 2022,CIENCIAS ECONOMICAS Y ADMINISTRATIVAS,ADMINISTRACION DE EMPRESAS,Nocturna,Presencial,TUNJA,C.C.,2000-10-21,F,2,PERDIO CUPO A130/98 ART. 80 LIT. B,TUNJA,TUNJA,LIT. B,24
PRIMER SEMESTRE DE 2022,CIENCIAS ECONOMICAS Y ADMINISTRATIVAS,ADMINISTRACION DE EMPRESAS,Nocturna,Presencial,TUNJA,C.C.,1999-06-13,M,2,PERDIO CUPO A130/98 ART. 80 LIT. C,TUNJA,TUNJA,LIT. C,25
PRIMER SEMESTRE DE 2022,CIENCIAS ECONOMICAS Y ADMINISTRATIVAS,ADMINISTRACION DE EMPRESAS,Nocturna,Presencial,TUNJA,C.C.,1998-12-23,M,2,PERDIO CUPO A130/98 ART. 80 LIT. C,TUNJA,TUNJA,LIT. C,26
PRIMER SEMESTRE DE 2022,CIENCIAS ECONOMICAS Y ADMINISTRATIVAS,ADMINISTRACION DE EMPRESAS,Nocturna,Presencial,TUNJA,C.C.,2000-11-30,M,2,PERDIO CUPO A130/98 ART. 80 LIT. C,PAIPA,PAIPA,LIT. C,24
PRIMER SEMESTRE DE 2022,CIENCIAS ECONOMICAS Y ADMINISTRATIVAS,ADMINISTRACION DE EMPRESAS,Nocturna,Presencial,TUNJA,C.C.,1999-04-30,M,2,PERDIO CUPO A130/98 ART. 80 LIT. C,PAZ DE RÍO,TUNJA,LIT. C,25
PRIMER SEMESTRE DE 2022,CIENCIAS ECONOMICAS Y ADMINISTRATIVAS,ADMINISTRACION DE EMPRESAS,Nocturna,Presencial,TUNJA,C.C.,1989-09-11,M,2,PERDIO CUPO A130/98 ART.80 LIT. E,TUNJA,TUNJA,LIT. E,35
PRIMER SEMESTRE DE 2022,CIENCIAS ECONOMICAS Y ADMINISTRATIVAS,CONTADURIA PUBLICA,Nocturna,Presencial,TUNJA,C.C.,2001-11-28,F,2,PERDIO CUPO A130/98 ART. 80 LIT. C,TUNJA,ARCABUCO,LIT. C,23
PRIMER SEMESTRE DE 2022,CIENCIAS ECONOMICAS Y ADMINISTRATIVAS,CONTADURIA PUBLICA,Nocturna,Presencial,TUNJA,C.C.,1992-05-03,F,3,PERDIO CUPO A130/98 ART.80 LIT. E,TUTA,TUNJA,LIT. E,32
PRIMER SEMESTRE DE 2022,CIENCIAS ECONOMICAS Y ADMINISTRATIVAS,MAESTRÍA EN FINANZAS,Extendida,Presencial,TUNJA,C.C.,1987-04-20,F,SIN INFORMACIÓN,PERDIO CUPO A 052/2012  ART 15 LIT.A.,BOGOTA D.E,DUITAMA,LIT. A,37
PRIMER SEMESTRE DE 2022,CIENCIAS ECONOMICAS Y ADMINISTRATIVAS,MAESTRÍA EN FINANZAS,Extendida,Presencial,TUNJA,C.C.,1979-10-17,M,SIN INFORMACIÓN,PERDIO CUPO A 052/2012  ART 15 LIT.B.,TUNJA,TUNJA,LIT. B,45
PRIMER SEMESTRE DE 2022,DERECHO Y CIENCIAS  SOCIALES,DERECHO,Diurna,Presencial,TUNJA,C.C.,1998-12-07,F,2,PERDIO CUPO A130/98 ART. 80 LIT. C,BOGOTA D.E,BOGOTA D.E,LIT. C,26
PRIMER SEMESTRE DE 2022,DERECHO Y CIENCIAS  SOCIALES,DERECHO,Extendida,Presencial,AGUAZUL,C.C.,2002-07-12,M,1,PERDIO CUPO A130/98 ART. 80 LIT. C,LA UVITA,LA UVITA,LIT. C,22
PRIMER SEMESTRE DE 2022,DERECHO Y CIENCIAS  SOCIALES,DERECHO,Extendida,Presencial,AGUAZUL,C.C.,2001-06-14,M,2,PERDIO CUPO A130/98 ART. 80 LIT. B,AGUAZUL,AGUAZUL,LIT. B,23
PRIMER SEMESTRE DE 2022,DERECHO Y CIENCIAS  SOCIALES,DERECHO,Extendida,Presencial,AGUAZUL,C.C.,1997-11-21,F,2,PERDIO CUPO A130/98 ART. 80 LIT. C,SOGAMOSO,SOGAMOSO,LIT. C,27
PRIMER SEMESTRE DE 2022,ESTUDIOS A DISTANCIA,ESPECIALIZACION EN GERENCIA DE EMPRESAS DE SALUD,Otra,Virtual,TUNJA,C.C.,1985-10-21,M,SIN INFORMACIÓN,PERDIO CUPO A 052/2012  ART 15 LIT.A.,YOPAL,YOPAL,LIT. A,39
PRIMER SEMESTRE DE 2022,ESTUDIOS A DISTANCIA,ESPECIALIZACION EN GERENCIA DE EMPRESAS DE SALUD,Otra,Virtual,TUNJA,C.C.,1989-09-21,M,SIN INFORMACIÓN,PERDIO CUPO A 052/2012  ART 15 LIT.A.,BOGOTÁ D.C.,BUCARAMANGA,LIT. A,35
PRIMER SEMESTRE DE 2022,ESTUDIOS A DISTANCIA,ESPECIALIZACION EN ALTA GERENCIA DE EMPRESAS,Otra,Virtual,TUNJA,C.C.,1986-08-11,F,SIN INFORMACIÓN,PERDIO CUPO A 052/2012  ART 15 LIT.A.,SOATÁ,BOGOTA D.E,LIT. A,38
PRIMER SEMESTRE DE 2022,ESTUDIOS A DISTANCIA,ESPECIALIZACION EN ALTA GERENCIA DE EMPRESAS,Otra,Virtual,TUNJA,C.C.,1997-05-27,F,SIN INFORMACIÓN,PERDIO CUPO A 052/2012  ART 15 LIT.A.,YOPAL,BOGOTÁ D.C.,LIT. A,27
PRIMER SEMESTRE DE 2022,ESTUDIOS A DISTANCIA,ESPECIALIZACION EN ALTA GERENCIA DE EMPRESAS,Otra,Virtual,TUNJA,C.C.,1983-04-18,M,SIN INFORMACIÓN,PERDIO CUPO A 052/2012  ART 15 LIT.A.,BOGOTA D.E,BOGOTA D.E,LIT. A,41
PRIMER SEMESTRE DE 2022,ESTUDIOS A DISTANCIA,ESPECIALIZACION EN PEDAGOGIA DE LA LENGUA CASTELLANA Y LITERATURA,Otra,Virtual,TUNJA,C.C.,1996-03-25,F,SIN INFORMACIÓN,PERDIO CUPO A 052/2012  ART 15 LIT.A.,DUITAMA,PAIPA,LIT. A,28
PRIMER SEMESTRE DE 2022,ESTUDIOS A DISTANCIA,ESPECIALIZACION EN DIDACTICA DE LA MATEMATICA PARA LA EDUCACION BASICA,Otra,Virtual,TUNJA,C.C.,1985-11-14,M,SIN INFORMACIÓN,PERDIO CUPO A 052/2012  ART 15 LIT.A.,QUIBDÓ,QUIBDÓ,LIT. A,39
PRIMER SEMESTRE DE 2022,ESTUDIOS A DISTANCIA,TECNOLOGIA EN OBRAS CIVILES,Otra,Distancia,TUNJA,C.C.,2001-03-10,M,2,PERDIO CUPO A130/98 ART. 80 LIT. B,SAMACÁ,SAMACÁ,LIT. B,23
PRIMER SEMESTRE DE 2022,ESTUDIOS A DISTANCIA,TECNOLOGIA EN OBRAS CIVILES,Otra,Distancia,TUNJA,C.C.,2003-02-27,M,2,PERDIO CUPO A130/98 ART. 80 LIT. B,RAMIRIQUÍ,RAMIRIQUÍ,LIT. B,21
PRIMER SEMESTRE DE 2022,ESTUDIOS A DISTANCIA,TECNOLOGIA EN OBRAS CIVILES,Otra,Distancia,TUNJA,C.C.,2000-11-20,M,3,PERDIO CUPO A130/98 ART. 80 LIT. C,VILLAPINZÓN,VILLAPINZÓN,LIT. C,24
PRIMER SEMESTRE DE 2022,ESTUDIOS A DISTANCIA,TECNOLOGIA EN OBRAS CIVILES,Otra,Distancia,TUNJA,C.C.,2001-10-23,M,2,PERDIO CUPO A130/98 ART. 80 LIT. B,TUNJA,TUNJA,LIT. B,23
PRIMER SEMESTRE DE 2022,ESTUDIOS A DISTANCIA,TECNOLOGIA EN OBRAS CIVILES,Otra,Distancia,TUNJA,C.C.,1971-09-11,M,2,PERDIO CUPO A130/98 ART. 80 LIT. B,CHIQUINQUIRÁ,CHIQUINQUIRÁ,LIT. B,53
PRIMER SEMESTRE DE 2022,ESTUDIOS A DISTANCIA,TECNOLOGIA EN OBRAS CIVILES,Otra,Distancia,TUNJA,C.C.,1994-12-27,M,2,PERDIO CUPO A130/98 ART. 80 LIT. B,GARAGOA,GARAGOA,LIT. B,30
PRIMER SEMESTRE DE 2022,ESTUDIOS A DISTANCIA,TECNOLOGIA EN OBRAS CIVILES,Otra,Distancia,TUNJA,T.I.,2004-01-05,M,2,PERDIO CUPO A130/98 ART. 80 LIT. C,MOTAVITA,MOTAVITA,LIT. C,20
PRIMER SEMESTRE DE 2022,ESTUDIOS A DISTANCIA,TECNOLOGIA EN OBRAS CIVILES,Otra,Distancia,TUNJA,C.C.,1997-02-18,M,1,PERDIO CUPO A130/98 ART. 80 LIT. B,SORA,SORA,LIT. B,27
PRIMER SEMESTRE DE 2022,ESTUDIOS A DISTANCIA,TECNOLOGIA EN OBRAS CIVILES,Otra,Distancia,TUNJA,C.C.,1996-07-08,M,1,PERDIO CUPO A130/98 ART. 80 LIT. B,BOGOTÁ D.C.,BOGOTÁ D.C.,LIT. B,28
PRIMER SEMESTRE DE 2022,ESTUDIOS A DISTANCIA,TECNOLOGIA EN OBRAS CIVILES,Otra,Distancia,TUNJA,C.C.,2003-09-11,F,3,PERDIO CUPO A130/98 ART. 80 LIT. C,BOGOTA D.E,BOGOTA D.E,LIT. C,21
PRIMER SEMESTRE DE 2022,ESTUDIOS A DISTANCIA,TECNOLOGIA EN OBRAS CIVILES,Otra,Distancia,TUNJA,C.C.,1992-12-13,M,1,PERDIO CUPO A130/98 ART. 80 LIT. D,CAMPOHERMOSO,SAN JOSÉ DEL GUAVIARE,LIT. D,32
PRIMER SEMESTRE DE 2022,ESTUDIOS A DISTANCIA,TECNOLOGIA EN OBRAS CIVILES,Otra,Distancia,TUNJA,C.C.,2000-06-24,M,2,PERDIO CUPO A130/98 ART. 80 LIT. B,TUNJA,TUNJA,LIT. B,24
PRIMER SEMESTRE DE 2022,ESTUDIOS A DISTANCIA,TECNOLOGIA EN OBRAS CIVILES,Otra,Distancia,TUNJA,C.C.,2002-12-31,F,2,PERDIO CUPO A130/98 ART. 80 LIT. B,TUNJA,TUNJA,LIT. B,22
PRIMER SEMESTRE DE 2022,ESTUDIOS A DISTANCIA,TECNOLOGIA EN OBRAS CIVILES,Otra,Distancia,TUNJA,C.C.,1986-02-09,M,1,PERDIO CUPO A130/98 ART. 80 LIT. B,TUNJA,TUNJA,LIT. B,38
PRIMER SEMESTRE DE 2022,ESTUDIOS A DISTANCIA,TECNOLOGIA EN OBRAS CIVILES,Otra,Distancia,TUNJA,C.C.,1994-11-28,F,2,PERDIO CUPO A130/98 ART. 80 LIT. C,TUNJA,TUNJA,LIT. C,30
PRIMER SEMESTRE DE 2022,ESTUDIOS A DISTANCIA,TECNOLOGIA EN OBRAS CIVILES,Otra,Distancia,TUNJA,C.C.,1990-06-09,M,2,PERDIO CUPO A130/98 ART. 80 LIT. D,DUITAMA,PAIPA,LIT. D,34
PRIMER SEMESTRE DE 2022,ESTUDIOS A DISTANCIA,TECNOLOGIA EN OBRAS CIVILES,Otra,Distancia,SOGAMOSO,T.I.,2003-11-21,M,1,PERDIO CUPO A130/98 ART. 80 LIT. B,SOGAMOSO,AQUITANIA,LIT. B,21
PRIMER SEMESTRE DE 2022,ESTUDIOS A DISTANCIA,TECNOLOGIA EN OBRAS CIVILES,Otra,Distancia,SOGAMOSO,T.I.,2004-05-23,F,2,PERDIO CUPO A130/98 ART. 80 LIT. D,SOGAMOSO,SAN LUIS DE PALENQUE,LIT. D,20
PRIMER SEMESTRE DE 2022,ESTUDIOS A DISTANCIA,TECNOLOGIA EN OBRAS CIVILES,Otra,Distancia,YOPAL,C.C.,1999-01-24,M,1,PERDIO CUPO A130/98 ART. 80 LIT. B,TAURAMENA,TAURAMENA,LIT. B,25
PRIMER SEMESTRE DE 2022,ESTUDIOS A DISTANCIA,TECNOLOGIA EN OBRAS CIVILES,Otra,Distancia,DUITAMA,C.C.,1996-05-17,M,2,PERDIO CUPO A130/98 ART.80 LIT. E,NOBSA,NOBSA,LIT. E,28
PRIMER SEMESTRE DE 2022,ESTUDIOS A DISTANCIA,TECNOLOGIA EN REGENCIA DE FARMACIA,Otra,Distancia,TUNJA,C.C.,2000-09-24,F,2,PERDIO CUPO A130/98 ART. 80 LIT. C,BOGOTA D.E,TUNJA,LIT. C,24
PRIMER SEMESTRE DE 2022,ESTUDIOS A DISTANCIA,TECNOLOGIA EN REGENCIA DE FARMACIA,Otra,Distancia,TUNJA,C.C.,2002-09-25,F,2,PERDIO CUPO A130/98 ART. 80 LIT. B,TUNJA,TUNJA,LIT. B,22
PRIMER SEMESTRE DE 2022,ESTUDIOS A DISTANCIA,TECNOLOGIA EN REGENCIA DE FARMACIA,Otra,Distancia,TUNJA,C.C.,1990-08-25,F,3,PERDIO CUPO A130/98 ART. 80 LIT. B,TUNJA,TUNJA,LIT. B,34
PRIMER SEMESTRE DE 2022,ESTUDIOS A DISTANCIA,TECNOLOGIA EN REGENCIA DE FARMACIA,Otra,Distancia,TUNJA,C.C.,2000-07-19,F,2,PERDIO CUPO A130/98 ART. 80 LIT. C,TUNJA,TUNJA,LIT. C,24
PRIMER SEMESTRE DE 2022,ESTUDIOS A DISTANCIA,TECNOLOGIA EN REGENCIA DE FARMACIA,Otra,Distancia,DUITAMA,C.C.,2002-07-01,M,2,PERDIO CUPO A130/98 ART. 80 LIT. C,TUNJA,PAIPA,LIT. C,22
PRIMER SEMESTRE DE 2022,ESTUDIOS A DISTANCIA,TECNOLOGIA EN REGENCIA DE FARMACIA,Otra,Distancia,DUITAMA,C.C.,1994-05-20,F,2,PERDIO CUPO A130/98 ART. 80 LIT. D,NEIVA,NEIVA,LIT. D,30
PRIMER SEMESTRE DE 2022,ESTUDIOS A DISTANCIA,TECNOLOGIA EN REGENCIA DE FARMACIA,Otra,Distancia,DUITAMA,C.C.,1991-05-20,F,2,PERDIO CUPO A130/98 ART. 80 LIT. D,DUITAMA,DUITAMA,LIT. D,33
PRIMER SEMESTRE DE 2022,ESTUDIOS A DISTANCIA,TECNOLOGIA EN REGENCIA DE FARMACIA,Otra,Distancia,DUITAMA,C.C.,1987-03-12,M,1,PERDIO CUPO A130/98 ART.80 LIT. E,DUITAMA,DUITAMA,LIT. E,37
PRIMER SEMESTRE DE 2022,ESTUDIOS A DISTANCIA,TECNOLOGIA EN REGENCIA DE FARMACIA,Otra,Distancia,DUITAMA,C.C.,2001-03-22,F,2,PERDIO CUPO A130/98 ART.80 LIT. E,DUITAMA,DUITAMA,LIT. E,23
PRIMER SEMESTRE DE 2022,ESTUDIOS A DISTANCIA,TECNOLOGIA EN REGENCIA DE FARMACIA,Otra,Distancia,DUITAMA,T.I.,2003-10-15,M,1,PERDIO CUPO A130/98 ART.80 LIT. E,CHITA,CHITA,LIT. E,21
PRIMER SEMESTRE DE 2022,ESTUDIOS A DISTANCIA,TECNOLOGIA EN REGENCIA DE FARMACIA,Otra,Distancia,SOGAMOSO,C.C.,1996-05-27,F,2,PERDIO CUPO A130/98 ART.80 LIT. E,PESCA,PESCA,LIT. E,28
PRIMER SEMESTRE DE 2022,ESTUDIOS A DISTANCIA,TECNOLOGIA EN REGENCIA DE FARMACIA,Otra,Distancia,SOGAMOSO,C.C.,1993-07-12,M,3,PERDIO CUPO A130/98 ART. 80 LIT. D,SOGAMOSO,BUCARAMANGA,LIT. D,31
PRIMER SEMESTRE DE 2022,ESTUDIOS A DISTANCIA,TECNOLOGIA EN MAQUINAS Y HERRAMIENTAS,Otra,Distancia,TUNJA,T.I.,2003-03-28,M,1,PERDIO CUPO A130/98 ART. 80 LIT. C,AGUAZUL,AGUAZUL,LIT. C,21
PRIMER SEMESTRE DE 2022,ESTUDIOS A DISTANCIA,TECNOLOGIA EN MAQUINAS Y HERRAMIENTAS,Otra,Distancia,TUNJA,C.C.,2002-09-13,M,2,PERDIO CUPO A130/98 ART. 80 LIT. B,BOGOTA D.E,GUATEQUE,LIT. B,22
PRIMER SEMESTRE DE 2022,ESTUDIOS A DISTANCIA,TECNOLOGIA EN OBRAS CIVILES,Otra,Distancia,SANTA FE DE BOGOTA,C.C.,1999-05-04,M,2,PERDIO CUPO A130/98 ART. 80 LIT. D,SUBA (BOGOTA D.E.),BOGOTA D.E,LIT. D,25
PRIMER SEMESTRE DE 2022,ESTUDIOS A DISTANCIA,TECNICA PROFESIONAL EN PROCESOS AGROINDUSTRIALES,Otra,Virtual,TUNJA,C.C.,1993-05-21,F,2,PERDIO CUPO A130/98 ART.80 LIT. E,TRINIDAD,TRINIDAD,LIT. E,31
PRIMER SEMESTRE DE 2022,ESTUDIOS A DISTANCIA,TECNICA PROFESIONAL EN PROCESOS AGROINDUSTRIALES,Otra,Virtual,TUNJA,T.I.,2002-11-20,F,2,PERDIO CUPO A130/98 ART. 80 LIT. C,BOGOTÁ D.C.,TINJACÁ,LIT. C,22
PRIMER SEMESTRE DE 2022,ESTUDIOS A DISTANCIA,TECNICA PROFESIONAL EN PROCESOS AGROINDUSTRIALES,Otra,Virtual,TUNJA,C.C.,2001-01-08,F,2,PERDIO CUPO A130/98 ART. 80 LIT. C,TUNJA,TUNJA,LIT. C,23
PRIMER SEMESTRE DE 2022,ESTUDIOS A DISTANCIA,TECNICA PROFESIONAL EN PROCESOS AGROINDUSTRIALES,Otra,Virtual,TUNJA,C.C.,2000-09-07,M,SIN INFORMACIÓN,PERDIO CUPO A130/98 ART. 80 LIT. B,VILLA DE LEYVA,VILLA DE LEYVA,LIT. B,24
PRIMER SEMESTRE DE 2022,ESTUDIOS A DISTANCIA,TECNICA PROFESIONAL EN PROCESOS AGROINDUSTRIALES,Otra,Virtual,TUNJA,C.C.,1981-11-16,M,4,PERDIO CUPO A130/98 ART. 80 LIT. C,CHIQUINQUIRÁ,BOGOTÁ D.C.,LIT. C,43
PRIMER SEMESTRE DE 2022,ESTUDIOS A DISTANCIA,TECNOLOGIA  EN GESTION AGROINDUSTRIAL,Otra,Virtual,TUNJA,C.C.,1987-07-31,F,2,PERDIO CUPO A130/98 ART.80 LIT. E,BOGOTÁ D.C.,USME,LIT. E,37
PRIMER SEMESTRE DE 2022,ESTUDIOS A DISTANCIA,TECNICA PROFESIONAL EN PROCESOS AGROINDUSTRIALES,Otra,Virtual,DUITAMA,C.C.,1994-03-08,F,2,PERDIO CUPO A130/98 ART. 80 LIT. C,SOGAMOSO,SOGAMOSO,LIT. C,30
PRIMER SEMESTRE DE 2022,ESTUDIOS A DISTANCIA,TECNICA PROFESIONAL EN PROCESOS AGROINDUSTRIALES,Otra,Virtual,DUITAMA,C.C.,1997-10-19,F,2,PERDIO CUPO A130/98 ART. 80 LIT. C,NUEVO COLÓN,NUEVO COLÓN,LIT. C,27
PRIMER SEMESTRE DE 2022,ESTUDIOS A DISTANCIA,TECNICA PROFESIONAL EN PROCESOS AGROINDUSTRIALES,Otra,Virtual,DUITAMA,C.C.,2003-03-16,M,3,PERDIO CUPO A130/98 ART. 80 LIT. C,TUNJA,TUNJA,LIT. C,21
PRIMER SEMESTRE DE 2022,ESTUDIOS A DISTANCIA,TECNICA PROFESIONAL EN PROCESOS AGROINDUSTRIALES,Otra,Virtual,DUITAMA,C.C.,1995-11-23,F,2,PERDIO CUPO A130/98 ART. 80 LIT. B,TUNJA,TUNJA,LIT. B,29
PRIMER SEMESTRE DE 2022,ESTUDIOS A DISTANCIA,TECNICA PROFESIONAL EN PROCESOS AGROINDUSTRIALES,Otra,Virtual,DUITAMA,C.C.,1986-09-23,M,2,PERDIO CUPO A130/98 ART. 80 LIT. B,SATIVASUR,TUNJA,LIT. B,38
PRIMER SEMESTRE DE 2022,ESTUDIOS A DISTANCIA,TECNICA PROFESIONAL EN PROCESOS ADMINISTRATIVOS DE SALUD,Otra,Virtual,RONDON,T.I.,2001-08-04,F,2,PERDIO CUPO A130/98 ART.80 LIT. E,MIRAFLORES,SAN EDUARDO,LIT. E,23
PRIMER SEMESTRE DE 2022,ESTUDIOS A DISTANCIA,TECNOLOGIA DE  PROGRAMACION DE SISTEMAS INFORMATICOS,Otra,Distancia,TUNJA,C.C.,2003-07-28,F,3,PERDIO CUPO A130/98 ART. 80 LIT. C,TUNJA,TUNJA,LIT. C,21
PRIMER SEMESTRE DE 2022,ESTUDIOS A DISTANCIA,TECNOLOGIA DE  PROGRAMACION DE SISTEMAS INFORMATICOS,Otra,Distancia,TUNJA,C.C.,2002-04-02,M,1,PERDIO CUPO A130/98 ART. 80 LIT. C,LA VEGA,PAZ DE ARIPORO,LIT. C,22
PRIMER SEMESTRE DE 2022,ESTUDIOS A DISTANCIA,TECNOLOGIA DE  PROGRAMACION DE SISTEMAS INFORMATICOS,Otra,Distancia,TUNJA,C.C.,1993-07-22,M,2,PERDIO CUPO A130/98 ART. 80 LIT. B,EL ESPINO,EL ESPINO,LIT. B,31
PRIMER SEMESTRE DE 2022,ESTUDIOS A DISTANCIA,TECNICA PROFESIONAL EN INSTALACION Y MANTENIMIENTO DE REDES Y COMPUTADORES,Otra,Distancia,TUNJA,T.I.,2005-10-21,M,2,PERDIO CUPO A130/98 ART. 80 LIT. C,TUNJA,CÓMBITA,LIT. C,19
PRIMER SEMESTRE DE 2022,ESTUDIOS A DISTANCIA,TECNICA PROFESIONAL EN INSTALACION Y MANTENIMIENTO DE REDES Y COMPUTADORES,Otra,Distancia,TUNJA,C.C.,1998-01-07,M,2,PERDIO CUPO A130/98 ART. 80 LIT. C,ENGATIVA,SUBA (BOGOTA D.E.),LIT. C,26
PRIMER SEMESTRE DE 2022,ESTUDIOS A DISTANCIA,TECNICA PROFESIONAL EN INSTALACION Y MANTENIMIENTO DE REDES Y COMPUTADORES,Otra,Distancia,TUNJA,T.I.,2003-03-05,M,2,PERDIO CUPO A130/98 ART. 80 LIT. B,DUITAMA,DUITAMA,LIT. B,21
PRIMER SEMESTRE DE 2022,ESTUDIOS A DISTANCIA,TECNICA PROFESIONAL EN INSTALACION Y MANTENIMIENTO DE REDES Y COMPUTADORES,Otra,Distancia,TUNJA,C.C.,2003-12-17,M,1,PERDIO CUPO A130/98 ART. 80 LIT. D,TUNJA,TUNJA,LIT. D,21
PRIMER SEMESTRE DE 2022,ESTUDIOS A DISTANCIA,TECNICA PROFESIONAL EN PROCESOS ADMINISTRATIVOS DE SALUD,Otra,Virtual,TUNJA,C.C.,1995-05-21,F,1,PERDIO CUPO A130/98 ART.80 LIT. E,CANALETE,CANALETE,LIT. E,29
PRIMER SEMESTRE DE 2022,ESTUDIOS A DISTANCIA,TECNICA PROFESIONAL EN PROCESOS ADMINISTRATIVOS DE SALUD,Otra,Virtual,TUNJA,C.C.,1995-04-12,F,2,PERDIO CUPO A130/98 ART. 80 LIT. C,CHIQUINQUIRÁ,CALDAS,LIT. C,29
PRIMER SEMESTRE DE 2022,ESTUDIOS A DISTANCIA,TECNICA PROFESIONAL EN PROCESOS ADMINISTRATIVOS DE SALUD,Otra,Virtual,TUNJA,C.C.,1979-01-28,F,1,PERDIO CUPO A130/98 ART. 80 LIT. B,TRINIDAD,TRINIDAD,LIT. B,45
PRIMER SEMESTRE DE 2022,ESTUDIOS A DISTANCIA,TECNICA PROFESIONAL EN PROCESOS ADMINISTRATIVOS DE SALUD,Otra,Virtual,TUNJA,T.I.,2002-05-30,F,2,PERDIO CUPO A130/98 ART.80 LIT. E,TUNJA,TUNJA,LIT. E,22
PRIMER SEMESTRE DE 2022,ESTUDIOS A DISTANCIA,TECNICA PROFESIONAL EN PROCESOS ADMINISTRATIVOS DE SALUD,Otra,Virtual,TUNJA,C.C.,2003-06-27,F,2,PERDIO CUPO A130/98 ART. 80 LIT. B,TUNJA,TUNJA,LIT. B,21
PRIMER SEMESTRE DE 2022,ESTUDIOS A DISTANCIA,TECNICA PROFESIONAL EN PROCESOS ADMINISTRATIVOS DE SALUD,Otra,Virtual,TUNJA,C.C.,1999-05-14,F,2,PERDIO CUPO A130/98 ART. 80 LIT. C,SOGAMOSO,TUNJA,LIT. C,25
PRIMER SEMESTRE DE 2022,ESTUDIOS A DISTANCIA,TECNOLOGIA EN GESTION ADMINISTRATIVA DE SERVICIOS DE SALUD,Otra,Virtual,TUNJA,C.C.,1989-05-06,F,2,PERDIO CUPO A130/98 ART.80 LIT. E,SINCELEJO,COROZAL,LIT. E,35
PRIMER SEMESTRE DE 2022,ESTUDIOS A DISTANCIA,TECNOLOGIA EN GESTION ADMINISTRATIVA DE SERVICIOS DE SALUD,Otra,Virtual,TUNJA,C.C.,1993-02-24,F,3,PERDIO CUPO A130/98 ART. 80 LIT. D,BOGOTA D.E,BOGOTA D.E,LIT. D,31
PRIMER SEMESTRE DE 2022,ESTUDIOS A DISTANCIA,TECNICA PROFESIONAL  EN PROCESOS COMERCIALES Y FINANCIEROS,Otra,Virtual,TUNJA,C.C.,1988-12-07,M,2,PERDIO CUPO A130/98 ART. 80 LIT. B,PORE,YOPAL,LIT. B,36
PRIMER SEMESTRE DE 2022,ESTUDIOS A DISTANCIA,TECNICA PROFESIONAL  EN PROCESOS COMERCIALES Y FINANCIEROS,Otra,Virtual,TUNJA,C.C.,1988-10-05,M,3,PERDIO CUPO A130/98 ART. 80 LIT. C,TUNJA,CAMPOHERMOSO,LIT. C,36
PRIMER SEMESTRE DE 2022,ESTUDIOS A DISTANCIA,TECNICA PROFESIONAL  EN PROCESOS COMERCIALES Y FINANCIEROS,Otra,Virtual,TUNJA,C.C.,2003-04-05,M,2,PERDIO CUPO A130/98 ART. 80 LIT. C,ZIPAQUIRÁ,VILLAPINZÓN,LIT. C,21
PRIMER SEMESTRE DE 2022,ESTUDIOS A DISTANCIA,TECNICA PROFESIONAL  EN PROCESOS COMERCIALES Y FINANCIEROS,Otra,Virtual,TUNJA,C.C.,1996-02-26,M,1,PERDIO CUPO A130/98 ART. 80 LIT. B,TUNJA,TUNJA,LIT. B,28
PRIMER SEMESTRE DE 2022,ESTUDIOS A DISTANCIA,TECNICA PROFESIONAL  EN PROCESOS COMERCIALES Y FINANCIEROS,Otra,Virtual,TUNJA,C.C.,1980-04-10,M,3,PERDIO CUPO A130/98 ART. 80 LIT. B,TUNJA,TUNJA,LIT. B,44
PRIMER SEMESTRE DE 2022,ESTUDIOS A DISTANCIA,TECNICA PROFESIONAL  EN PROCESOS COMERCIALES Y FINANCIEROS,Otra,Virtual,TUNJA,C.C.,2001-03-25,M,2,PERDIO CUPO A130/98 ART. 80 LIT. B,TUNJA,TUNJA,LIT. B,23
PRIMER SEMESTRE DE 2022,ESTUDIOS A DISTANCIA,TECNICA PROFESIONAL  EN PROCESOS COMERCIALES Y FINANCIEROS,Otra,Virtual,TUNJA,C.C.,1992-04-15,F,3,PERDIO CUPO A130/98 ART. 80 LIT. D,MIRAFLORES,TUNJA,LIT. D,32
PRIMER SEMESTRE DE 2022,ESTUDIOS A DISTANCIA,TECNICA PROFESIONAL  EN PROCESOS COMERCIALES Y FINANCIEROS,Otra,Virtual,TUNJA,C.C.,2000-03-09,M,2,PERDIO CUPO A130/98 ART. 80 LIT. B,DUITAMA,DUITAMA,LIT. B,24
PRIMER SEMESTRE DE 2022,ESTUDIOS A DISTANCIA,TECNICA PROFESIONAL  EN PROCESOS COMERCIALES Y FINANCIEROS,Otra,Virtual,TUNJA,C.C.,1992-12-28,F,2,PERDIO CUPO A130/98 ART. 80 LIT. B,TUNJA,BOGOTÁ D.C.,LIT. B,32
PRIMER SEMESTRE DE 2022,ESTUDIOS A DISTANCIA,TECNICA PROFESIONAL  EN PROCESOS COMERCIALES Y FINANCIEROS,Otra,Virtual,TUNJA,C.C.,1998-03-21,F,2,PERDIO CUPO A130/98 ART. 80 LIT. C,BOYACÁ,BOYACÁ,LIT. C,26
PRIMER SEMESTRE DE 2022,ESTUDIOS A DISTANCIA,TECNICA PROFESIONAL  EN PROCESOS COMERCIALES Y FINANCIEROS,Otra,Virtual,TUNJA,C.C.,2000-10-28,F,2,PERDIO CUPO A130/98 ART. 80 LIT. D,ZETAQUIRA,ZETAQUIRA,LIT. D,24
PRIMER SEMESTRE DE 2022,ESTUDIOS A DISTANCIA,TECNICA PROFESIONAL  EN PROCESOS COMERCIALES Y FINANCIEROS,Otra,Virtual,TUNJA,C.C.,2002-02-09,F,2,PERDIO CUPO A130/98 ART. 80 LIT. D,BOGOTA D.E,ACACÍAS,LIT. D,22
PRIMER SEMESTRE DE 2022,ESTUDIOS A DISTANCIA,TECNOLOGIA EN GESTION COMERCIAL Y FINANCIERA,Otra,Virtual,TUNJA,C.C.,1989-07-14,M,2,PERDIO CUPO A130/98 ART. 80 LIT. D,TUNJA,TUNJA,LIT. D,35
PRIMER SEMESTRE DE 2022,ESTUDIOS A DISTANCIA,ADMINISTRACION COMERCIAL Y FINANCIERA,Otra,Virtual,TUNJA,C.C.,1988-11-15,M,2,PERDIO CUPO A130/98 ART.80 LIT. E,BOGOTÁ D.C.,BOGOTÁ D.C.,LIT. E,36
PRIMER SEMESTRE DE 2022,ESTUDIOS A DISTANCIA,ADMINISTRACION COMERCIAL Y FINANCIERA,Otra,Virtual,TUNJA,C.C.,1995-05-01,F,2,PERDIO CUPO A130/98 ART.80 LIT. E,GARAGOA,GARAGOA,LIT. E,29
PRIMER SEMESTRE DE 2022,ESTUDIOS A DISTANCIA,ADMINISTRACION COMERCIAL Y FINANCIERA,Otra,Virtual,TUNJA,C.C.,1997-11-17,F,1,PERDIO CUPO A130/98 ART. 80 LIT. D,BOGOTA D.E,GARAGOA,LIT. D,27
PRIMER SEMESTRE DE 2022,ESTUDIOS A DISTANCIA,ADMINISTRACION COMERCIAL Y FINANCIERA,Otra,Virtual,TUNJA,C.C.,1991-03-24,F,1,PERDIO CUPO A130/98 ART. 80 LIT. D,TUNJA,TUNJA,LIT. D,33
PRIMER SEMESTRE DE 2022,ESTUDIOS A DISTANCIA,TECNICA PROFESIONAL EN PROCESOS ADMINISTRATIVOS DE SALUD,Otra,Virtual,SOGAMOSO,C.C.,1990-02-16,F,2,PERDIO CUPO A130/98 ART. 80 LIT. B,DUITAMA,DUITAMA,LIT. B,34
PRIMER SEMESTRE DE 2022,ESTUDIOS A DISTANCIA,TECNICA PROFESIONAL EN PROCESOS ADMINISTRATIVOS DE SALUD,Otra,Virtual,DUITAMA,C.C.,2001-03-01,F,2,PERDIO CUPO A130/98 ART. 80 LIT. C,DUITAMA,TUNJA,LIT. C,23
PRIMER SEMESTRE DE 2022,ESTUDIOS A DISTANCIA,TECNICA PROFESIONAL EN PROCESOS ADMINISTRATIVOS DE SALUD,Otra,Virtual,DUITAMA,C.C.,1994-11-02,F,2,PERDIO CUPO A130/98 ART. 80 LIT. B,SOGAMOSO,SOGAMOSO,LIT. B,30
PRIMER SEMESTRE DE 2022,ESTUDIOS A DISTANCIA,TECNICA PROFESIONAL EN PROCESOS ADMINISTRATIVOS DE SALUD,Otra,Virtual,DUITAMA,C.C.,1995-04-26,F,1,PERDIO CUPO A130/98 ART. 80 LIT. B,SOATÁ,SOATÁ,LIT. B,29
PRIMER SEMESTRE DE 2022,ESTUDIOS A DISTANCIA,TECNOLOGIA EN GESTION ADMINISTRATIVA DE SERVICIOS DE SALUD,Otra,Virtual,DUITAMA,C.C.,1997-12-28,F,1,PERDIO CUPO A130/98 ART.80 LIT. E,NEIVA,DUITAMA,LIT. E,27
PRIMER SEMESTRE DE 2022,ESTUDIOS A DISTANCIA,TECNICA PROFESIONAL EN PROCESOS ADMINISTRATIVOS DE SALUD,Otra,Virtual,GARAGOA,C.C.,1997-12-17,F,1,PERDIO CUPO A130/98 ART. 80 LIT. C,GARAGOA,GARAGOA,LIT. C,27
PRIMER SEMESTRE DE 2022,ESTUDIOS A DISTANCIA,TECNICA PROFESIONAL EN PROCESOS ADMINISTRATIVOS DE SALUD,Otra,Virtual,YOPAL,C.C.,1987-08-03,F,3,PERDIO CUPO A130/98 ART.80 LIT. E,SOGAMOSO,SOGAMOSO,LIT. E,37
PRIMER SEMESTRE DE 2022,ESTUDIOS A DISTANCIA,TECNICA PROFESIONAL EN PROCESOS ADMINISTRATIVOS DE SALUD,Otra,Virtual,YOPAL,C.C.,2002-10-04,F,1,PERDIO CUPO A130/98 ART. 80 LIT. C,SAN LUIS DE GACENO,YOPAL,LIT. C,22
PRIMER SEMESTRE DE 2022,ESTUDIOS A DISTANCIA,TECNICA PROFESIONAL EN PROCESOS ADMINISTRATIVOS DE SALUD,Otra,Virtual,YOPAL,C.C.,2000-11-28,F,2,PERDIO CUPO A130/98 ART. 80 LIT. D,PORE,PORE,LIT. D,24
PRIMER SEMESTRE DE 2022,ESTUDIOS A DISTANCIA,TECNICA PROFESIONAL  EN PROCESOS COMERCIALES Y FINANCIEROS,Otra,Virtual,GARAGOA,C.C.,2001-01-11,F,1,PERDIO CUPO A130/98 ART. 80 LIT. C,GARAGOA,GARAGOA,LIT. C,23
PRIMER SEMESTRE DE 2022,ESTUDIOS A DISTANCIA,TECNICA PROFESIONAL  EN PROCESOS COMERCIALES Y FINANCIEROS,Otra,Virtual,GARAGOA,C.C.,1982-02-28,M,1,PERDIO CUPO A130/98 ART. 80 LIT. C,GUATEQUE,GUATEQUE,LIT. C,42
PRIMER SEMESTRE DE 2022,ESTUDIOS A DISTANCIA,TECNICA PROFESIONAL  EN PROCESOS COMERCIALES Y FINANCIEROS,Otra,Virtual,GARAGOA,C.C.,1987-05-12,F,1,PERDIO CUPO A130/98 ART. 80 LIT. B,SAN LUIS DE GACENO,SAN LUIS DE GACENO,LIT. B,37
PRIMER SEMESTRE DE 2022,ESTUDIOS A DISTANCIA,TECNICA PROFESIONAL  EN PROCESOS COMERCIALES Y FINANCIEROS,Otra,Virtual,SANTA FE DE BOGOTA,C.C.,1993-12-19,F,2,PERDIO CUPO A130/98 ART. 80 LIT. C,BOGOTÁ D.C.,BOGOTÁ D.C.,LIT. C,31
PRIMER SEMESTRE DE 2022,ESTUDIOS A DISTANCIA,TECNICA PROFESIONAL  EN PROCESOS COMERCIALES Y FINANCIEROS,Otra,Virtual,SANTA FE DE BOGOTA,C.C.,1998-10-24,M,2,PERDIO CUPO A130/98 ART. 80 LIT. D,BOGOTÁ D.C.,BOGOTÁ D.C.,LIT. D,26
PRIMER SEMESTRE DE 2022,ESTUDIOS A DISTANCIA,TECNICA PROFESIONAL  EN PROCESOS COMERCIALES Y FINANCIEROS,Otra,Virtual,SANTA FE DE BOGOTA,C.C.,1980-02-12,F,3,PERDIO CUPO A130/98 ART. 80 LIT. B,BOGOTA D.E,BOGOTA D.E,LIT. B,44
PRIMER SEMESTRE DE 2022,ESTUDIOS A DISTANCIA,TECNICA PROFESIONAL  EN PROCESOS COMERCIALES Y FINANCIEROS,Otra,Virtual,SANTA FE DE BOGOTA,C.C.,1993-08-13,F,2,PERDIO CUPO A130/98 ART. 80 LIT. B,BOGOTA D.E,BOGOTA D.E,LIT. B,31
PRIMER SEMESTRE DE 2022,ESTUDIOS A DISTANCIA,TECNICA PROFESIONAL  EN PROCESOS COMERCIALES Y FINANCIEROS,Otra,Virtual,DUITAMA,C.C.,1988-09-28,M,2,PERDIO CUPO A130/98 ART. 80 LIT. C,DUITAMA,PAIPA,LIT. C,36
PRIMER SEMESTRE DE 2022,ESTUDIOS A DISTANCIA,TECNICA PROFESIONAL  EN PROCESOS COMERCIALES Y FINANCIEROS,Otra,Virtual,DUITAMA,C.C.,1985-10-06,F,2,PERDIO CUPO A130/98 ART. 80 LIT. B,BOGOTA D.E,PAIPA,LIT. B,39
PRIMER SEMESTRE DE 2022,ESTUDIOS A DISTANCIA,TECNICA PROFESIONAL  EN PROCESOS COMERCIALES Y FINANCIEROS,Otra,Virtual,DUITAMA,C.C.,1994-09-04,M,2,PERDIO CUPO A130/98 ART. 80 LIT. B,SOPÓ,DUITAMA,LIT. B,30
PRIMER SEMESTRE DE 2022,ESTUDIOS A DISTANCIA,TECNICA PROFESIONAL  EN PROCESOS COMERCIALES Y FINANCIEROS,Otra,Virtual,DUITAMA,C.C.,1989-09-29,F,2,PERDIO CUPO A130/98 ART. 80 LIT. C,DUITAMA,DUITAMA,LIT. C,35
PRIMER SEMESTRE DE 2022,ESTUDIOS A DISTANCIA,TECNICA PROFESIONAL  EN PROCESOS COMERCIALES Y FINANCIEROS,Otra,Virtual,DUITAMA,C.C.,1992-07-25,F,2,PERDIO CUPO A130/98 ART. 80 LIT. D,DUITAMA,TUNJA,LIT. D,32
PRIMER SEMESTRE DE 2022,ESTUDIOS A DISTANCIA,TECNICA PROFESIONAL  EN PROCESOS COMERCIALES Y FINANCIEROS,Otra,Virtual,DUITAMA,C.C.,2002-03-09,F,3,PERDIO CUPO A130/98 ART. 80 LIT. C,DUITAMA,DUITAMA,LIT. C,22
PRIMER SEMESTRE DE 2022,ESTUDIOS A DISTANCIA,TECNICA PROFESIONAL  EN PROCESOS COMERCIALES Y FINANCIEROS,Otra,Virtual,DUITAMA,C.C.,1993-12-16,F,1,PERDIO CUPO A130/98 ART. 80 LIT. C,DUITAMA,DUITAMA,LIT. C,31
PRIMER SEMESTRE DE 2022,ESTUDIOS A DISTANCIA,TECNICA PROFESIONAL  EN PROCESOS COMERCIALES Y FINANCIEROS,Otra,Virtual,CHIQUINQUIRA,C.C.,2002-04-24,F,2,PERDIO CUPO A130/98 ART. 80 LIT. B,MEDELLÍN,BUCARAMANGA,LIT. B,22
PRIMER SEMESTRE DE 2022,ESTUDIOS A DISTANCIA,TECNICA PROFESIONAL  EN PROCESOS COMERCIALES Y FINANCIEROS,Otra,Virtual,CHIQUINQUIRA,C.C.,1998-12-20,M,2,PERDIO CUPO A130/98 ART. 80 LIT. D,CHIQUINQUIRÁ,COVEÑAS,LIT. D,26
PRIMER SEMESTRE DE 2022,ESTUDIOS A DISTANCIA,TECNICA PROFESIONAL  EN PROCESOS COMERCIALES Y FINANCIEROS,Otra,Virtual,YOPAL,C.C.,1999-02-07,F,1,PERDIO CUPO A130/98 ART. 80 LIT. B,TRINIDAD,TRINIDAD,LIT. B,25
PRIMER SEMESTRE DE 2022,ESTUDIOS A DISTANCIA,TECNICA PROFESIONAL  EN PROCESOS COMERCIALES Y FINANCIEROS,Otra,Virtual,YOPAL,C.C.,1999-01-28,F,2,PERDIO CUPO A130/98 ART. 80 LIT. C,PORE,YOPAL,LIT. C,25
PRIMER SEMESTRE DE 2022,ESTUDIOS A DISTANCIA,TECNICA PROFESIONAL  EN PROCESOS COMERCIALES Y FINANCIEROS,Otra,Virtual,YOPAL,C.C.,1997-10-28,F,1,PERDIO CUPO A130/98 ART. 80 LIT. C,YOPAL,YOPAL,LIT. C,27
PRIMER SEMESTRE DE 2022,ESTUDIOS A DISTANCIA,TECNICA PROFESIONAL  EN PROCESOS COMERCIALES Y FINANCIEROS,Otra,Virtual,YOPAL,C.C.,2000-12-30,F,1,PERDIO CUPO A130/98 ART. 80 LIT. B,TAURAMENA,AGUAZUL,LIT. B,24
PRIMER SEMESTRE DE 2022,ESTUDIOS A DISTANCIA,TECNICA PROFESIONAL  EN PROCESOS COMERCIALES Y FINANCIEROS,Otra,Virtual,SOGAMOSO,C.C.,1992-04-14,M,2,PERDIO CUPO A130/98 ART. 80 LIT. B,SOGAMOSO,SOGAMOSO,LIT. B,32
PRIMER SEMESTRE DE 2022,ESTUDIOS A DISTANCIA,TECNICA PROFESIONAL  EN PROCESOS COMERCIALES Y FINANCIEROS,Otra,Virtual,SOGAMOSO,C.C.,2001-11-06,M,1,PERDIO CUPO A130/98 ART. 80 LIT. B,SOGAMOSO,SOGAMOSO,LIT. B,23
PRIMER SEMESTRE DE 2022,ESTUDIOS A DISTANCIA,TECNICA PROFESIONAL  EN PROCESOS COMERCIALES Y FINANCIEROS,Otra,Virtual,SOGAMOSO,C.C.,1997-05-30,M,2,PERDIO CUPO A130/98 ART. 80 LIT. B,SOGAMOSO,SOGAMOSO,LIT. B,27
PRIMER SEMESTRE DE 2022,ESTUDIOS A DISTANCIA,TECNICA PROFESIONAL  EN PROCESOS COMERCIALES Y FINANCIEROS,Otra,Virtual,SOGAMOSO,C.C.,2002-07-19,F,2,PERDIO CUPO A130/98 ART. 80 LIT. B,PAIPA,PAIPA,LIT. B,22
PRIMER SEMESTRE DE 2022,ESTUDIOS A DISTANCIA,TECNOLOGIA EN GESTION COMERCIAL Y FINANCIERA,Otra,Virtual,SOGAMOSO,C.C.,1995-01-05,F,2,PERDIO CUPO A130/98 ART.80 LIT. E,SOGAMOSO,SOGAMOSO,LIT. E,29
PRIMER SEMESTRE DE 2022,ESTUDIOS A DISTANCIA,TECNOLOGIA EN GESTION COMERCIAL Y FINANCIERA,Otra,Virtual,DUITAMA,C.C.,1992-07-24,F,2,PERDIO CUPO A130/98 ART. 80 LIT. D,DUITAMA,DUITAMA,LIT. D,32
PRIMER SEMESTRE DE 2022,ESTUDIOS A DISTANCIA,TECNOLOGIA EN GESTION COMERCIAL Y FINANCIERA,Otra,Virtual,YOPAL,C.C.,2000-12-10,F,1,PERDIO CUPO A130/98 ART.80 LIT. E,YOPAL,YOPAL,LIT. E,24
PRIMER SEMESTRE DE 2022,ESTUDIOS A DISTANCIA,ADMINISTRACION COMERCIAL Y FINANCIERA,Otra,Virtual,SOGAMOSO,C.C.,2002-03-15,F,2,PERDIO CUPO A130/98 ART. 80 LIT. D,DUITAMA,DUITAMA,LIT. D,22
PRIMER SEMESTRE DE 2022,ESTUDIOS A DISTANCIA,TECNOLOGIA EN OBRAS CIVILES,Otra,Distancia,CERES MIRAFLORES,C.C.,1999-01-09,M,1,PERDIO CUPO A130/98 ART. 80 LIT. C,CAMPOHERMOSO,CAMPOHERMOSO,LIT. C,25
PRIMER SEMESTRE DE 2022,ESTUDIOS A DISTANCIA,TECNOLOGIA EN GESTION ADMINISTRATIVA DE SERVICIOS DE SALUD,Otra,Virtual,SOGAMOSO,C.C.,2000-07-17,F,2,PERDIO CUPO A130/98 ART. 80 LIT. D,SOGAMOSO,SOGAMOSO,LIT. D,24
PRIMER SEMESTRE DE 2022,ESTUDIOS A DISTANCIA,TECNOLOGIA EN ELECTRICIDAD INDUSTRIAL,Otra,Distancia,TUNJA,C.C.,1997-09-17,M,2,PERDIO CUPO A130/98 ART.80 LIT. E,VENTAQUEMADA,TUNJA,LIT. E,27
PRIMER SEMESTRE DE 2022,ESTUDIOS A DISTANCIA,TECNOLOGIA EN ELECTRICIDAD INDUSTRIAL,Otra,Distancia,TUNJA,C.C.,1996-06-14,M,1,PERDIO CUPO A130/98 ART. 80 LIT. D,TUNJA,TUNJA,LIT. D,28
PRIMER SEMESTRE DE 2022,ESTUDIOS A DISTANCIA,TECNOLOGIA EN ELECTRICIDAD INDUSTRIAL,Otra,Distancia,SANTA FE DE BOGOTA,C.C.,1989-03-04,M,3,PERDIO CUPO A130/98 ART. 80 LIT. B,BOGOTÁ D.C.,BOGOTÁ D.C.,LIT. B,35
PRIMER SEMESTRE DE 2022,ESTUDIOS A DISTANCIA,TECNOLOGIA EN ELECTRICIDAD INDUSTRIAL,Otra,Distancia,SANTA FE DE BOGOTA,C.C.,1978-06-05,M,2,PERDIO CUPO A130/98 ART. 80 LIT. B,BOGOTÁ D.C.,BOGOTA D.E,LIT. B,46
PRIMER SEMESTRE DE 2022,INGENIERIA,INGENIERIA CIVIL,Diurna,Presencial,TUNJA,C.C.,2001-10-11,M,1,PERDIO CUPO A130/98 ART. 80 LIT. D,TUNJA,TUNJA,LIT. D,23
PRIMER SEMESTRE DE 2022,INGENIERIA,INGENIERIA CIVIL,Diurna,Presencial,TUNJA,C.C.,1999-10-04,M,1,PERDIO CUPO A130/98 ART. 80 LIT. D,TUNJA,TUNJA,LIT. D,25
PRIMER SEMESTRE DE 2022,INGENIERIA,INGENIERIA CIVIL,Diurna,Presencial,TUNJA,C.C.,2002-12-11,M,2,PERDIO CUPO A130/98 ART. 80 LIT. B,LABRANZAGRANDE,PAYA,LIT. B,22
PRIMER SEMESTRE DE 2022,INGENIERIA,INGENIERIA CIVIL,Diurna,Presencial,TUNJA,C.C.,2002-09-02,F,2,PERDIO CUPO A130/98 ART. 80 LIT. C,TUNJA,TUNJA,LIT. C,22
PRIMER SEMESTRE DE 2022,INGENIERIA,INGENIERIA CIVIL,Diurna,Presencial,TUNJA,C.C.,1997-05-30,M,2,PERDIO CUPO A130/98 ART. 80 LIT. B,SOGAMOSO,SOGAMOSO,LIT. B,27
PRIMER SEMESTRE DE 2022,INGENIERIA,INGENIERIA CIVIL,Diurna,Presencial,TUNJA,T.I.,2004-02-20,F,2,PERDIO CUPO A130/98 ART. 80 LIT. D,SOGAMOSO,SOGAMOSO,LIT. D,20
PRIMER SEMESTRE DE 2022,INGENIERIA,INGENIERIA CIVIL,Diurna,Presencial,TUNJA,C.C.,1999-11-17,M,2,PERDIO CUPO A130/98 ART.80 LIT. E,BOGOTÁ D.C.,PAIPA,LIT. E,25
PRIMER SEMESTRE DE 2022,INGENIERIA,INGENIERIA CIVIL,Diurna,Presencial,TUNJA,C.C.,1996-09-17,M,1,PERDIO CUPO A130/98 ART. 80 LIT. C,VILLANUEVA,BUCARAMANGA,LIT. C,28
PRIMER SEMESTRE DE 2022,INGENIERIA,INGENIERIA METALURGICA,Diurna,Presencial,TUNJA,C.C.,2000-10-13,M,1,PERDIO CUPO A130/98 ART. 80 LIT. B,TUNJA,SOTAQUIRÁ,LIT. B,24
PRIMER SEMESTRE DE 2022,INGENIERIA,INGENIERIA METALURGICA,Diurna,Presencial,TUNJA,C.C.,2000-11-25,M,2,PERDIO CUPO A130/98 ART. 80 LIT. D,TUNJA,MIRAFLORES,LIT. D,24
PRIMER SEMESTRE DE 2022,INGENIERIA,INGENIERIA METALURGICA,Diurna,Presencial,TUNJA,C.C.,2002-05-08,M,1,PERDIO CUPO A130/98 ART.80 LIT. E,MOTAVITA,MOTAVITA,LIT. E,22
PRIMER SEMESTRE DE 2022,INGENIERIA,INGENIERIA DE TRANSPORTE Y VIAS,Diurna,Presencial,TUNJA,C.C.,2001-08-14,M,2,PERDIO CUPO A130/98 ART. 80 LIT. C,TUNJA,TUNJA,LIT. C,23
PRIMER SEMESTRE DE 2022,INGENIERIA,INGENIERIA DE TRANSPORTE Y VIAS,Diurna,Presencial,TUNJA,C.C.,2001-12-14,M,1,PERDIO CUPO A130/98 ART. 80 LIT. C,TUNJA,TUNJA,LIT. C,23
PRIMER SEMESTRE DE 2022,INGENIERIA,INGENIERIA DE TRANSPORTE Y VIAS,Diurna,Presencial,TUNJA,C.C.,2000-08-12,F,2,PERDIO CUPO A130/98 ART. 80 LIT. D,MIRAFLORES,MIRAFLORES,LIT. D,24
PRIMER SEMESTRE DE 2022,INGENIERIA,INGENIERIA DE TRANSPORTE Y VIAS,Diurna,Presencial,TUNJA,C.C.,2002-06-10,M,2,PERDIO CUPO A130/98 ART. 80 LIT. B,MAICAO,DUITAMA,LIT. B,22
PRIMER SEMESTRE DE 2022,INGENIERIA,INGENIERIA DE TRANSPORTE Y VIAS,Diurna,Presencial,TUNJA,C.C.,2000-07-15,M,1,PERDIO CUPO A130/98 ART. 80 LIT. D,TAME,TUNJA,LIT. D,24
PRIMER SEMESTRE DE 2022,INGENIERIA,INGENIERIA DE TRANSPORTE Y VIAS,Diurna,Presencial,TUNJA,C.C.,2003-04-15,F,2,PERDIO CUPO A130/98 ART. 80 LIT. D,CÓMBITA,CÓMBITA,LIT. D,21
PRIMER SEMESTRE DE 2022,INGENIERIA,INGENIERIA DE TRANSPORTE Y VIAS,Diurna,Presencial,TUNJA,C.C.,1994-12-22,F,2,PERDIO CUPO A130/98 ART. 80 LIT. D,TUNJA,TUNJA,LIT. D,30
PRIMER SEMESTRE DE 2022,INGENIERIA,INGENIERIA DE TRANSPORTE Y VIAS,Diurna,Presencial,TUNJA,C.C.,2000-07-17,M,3,PERDIO CUPO A130/98 ART. 80 LIT. C,ESPINAL,MONIQUIRÁ,LIT. C,24
PRIMER SEMESTRE DE 2022,INGENIERIA,INGENIERIA DE SISTEMAS Y COMPUTACION,Diurna,Presencial,SOGAMOSO,C.C.,2003-05-24,M,1,PERDIO CUPO A130/98 ART. 80 LIT. D,AGUAZUL,AGUAZUL,LIT. D,21
PRIMER SEMESTRE DE 2022,INGENIERIA,INGENIERIA DE SISTEMAS Y COMPUTACION,Diurna,Presencial,SOGAMOSO,C.C.,2002-06-29,M,3,PERDIO CUPO A130/98 ART. 80 LIT. C,YOPAL,YOPAL,LIT. C,22
PRIMER SEMESTRE DE 2022,INGENIERIA,INGENIERIA DE SISTEMAS Y COMPUTACION,Diurna,Presencial,SOGAMOSO,C.C.,2004-01-09,M,2,PERDIO CUPO A130/98 ART. 80 LIT. B,PASTO,SOGAMOSO,LIT. B,20
PRIMER SEMESTRE DE 2022,INGENIERIA,INGENIERIA DE SISTEMAS Y COMPUTACION,Diurna,Presencial,SOGAMOSO,T.I.,2003-10-08,M,2,PERDIO CUPO A130/98 ART.80 LIT. E,SOACHA,SOGAMOSO,LIT. E,21
PRIMER SEMESTRE DE 2022,INGENIERIA,INGENIERIA DE SISTEMAS Y COMPUTACION,Diurna,Presencial,SOGAMOSO,C.C.,2000-02-27,F,2,PERDIO CUPO A130/98 ART. 80 LIT. D,TUNJA,RAMIRIQUÍ,LIT. D,24
PRIMER SEMESTRE DE 2022,INGENIERIA,INGENIERIA DE SISTEMAS Y COMPUTACION,Diurna,Presencial,SOGAMOSO,C.C.,2001-01-04,M,2,PERDIO CUPO A130/98 ART. 80 LIT. C,BOGOTÁ D.C.,BOGOTA D.E,LIT. C,23
PRIMER SEMESTRE DE 2022,INGENIERIA,INGENIERIA DE SISTEMAS Y COMPUTACION,Diurna,Presencial,SOGAMOSO,C.C.,1999-04-06,M,2,PERDIO CUPO A130/98 ART.80 LIT. E,TUNJA,TUNJA,LIT. E,25
PRIMER SEMESTRE DE 2022,INGENIERIA,INGENIERIA DE SISTEMAS Y COMPUTACION,Diurna,Presencial,TUNJA,C.C.,1998-11-20,M,3,PERDIO CUPO A130/98 ART. 80 LIT. B,YOPAL,YOPAL,LIT. B,26
PRIMER SEMESTRE DE 2022,INGENIERIA,INGENIERIA DE SISTEMAS Y COMPUTACION,Diurna,Presencial,TUNJA,C.C.,1996-12-24,M,3,PERDIO CUPO A130/98 ART. 80 LIT. C,TENZA,TAURAMENA,LIT. C,28
PRIMER SEMESTRE DE 2022,INGENIERIA,INGENIERIA DE SISTEMAS Y COMPUTACION,Diurna,Presencial,TUNJA,T.I.,2002-03-19,M,2,PERDIO CUPO A130/98 ART. 80 LIT. C,PAUNA,PAUNA,LIT. C,22
PRIMER SEMESTRE DE 2022,INGENIERIA,INGENIERIA DE SISTEMAS Y COMPUTACION,Diurna,Presencial,TUNJA,C.C.,2000-12-18,M,1,PERDIO CUPO A130/98 ART.80 LIT. E,BOGOTÁ D.C.,PUERTO LLERAS,LIT. E,24
PRIMER SEMESTRE DE 2022,INGENIERIA,INGENIERIA AMBIENTAL,Diurna,Presencial,TUNJA,C.C.,1998-08-14,F,3,PERDIO CUPO A130/98 ART. 80 LIT. B,DUITAMA,DUITAMA,LIT. B,26
PRIMER SEMESTRE DE 2022,INGENIERIA,INGENIERIA AMBIENTAL,Diurna,Presencial,TUNJA,C.C.,2001-03-03,M,1,PERDIO CUPO A130/98 ART. 80 LIT. B,SOATÁ,BOAVITA,LIT. B,23
PRIMER SEMESTRE DE 2022,INGENIERIA,INGENIERIA AMBIENTAL,Diurna,Presencial,TUNJA,T.I.,2002-07-23,M,1,PERDIO CUPO A130/98 ART. 80 LIT. C,CHITA,MONIQUIRÁ,LIT. C,22
PRIMER SEMESTRE DE 2022,INGENIERIA,ARQUITECTURA,Extendida,Presencial,TUNJA,C.C.,1998-04-01,M,2,PERDIO CUPO A130/98 ART. 80 LIT. B,PAIPA,PAIPA,LIT. B,26
PRIMER SEMESTRE DE 2022,INGENIERIA,ARQUITECTURA,Extendida,Presencial,TUNJA,C.C.,1994-04-19,M,2,PERDIO CUPO A130/98 ART. 80 LIT. B,VILLAVICENCIO,BOGOTÁ D.C.,LIT. B,30
PRIMER SEMESTRE DE 2022,INGENIERIA,ESPECIALIZACION EN ESTRUCTURAS,Otra,Presencial,TUNJA,C.C.,1994-06-09,M,SIN INFORMACIÓN,PERDIO CUPO A 052/2012  ART 15 LIT.A.,BOGOTA D.E,SANTA FE DE BOGOTA D.C,LIT. A,30
PRIMER SEMESTRE DE 2022,INGENIERIA,ESPECIALIZACION EN ESTRUCTURAS,Otra,Presencial,TUNJA,C.C.,1996-11-28,M,SIN INFORMACIÓN,PERDIO CUPO A 052/2012  ART 15 LIT.A.,TUNJA,TUNJA,LIT. A,28
PRIMER SEMESTRE DE 2022,INGENIERIA,ESPECIALIZACION EN ESTRUCTURAS,Otra,Presencial,TUNJA,C.C.,1995-09-03,F,SIN INFORMACIÓN,PERDIO CUPO A 052/2012  ART 15 LIT.A.,TUNJA,TUNJA,LIT. A,29
PRIMER SEMESTRE DE 2022,INGENIERIA,ESPECIALIZACION EN ESTRUCTURAS,Otra,Presencial,TUNJA,C.C.,1994-08-11,M,SIN INFORMACIÓN,PERDIO CUPO A 052/2012  ART 15 LIT.A.,SOGAMOSO,SOGAMOSO,LIT. A,30
PRIMER SEMESTRE DE 2022,INGENIERIA,ESPECIALIZACION EN ESTRUCTURAS,Otra,Presencial,TUNJA,C.C.,1989-08-05,F,SIN INFORMACIÓN,PERDIO CUPO A 052/2012  ART 15 LIT.A.,SANTA ROSA DE VITERBO,SANTA ROSA DE VITERBO,LIT. A,35
PRIMER SEMESTRE DE 2022,INGENIERIA,ESPECIALIZACION EN ESTRUCTURAS,Otra,Presencial,TUNJA,C.C.,1991-07-22,M,SIN INFORMACIÓN,PERDIO CUPO A 052/2012  ART 15 LIT.A.,TOCAIMA,BOGOTA D.E,LIT. A,33
PRIMER SEMESTRE DE 2022,INGENIERIA,ESPECIALIZACION EN ESTRUCTURAS,Otra,Presencial,TUNJA,C.C.,1992-08-25,M,SIN INFORMACIÓN,PERDIO CUPO A 052/2012  ART 15 LIT.A.,BUCARAMANGA,BUCARAMANGA,LIT. A,32
PRIMER SEMESTRE DE 2022,INGENIERIA,ESPECIALIZACION EN ESTRUCTURAS,Otra,Presencial,TUNJA,C.C.,1977-05-30,M,SIN INFORMACIÓN,PERDIO CUPO A 052/2012  ART 15 LIT.A.,BARRANQUILLA,TAUSA,LIT. A,47
PRIMER SEMESTRE DE 2022,INGENIERIA,ESPECIALIZACION EN TRANSITO Y TRANSPORTE,Extendida,Presencial,SANTA FE DE BOGOTA,C.C.,1987-12-27,F,SIN INFORMACIÓN,PERDIO CUPO A 052/2012  ART 15 LIT.A.,BOGOTA D.E,BOGOTA D.E,LIT. A,37
PRIMER SEMESTRE DE 2022,INGENIERIA,ESPECIALIZACION EN GEOTECNIA,Diurna,Presencial,TUNJA,C.C.,1995-06-27,M,SIN INFORMACIÓN,PERDIO CUPO A 052/2012  ART 15 LIT.A.,GIRARDOT,GIRARDOT,LIT. A,29
PRIMER SEMESTRE DE 2022,INGENIERIA,ESPECIALIZACION EN GEOTECNIA,Diurna,Presencial,TUNJA,C.C.,1994-08-18,F,SIN INFORMACIÓN,PERDIO CUPO A 052/2012  ART 15 LIT.A.,TUNJA,TUNJA,LIT. A,30
PRIMER SEMESTRE DE 2022,INGENIERIA,ESPECIALIZACION EN GEOTECNIA,Diurna,Presencial,TUNJA,C.C.,1987-07-25,M,SIN INFORMACIÓN,PERDIO CUPO A 052/2012  ART 15 LIT.A.,UBATE,UBATE,LIT. A,37
PRIMER SEMESTRE DE 2022,INGENIERIA,ESPECIALIZACION EN GEOTECNIA,Diurna,Presencial,TUNJA,C.C.,1993-03-27,M,SIN INFORMACIÓN,PERDIO CUPO A 052/2012  ART 15 LIT.A.,VILLANUEVA,VILLANUEVA,LIT. A,31
PRIMER SEMESTRE DE 2022,INGENIERIA,MAESTRIA EN METALURGIA Y CIENCIAS DE LOS MATERIALES,Diurna,Presencial,TUNJA,C.C.,1993-07-10,M,SIN INFORMACIÓN,PERDIO CUPO A 052/2012  ART 15 LIT.A.,TUNJA,TUNJA,LIT. A,31
PRIMER SEMESTRE DE 2022,INGENIERIA,MAESTRIA EN METALURGIA Y CIENCIAS DE LOS MATERIALES,Diurna,Presencial,TUNJA,C.C.,1990-12-14,M,SIN INFORMACIÓN,PERDIO CUPO A 052/2012  ART 15 LIT.A.,BOGOTÁ D.C.,SUSA,LIT. A,34
PRIMER SEMESTRE DE 2022,INGENIERIA,TECNICO PROFESIONAL EN PRODUCCION Y TRANSFORMACION DEL ACERO,Otra,Presencial,TUNJA,C.C.,2002-04-08,F,2,PERDIO CUPO A130/98 ART. 80 LIT. C,TUNJA,TUNJA,LIT. C,22
PRIMER SEMESTRE DE 2022,SECCIONAL CHIQUINQUIRA,ADMINISTRACION DE EMPRESAS,Extendida,Presencial,CHIQUINQUIRA,T.I.,2002-02-16,M,1,PERDIO CUPO A130/98 ART. 80 LIT. C,CHIQUINQUIRÁ,CHIQUINQUIRÁ,LIT. C,22
PRIMER SEMESTRE DE 2022,SECCIONAL CHIQUINQUIRA,ADMINISTRACION DE EMPRESAS,Extendida,Presencial,CHIQUINQUIRA,C.C.,2000-07-03,F,2,PERDIO CUPO A130/98 ART. 80 LIT. C,CHIQUINQUIRÁ,BOGOTA D.E,LIT. C,24
PRIMER SEMESTRE DE 2022,SECCIONAL CHIQUINQUIRA,CONTADURIA PUBLICA,Nocturna,Presencial,CHIQUINQUIRA,C.C.,1997-01-29,F,3,PERDIO CUPO A130/98 ART.80 LIT. E,CHIQUINQUIRÁ,CHIQUINQUIRÁ,LIT. E,27
PRIMER SEMESTRE DE 2022,SECCIONAL CHIQUINQUIRA,CONTADURIA PUBLICA,Nocturna,Presencial,CHIQUINQUIRA,C.C.,1995-01-01,F,2,PERDIO CUPO A130/98 ART.80 LIT. E,CHIQUINQUIRÁ,CHIQUINQUIRÁ,LIT. E,29
PRIMER SEMESTRE DE 2022,SECCIONAL CHIQUINQUIRA,CONTADURIA PUBLICA,Nocturna,Presencial,CHIQUINQUIRA,C.C.,2000-06-28,F,2,PERDIO CUPO A130/98 ART. 80 LIT. D,CHIQUINQUIRÁ,SABOYÁ,LIT. D,24
PRIMER SEMESTRE DE 2022,SECCIONAL CHIQUINQUIRA,CONTADURIA PUBLICA,Nocturna,Presencial,CHIQUINQUIRA,C.C.,2001-12-20,M,2,PERDIO CUPO A130/98 ART. 80 LIT. C,CHIQUINQUIRÁ,CHIQUINQUIRÁ,LIT. C,23
PRIMER SEMESTRE DE 2022,SECCIONAL CHIQUINQUIRA,CONTADURIA PUBLICA,Nocturna,Presencial,CHIQUINQUIRA,C.C.,1999-04-02,M,2,PERDIO CUPO A130/98 ART. 80 LIT. D,CHIQUINQUIRÁ,CHIQUINQUIRÁ,LIT. D,25
PRIMER SEMESTRE DE 2022,SECCIONAL DUITAMA,LICENCIATURA EN TECNOLOGIA,Diurna,Presencial,DUITAMA,C.C.,2003-02-24,M,2,PERDIO CUPO A130/98 ART. 80 LIT. C,BOGOTÁ D.C.,SOGAMOSO,LIT. C,21
PRIMER SEMESTRE DE 2022,SECCIONAL DUITAMA,LICENCIATURA EN TECNOLOGIA,Diurna,Presencial,DUITAMA,C.C.,2001-05-01,M,2,PERDIO CUPO A130/98 ART.80 LIT. E,SOGAMOSO,SOGAMOSO,LIT. E,23
PRIMER SEMESTRE DE 2022,SECCIONAL DUITAMA,LICENCIATURA EN TECNOLOGIA,Diurna,Presencial,DUITAMA,C.C.,2000-04-13,M,2,PERDIO CUPO A130/98 ART. 80 LIT. D,DUITAMA,PAIPA,LIT. D,24
PRIMER SEMESTRE DE 2022,SECCIONAL DUITAMA,LICENCIATURA EN TECNOLOGIA,Diurna,Presencial,DUITAMA,T.I.,2003-10-31,M,1,PERDIO CUPO A130/98 ART. 80 LIT. C,BOGOTÁ D.C.,SOCHA,LIT. C,21
PRIMER SEMESTRE DE 2022,SECCIONAL DUITAMA,LICENCIATURA EN TECNOLOGIA,Diurna,Presencial,DUITAMA,C.C.,1997-05-06,M,2,PERDIO CUPO A130/98 ART. 80 LIT. D,DUITAMA,DUITAMA,LIT. D,27
PRIMER SEMESTRE DE 2022,SECCIONAL DUITAMA,INGENIERIA ELECTROMECANICA,Diurna,Presencial,DUITAMA,T.I.,2003-02-22,M,2,PERDIO CUPO A130/98 ART. 80 LIT. D,GRANADA,GRANADA,LIT. D,21
PRIMER SEMESTRE DE 2022,SECCIONAL DUITAMA,INGENIERIA ELECTROMECANICA,Diurna,Presencial,DUITAMA,C.C.,2002-09-30,M,2,PERDIO CUPO A130/98 ART. 80 LIT. C,SOGAMOSO,SOGAMOSO,LIT. C,22
PRIMER SEMESTRE DE 2022,SECCIONAL DUITAMA,INGENIERIA ELECTROMECANICA,Diurna,Presencial,DUITAMA,C.C.,1995-04-20,M,2,PERDIO CUPO A130/98 ART.80 LIT. E,SOGAMOSO,SOGAMOSO,LIT. E,29
PRIMER SEMESTRE DE 2022,SECCIONAL DUITAMA,INGENIERIA ELECTROMECANICA,Diurna,Presencial,DUITAMA,C.C.,2000-01-24,F,2,PERDIO CUPO A130/98 ART. 80 LIT. B,PAIPA,PAIPA,LIT. B,24
PRIMER SEMESTRE DE 2022,SECCIONAL DUITAMA,INGENIERIA ELECTROMECANICA,Diurna,Presencial,DUITAMA,T.I.,2004-03-05,M,2,PERDIO CUPO A130/98 ART. 80 LIT. B,DUITAMA,PAIPA,LIT. B,20
PRIMER SEMESTRE DE 2022,SECCIONAL DUITAMA,INGENIERIA ELECTROMECANICA,Diurna,Presencial,DUITAMA,C.C.,2001-05-10,M,2,PERDIO CUPO A130/98 ART. 80 LIT. B,TUNJA,TOCA,LIT. B,23
PRIMER SEMESTRE DE 2022,SECCIONAL DUITAMA,INGENIERIA ELECTROMECANICA,Diurna,Presencial,DUITAMA,C.C.,1995-07-12,M,2,PERDIO CUPO A130/98 ART. 80 LIT. D,NÁTAGA,NÁTAGA,LIT. D,29
PRIMER SEMESTRE DE 2022,SECCIONAL DUITAMA,INGENIERIA ELECTROMECANICA,Diurna,Presencial,DUITAMA,C.C.,1999-10-29,M,2,PERDIO CUPO A130/98 ART. 80 LIT. B,DUITAMA,BELÉN,LIT. B,25
PRIMER SEMESTRE DE 2022,SECCIONAL DUITAMA,INGENIERIA ELECTROMECANICA,Diurna,Presencial,DUITAMA,C.C.,1998-04-21,M,2,PERDIO CUPO A130/98 ART. 80 LIT. C,SOGAMOSO,DUITAMA,LIT. C,26
PRIMER SEMESTRE DE 2022,SECCIONAL DUITAMA,INGENIERIA ELECTROMECANICA,Diurna,Presencial,DUITAMA,C.C.,2002-12-24,M,2,PERDIO CUPO A130/98 ART. 80 LIT. D,DUITAMA,DUITAMA,LIT. D,22
PRIMER SEMESTRE DE 2022,SECCIONAL DUITAMA,ADMINISTRACION TURISTICA Y HOTELERA,Diurna,Presencial,DUITAMA,C.C.,1995-01-06,M,1,PERDIO CUPO A130/98 ART. 80 LIT. D,SOTAQUIRÁ,SOTAQUIRÁ,LIT. D,29
PRIMER SEMESTRE DE 2022,SECCIONAL DUITAMA,ADMINISTRACION TURISTICA Y HOTELERA,Diurna,Presencial,DUITAMA,C.C.,1998-09-24,M,1,PERDIO CUPO A130/98 ART. 80 LIT. D,PAIPA,PAIPA,LIT. D,26
PRIMER SEMESTRE DE 2022,SECCIONAL DUITAMA,ADMINISTRACION TURISTICA Y HOTELERA,Diurna,Presencial,DUITAMA,C.C.,2001-06-24,F,2,PERDIO CUPO A130/98 ART. 80 LIT. D,DUITAMA,PAIPA,LIT. D,23
PRIMER SEMESTRE DE 2022,SECCIONAL DUITAMA,ADMINISTRACION DE EMPRESAS AGROPECUARIAS,Diurna,Presencial,DUITAMA,C.C.,2000-08-04,F,3,PERDIO CUPO A130/98 ART. 80 LIT. C,DUITAMA,TIBASOSA,LIT. C,24
PRIMER SEMESTRE DE 2022,SECCIONAL DUITAMA,ADMINISTRACION DE EMPRESAS AGROPECUARIAS,Diurna,Presencial,DUITAMA,C.C.,2000-12-23,F,2,PERDIO CUPO A130/98 ART. 80 LIT. C,SOGAMOSO,SOGAMOSO,LIT. C,24
PRIMER SEMESTRE DE 2022,SECCIONAL DUITAMA,ADMINISTRACION DE EMPRESAS AGROPECUARIAS,Diurna,Presencial,DUITAMA,C.C.,2002-11-10,M,2,PERDIO CUPO A130/98 ART. 80 LIT. C,TIBASOSA,TIBASOSA,LIT. C,22
PRIMER SEMESTRE DE 2022,SECCIONAL DUITAMA,ADMINISTRACION INDUSTRIAL,Diurna,Presencial,DUITAMA,C.C.,2003-11-23,M,2,PERDIO CUPO A130/98 ART. 80 LIT. C,NEIVA,SOGAMOSO,LIT. C,21
PRIMER SEMESTRE DE 2022,SECCIONAL DUITAMA,ADMINISTRACION INDUSTRIAL,Diurna,Presencial,DUITAMA,C.C.,2001-10-11,M,2,PERDIO CUPO A130/98 ART. 80 LIT. B,DUITAMA,DUITAMA,LIT. B,23
PRIMER SEMESTRE DE 2022,SECCIONAL DUITAMA,DISEÑO INDUSTRIAL,Diurna,Presencial,DUITAMA,C.C.,1995-06-15,M,2,PERDIO CUPO A130/98 ART. 80 LIT. C,BOGOTA D.E,DUITAMA,LIT. C,29
PRIMER SEMESTRE DE 2022,SECCIONAL DUITAMA,DISEÑO INDUSTRIAL,Diurna,Presencial,DUITAMA,T.I.,2004-04-07,M,2,PERDIO CUPO A130/98 ART. 80 LIT. C,PAIPA,PAIPA,LIT. C,20
PRIMER SEMESTRE DE 2022,SECCIONAL DUITAMA,DISEÑO INDUSTRIAL,Diurna,Presencial,DUITAMA,C.C.,1998-05-19,F,2,PERDIO CUPO A130/98 ART. 80 LIT. C,DUITAMA,DUITAMA,LIT. C,26
PRIMER SEMESTRE DE 2022,SECCIONAL DUITAMA,DISEÑO INDUSTRIAL,Diurna,Presencial,DUITAMA,C.C.,1999-03-08,M,2,PERDIO CUPO A130/98 ART. 80 LIT. C,SOGAMOSO,CÚCUTA,LIT. C,25
PRIMER SEMESTRE DE 2022,SECCIONAL DUITAMA,LICENCIATURA EN MATEMATICAS,Diurna,Presencial,DUITAMA,T.I.,2004-04-25,M,2,PERDIO CUPO A130/98 ART. 80 LIT. C,PAYA,SOGAMOSO,LIT. C,20
PRIMER SEMESTRE DE 2022,SECCIONAL DUITAMA,LICENCIATURA EN MATEMATICAS,Diurna,Presencial,DUITAMA,C.C.,1998-03-01,M,2,PERDIO CUPO A130/98 ART. 80 LIT. C,DUITAMA,DUITAMA,LIT. C,26
PRIMER SEMESTRE DE 2022,SECCIONAL DUITAMA,LICENCIATURA EN MATEMATICAS,Diurna,Presencial,DUITAMA,C.C.,2000-10-27,M,2,PERDIO CUPO A130/98 ART. 80 LIT. D,DUITAMA,DUITAMA,LIT. D,24
PRIMER SEMESTRE DE 2022,SECCIONAL DUITAMA,LICENCIATURA EN MATEMATICAS,Diurna,Presencial,DUITAMA,C.C.,2000-03-21,F,1,PERDIO CUPO A130/98 ART.80 LIT. E,DUITAMA,DUITAMA,LIT. E,24
PRIMER SEMESTRE DE 2022,SECCIONAL DUITAMA,LICENCIATURA EN MATEMATICAS,Diurna,Presencial,DUITAMA,C.C.,2001-02-01,M,2,PERDIO CUPO A130/98 ART. 80 LIT. C,DUITAMA,DUITAMA,LIT. C,23
PRIMER SEMESTRE DE 2022,SECCIONAL DUITAMA,ESPECIALIZACION EN GESTION ESTRATEGICA DE PROYECTOS,Otra,Presencial,DUITAMA,C.C.,1992-06-09,F,SIN INFORMACIÓN,PERDIO CUPO A 052/2012  ART 15 LIT.A.,TUTAZÁ,DUITAMA,LIT. A,32
PRIMER SEMESTRE DE 2022,SECCIONAL DUITAMA,ESPECIALIZACIÓN EN DISEÑO DE MAQUINARIA Y EQUIPO,Extendida,Presencial,DUITAMA,C.C.,1992-06-20,M,SIN INFORMACIÓN,PERDIO CUPO A 052/2012  ART 15 LIT.A.,MELGAR,MIRAFLORES,LIT. A,32
PRIMER SEMESTRE DE 2022,SECCIONAL DUITAMA,ESPECIALIZACIÓN EN PLANIFICACIÓN Y REGULACIÓN ENERGÉTICA,Extendida,Presencial,DUITAMA,C.C.,1996-08-22,M,SIN INFORMACIÓN,PERDIO CUPO A 052/2012  ART 15 LIT.A.,DUITAMA,DUITAMA,LIT. A,28
PRIMER SEMESTRE DE 2022,SECCIONAL SOGAMOSO,INGENIERIA ELECTRONICA,Diurna,Presencial,SOGAMOSO,T.I.,2002-05-25,M,2,PERDIO CUPO A130/98 ART. 80 LIT. B,SOGAMOSO,SOGAMOSO,LIT. B,22
PRIMER SEMESTRE DE 2022,SECCIONAL SOGAMOSO,INGENIERIA ELECTRONICA,Diurna,Presencial,SOGAMOSO,T.I.,2002-03-09,F,1,PERDIO CUPO A130/98 ART. 80 LIT. C,TUNJA,SAMACÁ,LIT. C,22
PRIMER SEMESTRE DE 2022,SECCIONAL SOGAMOSO,INGENIERIA ELECTRONICA,Diurna,Presencial,SOGAMOSO,C.C.,2003-05-08,M,2,PERDIO CUPO A130/98 ART. 80 LIT. B,BOGOTA D.E,BOGOTA D.E,LIT. B,21
PRIMER SEMESTRE DE 2022,SECCIONAL SOGAMOSO,INGENIERIA ELECTRONICA,Diurna,Presencial,SOGAMOSO,C.C.,1990-02-05,M,2,PERDIO CUPO A130/98 ART.80 LIT. E,MONGUÍ,SOGAMOSO,LIT. E,34
PRIMER SEMESTRE DE 2022,SECCIONAL SOGAMOSO,INGENIERIA ELECTRONICA,Diurna,Presencial,SOGAMOSO,C.C.,2002-04-16,M,2,PERDIO CUPO A130/98 ART. 80 LIT. D,SOGAMOSO,SOGAMOSO,LIT. D,22
PRIMER SEMESTRE DE 2022,SECCIONAL SOGAMOSO,INGENIERIA ELECTRONICA,Diurna,Presencial,SOGAMOSO,C.C.,2000-10-21,M,1,PERDIO CUPO A130/98 ART.80 LIT. E,CURUMANÍ,SOGAMOSO,LIT. E,24
PRIMER SEMESTRE DE 2022,SECCIONAL SOGAMOSO,INGENIERIA ELECTRONICA,Diurna,Presencial,SOGAMOSO,C.C.,1999-09-05,M,2,PERDIO CUPO A130/98 ART.80 LIT. E,SOGAMOSO,SOGAMOSO,LIT. E,25
PRIMER SEMESTRE DE 2022,SECCIONAL SOGAMOSO,INGENIERIA ELECTRONICA,Diurna,Presencial,SOGAMOSO,C.C.,2002-09-18,M,2,PERDIO CUPO A130/98 ART. 80 LIT. B,TUNJA,TUNJA,LIT. B,22
PRIMER SEMESTRE DE 2022,SECCIONAL SOGAMOSO,INGENIERIA GEOLOGICA,Diurna,Presencial,SOGAMOSO,T.I.,2002-04-25,M,2,PERDIO CUPO A130/98 ART. 80 LIT. B,BOGOTA D.E,FACATATIVÁ,LIT. B,22
PRIMER SEMESTRE DE 2022,SECCIONAL SOGAMOSO,INGENIERIA GEOLOGICA,Diurna,Presencial,SOGAMOSO,C.C.,2001-12-28,F,2,PERDIO CUPO A130/98 ART.80 LIT. E,DUITAMA,DUITAMA,LIT. E,23
PRIMER SEMESTRE DE 2022,SECCIONAL SOGAMOSO,INGENIERIA INDUSTRIAL,Diurna,Presencial,SOGAMOSO,C.C.,2002-05-02,M,2,PERDIO CUPO A130/98 ART. 80 LIT. C,PAIPA,PAIPA,LIT. C,22
PRIMER SEMESTRE DE 2022,SECCIONAL SOGAMOSO,INGENIERIA INDUSTRIAL,Diurna,Presencial,SOGAMOSO,C.C.,1988-01-21,M,2,PERDIO CUPO A130/98 ART.80 LIT. E,SOGAMOSO,SOGAMOSO,LIT. E,36
PRIMER SEMESTRE DE 2022,SECCIONAL SOGAMOSO,INGENIERIA INDUSTRIAL,Diurna,Presencial,SOGAMOSO,T.I.,2002-07-11,M,2,PERDIO CUPO A130/98 ART. 80 LIT. D,NOBSA,TIBASOSA,LIT. D,22
PRIMER SEMESTRE DE 2022,SECCIONAL SOGAMOSO,INGENIERIA INDUSTRIAL,Diurna,Presencial,SOGAMOSO,T.I.,2001-09-15,M,2,PERDIO CUPO A130/98 ART. 80 LIT. D,DUITAMA,TUNJA,LIT. D,23
PRIMER SEMESTRE DE 2022,SECCIONAL SOGAMOSO,INGENIERIA INDUSTRIAL,Diurna,Presencial,SOGAMOSO,C.C.,1999-01-01,F,2,PERDIO CUPO A130/98 ART. 80 LIT. B,DUITAMA,DUITAMA,LIT. B,25
PRIMER SEMESTRE DE 2022,SECCIONAL SOGAMOSO,INGENIERIA INDUSTRIAL,Diurna,Presencial,SOGAMOSO,C.C.,2003-02-20,M,2,PERDIO CUPO A130/98 ART. 80 LIT. C,DUITAMA,PAIPA,LIT. C,21
PRIMER SEMESTRE DE 2022,SECCIONAL SOGAMOSO,INGENIERIA INDUSTRIAL,Diurna,Presencial,SOGAMOSO,T.I.,2004-02-24,M,2,PERDIO CUPO A130/98 ART. 80 LIT. C,SOGAMOSO,SOGAMOSO,LIT. C,20
PRIMER SEMESTRE DE 2022,SECCIONAL SOGAMOSO,CONTADURIA PUBLICA,Diurna,Presencial,SOGAMOSO,C.C.,2000-04-06,F,2,PERDIO CUPO A130/98 ART. 80 LIT. C,FLORESTA,FLORESTA,LIT. C,24
PRIMER SEMESTRE DE 2022,SECCIONAL SOGAMOSO,CONTADURIA PUBLICA,Diurna,Presencial,SOGAMOSO,C.C.,1997-02-13,M,1,PERDIO CUPO A130/98 ART. 80 LIT. D,BOGOTÁ D.C.,BUSBANZÁ,LIT. D,27
PRIMER SEMESTRE DE 2022,SECCIONAL SOGAMOSO,CONTADURIA PUBLICA,Diurna,Presencial,SOGAMOSO,C.C.,2002-12-17,M,2,PERDIO CUPO A130/98 ART. 80 LIT. C,SOGAMOSO,SOGAMOSO,LIT. C,22
PRIMER SEMESTRE DE 2022,SECCIONAL SOGAMOSO,ADMINISTRACION DE EMPRESAS,Extendida,Presencial,SOGAMOSO,C.C.,2000-06-13,M,2,PERDIO CUPO A130/98 ART. 80 LIT. B,SOGAMOSO,SOGAMOSO,LIT. B,24
PRIMER SEMESTRE DE 2022,SECCIONAL SOGAMOSO,ADMINISTRACION DE EMPRESAS,Extendida,Presencial,SOGAMOSO,C.C.,1984-02-25,M,2,PERDIO CUPO A130/98 ART. 80 LIT. C,NOBSA,SOGAMOSO,LIT. C,40
PRIMER SEMESTRE DE 2022,SECCIONAL SOGAMOSO,ADMINISTRACION DE EMPRESAS,Extendida,Presencial,SOGAMOSO,C.C.,2003-07-16,F,2,PERDIO CUPO A130/98 ART. 80 LIT. B,SOGAMOSO,PESCA,LIT. B,21
PRIMER SEMESTRE DE 2022,SECCIONAL SOGAMOSO,ADMINISTRACION DE EMPRESAS,Extendida,Presencial,SOGAMOSO,C.C.,1998-04-29,M,2,PERDIO CUPO A130/98 ART. 80 LIT. B,SOGAMOSO,SOGAMOSO,LIT. B,26
PRIMER SEMESTRE DE 2022,SECCIONAL SOGAMOSO,INGENIERIA ELECTRONICA,Diurna,Presencial,TUNJA,T.I.,2003-04-15,M,1,PERDIO CUPO A130/98 ART. 80 LIT. D,TAURAMENA,TAURAMENA,LIT. D,21
PRIMER SEMESTRE DE 2022,SECCIONAL SOGAMOSO,FINANZAS Y COMERCIO INTERNACIONAL,Extendida,Presencial,SOGAMOSO,C.C.,2001-10-11,M,2,PERDIO CUPO A130/98 ART. 80 LIT. C,SOGAMOSO,SOGAMOSO,LIT. C,23
PRIMER SEMESTRE DE 2022,SECCIONAL SOGAMOSO,FINANZAS Y COMERCIO INTERNACIONAL,Extendida,Presencial,SOGAMOSO,C.C.,1999-02-27,F,2,PERDIO CUPO A130/98 ART. 80 LIT. C,BELÉN,BOGOTA D.E,LIT. C,25
PRIMER SEMESTRE DE 2022,SECCIONAL SOGAMOSO,FINANZAS Y COMERCIO INTERNACIONAL,Extendida,Presencial,SOGAMOSO,C.C.,1999-08-02,M,2,PERDIO CUPO A130/98 ART. 80 LIT. B,DUITAMA,DUITAMA,LIT. B,25
SEGUNDO SEMESTRE DE 2022,CIENCIAS,FISICA,Diurna,Presencial,TUNJA,C.C.,2000-04-15,M,3,PERDIO CUPO A130/98 ART. 80 LIT. D,DUITAMA,DUITAMA,LIT. D,24
SEGUNDO SEMESTRE DE 2022,CIENCIAS,FISICA,Diurna,Presencial,TUNJA,C.C.,2003-05-06,M,2,PERDIO CUPO A130/98 ART. 80 LIT. C,TUNJA,TUNJA,LIT. C,21
SEGUNDO SEMESTRE DE 2022,CIENCIAS,FISICA,Diurna,Presencial,TUNJA,T.I.,2004-11-23,M,2,PERDIO CUPO A130/98 ART. 80 LIT. C,BOGOTA D.E,BOGOTA D.E,LIT. C,20
SEGUNDO SEMESTRE DE 2022,CIENCIAS,FISICA,Diurna,Presencial,TUNJA,T.I.,2004-06-15,F,3,PERDIO CUPO A130/98 ART. 80 LIT. C,SOGAMOSO,MONIQUIRÁ,LIT. C,20
SEGUNDO SEMESTRE DE 2022,CIENCIAS,FISICA,Diurna,Presencial,TUNJA,C.C.,1998-11-21,M,2,PERDIO CUPO A130/98 ART. 80 LIT. B,TUNJA,TUNJA,LIT. B,26
SEGUNDO SEMESTRE DE 2022,CIENCIAS,FISICA,Diurna,Presencial,TUNJA,C.C.,2001-11-06,F,2,PERDIO CUPO A130/98 ART. 80 LIT. C,SARAVENA,SOGAMOSO,LIT. C,23
SEGUNDO SEMESTRE DE 2022,CIENCIAS,FISICA,Diurna,Presencial,TUNJA,T.I.,2004-03-26,M,1,PERDIO CUPO A130/98 ART. 80 LIT. C,BOGOTA D.E,MONIQUIRÁ,LIT. C,20
SEGUNDO SEMESTRE DE 2022,CIENCIAS,FISICA,Diurna,Presencial,TUNJA,C.C.,2002-12-21,M,3,PERDIO CUPO A130/98 ART. 80 LIT. B,TUNJA,TUNJA,LIT. B,22
SEGUNDO SEMESTRE DE 2022,CIENCIAS,FISICA,Diurna,Presencial,TUNJA,T.I.,2004-03-29,M,1,PERDIO CUPO A130/98 ART. 80 LIT. C,VILLAVICENCIO,YOPAL,LIT. C,20
SEGUNDO SEMESTRE DE 2022,CIENCIAS,BIOLOGIA,Diurna,Presencial,TUNJA,C.C.,2002-10-25,F,2,PERDIO CUPO A130/98 ART. 80 LIT. C,TUNJA,SOGAMOSO,LIT. C,22
SEGUNDO SEMESTRE DE 2022,CIENCIAS,BIOLOGIA,Diurna,Presencial,TUNJA,C.C.,1999-09-18,M,2,PERDIO CUPO A130/98 ART. 80 LIT. C,SOGAMOSO,SOGAMOSO,LIT. C,25
SEGUNDO SEMESTRE DE 2022,CIENCIAS,BIOLOGIA,Diurna,Presencial,TUNJA,C.C.,2001-07-17,M,2,PERDIO CUPO A130/98 ART. 80 LIT. C,BOGOTA D.E,TUNJA,LIT. C,23
SEGUNDO SEMESTRE DE 2022,CIENCIAS,BIOLOGIA,Diurna,Presencial,TUNJA,C.C.,1999-09-12,F,2,PERDIO CUPO A130/98 ART. 80 LIT. D,SOATÁ,TUNJA,LIT. D,25
SEGUNDO SEMESTRE DE 2022,CIENCIAS,MATEMATICAS,Diurna,Presencial,TUNJA,C.C.,2001-03-09,M,2,PERDIO CUPO A130/98 ART. 80 LIT. C,CHIQUINQUIRÁ,TUNJA,LIT. C,23
SEGUNDO SEMESTRE DE 2022,CIENCIAS,MATEMATICAS,Diurna,Presencial,TUNJA,T.I.,2004-10-16,F,2,PERDIO CUPO A130/98 ART. 80 LIT. B,SAMACÁ,SAMACÁ,LIT. B,20
SEGUNDO SEMESTRE DE 2022,CIENCIAS,MATEMATICAS,Diurna,Presencial,TUNJA,C.C.,2003-02-22,F,2,PERDIO CUPO A130/98 ART. 80 LIT. B,SOGAMOSO,SOGAMOSO,LIT. B,21
SEGUNDO SEMESTRE DE 2022,CIENCIAS,MATEMATICAS,Diurna,Presencial,TUNJA,C.C.,2002-07-29,F,2,PERDIO CUPO A130/98 ART.80 LIT. E,RAMIRIQUÍ,CIÉNEGA,LIT. E,22
SEGUNDO SEMESTRE DE 2022,CIENCIAS,MATEMATICAS,Diurna,Presencial,TUNJA,C.C.,2000-08-15,M,1,PERDIO CUPO A130/98 ART. 80 LIT. C,MONIQUIRÁ,MONIQUIRÁ,LIT. C,24
SEGUNDO SEMESTRE DE 2022,CIENCIAS,MATEMATICAS,Diurna,Presencial,TUNJA,C.C.,1998-12-20,M,3,PERDIO CUPO A130/98 ART. 80 LIT. C,DUITAMA,DUITAMA,LIT. C,26
SEGUNDO SEMESTRE DE 2022,CIENCIAS,MATEMATICAS,Diurna,Presencial,TUNJA,C.C.,2001-09-26,M,2,PERDIO CUPO A130/98 ART. 80 LIT. C,TUNJA,TUNJA,LIT. C,23
SEGUNDO SEMESTRE DE 2022,CIENCIAS,MATEMATICAS,Diurna,Presencial,TUNJA,C.C.,2003-08-10,M,1,PERDIO CUPO A130/98 ART. 80 LIT. D,TUNJA,TUNJA,LIT. D,21
SEGUNDO SEMESTRE DE 2022,CIENCIAS,MATEMATICAS,Diurna,Presencial,TUNJA,C.C.,1996-12-17,M,2,PERDIO CUPO A130/98 ART.80 LIT. E,TUNJA,TUNJA,LIT. E,28
SEGUNDO SEMESTRE DE 2022,CIENCIAS,QUIMICA,Diurna,Presencial,TUNJA,C.C.,2003-12-17,F,2,PERDIO CUPO A130/98 ART. 80 LIT. C,GÜICÁN,GÜICÁN,LIT. C,21
SEGUNDO SEMESTRE DE 2022,CIENCIAS,QUIMICA,Diurna,Presencial,TUNJA,T.I.,2002-09-04,F,3,PERDIO CUPO A130/98 ART.80 LIT. E,TUNJA,TUNJA,LIT. E,22
SEGUNDO SEMESTRE DE 2022,CIENCIAS,QUIMICA,Diurna,Presencial,TUNJA,C.C.,2000-12-25,M,2,PERDIO CUPO A130/98 ART. 80 LIT. B,SOGAMOSO,SOGAMOSO,LIT. B,24
SEGUNDO SEMESTRE DE 2022,CIENCIAS,QUIMICA,Diurna,Presencial,TUNJA,C.C.,2003-12-17,F,2,PERDIO CUPO A130/98 ART. 80 LIT. C,DUITAMA,PAIPA,LIT. C,21
SEGUNDO SEMESTRE DE 2022,CIENCIAS,QUIMICA,Diurna,Presencial,TUNJA,C.C.,2000-10-11,F,2,PERDIO CUPO A130/98 ART. 80 LIT. B,TURMEQUÉ,TUNJA,LIT. B,24
SEGUNDO SEMESTRE DE 2022,CIENCIAS,QUIMICA,Diurna,Presencial,TUNJA,C.C.,2003-03-20,M,3,PERDIO CUPO A130/98 ART. 80 LIT. D,BUCARAMANGA,BUCARAMANGA,LIT. D,21
SEGUNDO SEMESTRE DE 2022,CIENCIAS,QUIMICA,Diurna,Presencial,TUNJA,C.C.,2003-03-18,F,2,PERDIO CUPO A130/98 ART. 80 LIT. D,CHIQUINQUIRÁ,CHIQUINQUIRÁ,LIT. D,21
SEGUNDO SEMESTRE DE 2022,CIENCIAS,QUIMICA,Diurna,Presencial,TUNJA,C.E,2003-11-07,F,3,PERDIO CUPO A130/98 ART. 80 LIT. C,EXTRANJERO,TUNJA,LIT. C,21
SEGUNDO SEMESTRE DE 2022,CIENCIAS,MAESTRIA EN CIENCIAS BIOLOGICAS,Otra,Presencial,TUNJA,C.C.,1995-11-10,M,SIN INFORMACIÓN,PERDIO CUPO A 052/2012  ART 15 LIT.B.,BOGOTA D.E,BOGOTA D.E,LIT. B,29
SEGUNDO SEMESTRE DE 2022,CIENCIAS AGROPECUARIAS,INGENIERIA AGRONOMICA,Diurna,Presencial,TUNJA,C.C.,2001-08-28,F,2,PERDIO CUPO A130/98 ART. 80 LIT. D,YOPAL,YOPAL,LIT. D,23
SEGUNDO SEMESTRE DE 2022,CIENCIAS AGROPECUARIAS,INGENIERIA AGRONOMICA,Diurna,Presencial,TUNJA,C.C.,2000-10-14,M,2,PERDIO CUPO A130/98 ART.80 LIT. E,TUNJA,TUNJA,LIT. E,24
SEGUNDO SEMESTRE DE 2022,CIENCIAS AGROPECUARIAS,INGENIERIA AGRONOMICA,Diurna,Presencial,TUNJA,C.C.,1998-08-07,M,2,PERDIO CUPO A130/98 ART. 80 LIT. D,DUITAMA,DUITAMA,LIT. D,26
SEGUNDO SEMESTRE DE 2022,CIENCIAS AGROPECUARIAS,INGENIERIA AGRONOMICA,Diurna,Presencial,TUNJA,C.C.,1999-05-08,F,3,PERDIO CUPO A130/98 ART. 80 LIT. B,BOGOTÁ D.C.,BOGOTÁ D.C.,LIT. B,25
SEGUNDO SEMESTRE DE 2022,CIENCIAS AGROPECUARIAS,MEDICINA VETERINARIA Y ZOOTECNIA,Diurna,Presencial,TUNJA,C.C.,1998-08-23,F,2,PERDIO CUPO A130/98 ART. 80 LIT. D,TUNJA,TUNJA,LIT. D,26
SEGUNDO SEMESTRE DE 2022,CIENCIAS AGROPECUARIAS,MEDICINA VETERINARIA Y ZOOTECNIA,Diurna,Presencial,TUNJA,C.C.,1994-05-23,M,2,PERDIO CUPO A130/98 ART. 80 LIT. D,TUNJA,TUNJA,LIT. D,30
SEGUNDO SEMESTRE DE 2022,CIENCIAS AGROPECUARIAS,MAESTRIA EN CIENCIAS AGRARIAS,Otra,Presencial,TUNJA,C.C.,1980-05-20,M,SIN INFORMACIÓN,PERDIO CUPO A 052/2012  ART 15 LIT.A.,MONIQUIRÁ,TUNJA,LIT. A,44
SEGUNDO SEMESTRE DE 2022,CIENCIAS DE LA EDUCACION,LICENCIATURA EN INFORMATICA Y TECNOLOGIA,Nocturna,Presencial,TUNJA,C.C.,1996-11-21,M,2,PERDIO CUPO A130/98 ART. 80 LIT. D,TUNJA,TUNJA,LIT. D,28
SEGUNDO SEMESTRE DE 2022,CIENCIAS DE LA EDUCACION,LICENCIATURA EN MATEMATICAS,Diurna,Presencial,TUNJA,C.C.,1999-09-27,F,2,PERDIO CUPO A130/98 ART. 80 LIT. D,BARBOSA,BARBOSA,LIT. D,25
SEGUNDO SEMESTRE DE 2022,CIENCIAS DE LA EDUCACION,LICENCIATURA EN MATEMATICAS,Diurna,Presencial,TUNJA,C.C.,2003-03-21,M,2,PERDIO CUPO A130/98 ART. 80 LIT. B,CHOCONTÁ,CHOCONTÁ,LIT. B,21
SEGUNDO SEMESTRE DE 2022,CIENCIAS DE LA EDUCACION,LICENCIATURA EN MATEMATICAS,Diurna,Presencial,TUNJA,C.C.,2000-06-01,M,2,PERDIO CUPO A130/98 ART. 80 LIT. C,MIRAFLORES,TUNJA,LIT. C,24
SEGUNDO SEMESTRE DE 2022,CIENCIAS DE LA EDUCACION,LICENCIATURA EN MATEMATICAS,Diurna,Presencial,TUNJA,T.I.,2003-05-17,M,1,PERDIO CUPO A130/98 ART. 80 LIT. C,CHIQUINQUIRÁ,CHIQUINQUIRÁ,LIT. C,21
SEGUNDO SEMESTRE DE 2022,CIENCIAS DE LA EDUCACION,LICENCIATURA EN MATEMATICAS,Diurna,Presencial,TUNJA,C.C.,1998-05-18,F,1,PERDIO CUPO A130/98 ART.80 LIT. E,BUCARAMANGA,TUNJA,LIT. E,26
SEGUNDO SEMESTRE DE 2022,CIENCIAS DE LA EDUCACION,LICENCIATURA EN MATEMATICAS,Diurna,Presencial,TUNJA,C.C.,1998-12-22,M,1,PERDIO CUPO A130/98 ART. 80 LIT. D,QUÍPAMA,TUNJA,LIT. D,26
SEGUNDO SEMESTRE DE 2022,CIENCIAS DE LA EDUCACION,LICENCIATURA  EN CIENCIAS NATURALES Y EDUCACION AMBIENTAL,Diurna,Presencial,TUNJA,C.C.,1999-01-15,M,3,PERDIO CUPO A130/98 ART. 80 LIT. D,TUNJA,TUNJA,LIT. D,25
SEGUNDO SEMESTRE DE 2022,CIENCIAS DE LA EDUCACION,LICENCIATURA  EN CIENCIAS NATURALES Y EDUCACION AMBIENTAL,Diurna,Presencial,TUNJA,C.C.,2001-03-07,F,2,PERDIO CUPO A130/98 ART. 80 LIT. B,SOGAMOSO,SOGAMOSO,LIT. B,23
SEGUNDO SEMESTRE DE 2022,CIENCIAS DE LA EDUCACION,LICENCIATURA EN MATEMATICAS,Nocturna,Presencial,TUNJA,C.C.,1992-03-09,M,2,PERDIO CUPO A130/98 ART. 80 LIT. B,TUNJA,TUNJA,LIT. B,32
SEGUNDO SEMESTRE DE 2022,CIENCIAS DE LA EDUCACION,LICENCIATURA EN MATEMATICAS,Nocturna,Presencial,TUNJA,C.C.,2002-02-05,F,2,PERDIO CUPO A130/98 ART. 80 LIT. C,TUNJA,TUNJA,LIT. C,22
SEGUNDO SEMESTRE DE 2022,CIENCIAS DE LA EDUCACION,LICENCIATURA EN MATEMATICAS,Nocturna,Presencial,TUNJA,C.C.,1998-06-13,M,1,PERDIO CUPO A130/98 ART.80 LIT. E,TUNJA,DUITAMA,LIT. E,26
SEGUNDO SEMESTRE DE 2022,CIENCIAS DE LA EDUCACION,LICENCIATURA EN MATEMATICAS,Nocturna,Presencial,TUNJA,C.C.,2002-06-14,F,2,PERDIO CUPO A130/98 ART. 80 LIT. C,BOGOTÁ D.C.,TUNJA,LIT. C,22
SEGUNDO SEMESTRE DE 2022,CIENCIAS DE LA EDUCACION,LICENCIATURA EN EDUCACION FISICA RECREACION Y DEPORTE,Diurna,Presencial,TUNJA,C.C.,1998-07-31,F,3,PERDIO CUPO A130/98 ART.80 LIT. E,TUNJA,TUNJA,LIT. E,26
SEGUNDO SEMESTRE DE 2022,CIENCIAS DE LA EDUCACION,LICENCIATURA EN EDUCACION FISICA RECREACION Y DEPORTE,Diurna,Presencial,TUNJA,T.I.,2003-05-19,M,2,PERDIO CUPO A130/98 ART. 80 LIT. C,BELÉN,BELÉN,LIT. C,21
SEGUNDO SEMESTRE DE 2022,CIENCIAS DE LA EDUCACION,LICENCIATURA EN EDUCACION FISICA RECREACION Y DEPORTE,Diurna,Presencial,TUNJA,C.C.,2001-04-30,M,3,PERDIO CUPO A130/98 ART. 80 LIT. D,CHITARAQUE,CHITARAQUE,LIT. D,23
SEGUNDO SEMESTRE DE 2022,CIENCIAS DE LA EDUCACION,LICENCIATURA EN EDUCACION FISICA RECREACION Y DEPORTE,Diurna,Presencial,TUNJA,C.C.,2002-06-10,M,2,PERDIO CUPO A130/98 ART. 80 LIT. C,TUNJA,TUNJA,LIT. C,22
SEGUNDO SEMESTRE DE 2022,CIENCIAS DE LA EDUCACION,LICENCIATURA EN EDUCACION FISICA RECREACION Y DEPORTE,Diurna,Presencial,TUNJA,C.C.,2002-09-07,F,2,PERDIO CUPO A130/98 ART. 80 LIT. D,ENGATIVA,PAIPA,LIT. D,22
SEGUNDO SEMESTRE DE 2022,CIENCIAS DE LA EDUCACION,LICENCIATURA EN CIENCIAS SOCIALES,Diurna,Presencial,TUNJA,C.C.,1994-06-29,M,SIN INFORMACIÓN,PERDIO CUPO A130/98 ART.80 LIT. E,AQUITANIA,DUITAMA,LIT. E,30
SEGUNDO SEMESTRE DE 2022,CIENCIAS DE LA EDUCACION,LICENCIATURA EN CIENCIAS SOCIALES,Diurna,Presencial,TUNJA,C.C.,2003-06-30,F,2,PERDIO CUPO A130/98 ART. 80 LIT. B,PEREIRA,PAIPA,LIT. B,21
SEGUNDO SEMESTRE DE 2022,CIENCIAS DE LA EDUCACION,LICENCIATURA EN CIENCIAS SOCIALES,Diurna,Presencial,TUNJA,C.C.,2000-07-08,F,2,PERDIO CUPO A130/98 ART. 80 LIT. C,SOGAMOSO,TIBASOSA,LIT. C,24
SEGUNDO SEMESTRE DE 2022,CIENCIAS DE LA EDUCACION,LICENCIATURA EN CIENCIAS SOCIALES,Diurna,Presencial,TUNJA,C.C.,1995-11-06,M,2,PERDIO CUPO A130/98 ART.80 LIT. E,DUITAMA,DUITAMA,LIT. E,29
SEGUNDO SEMESTRE DE 2022,CIENCIAS DE LA EDUCACION,LICENCIATURA EN CIENCIAS SOCIALES,Diurna,Presencial,TUNJA,C.C.,1998-02-15,M,3,PERDIO CUPO A130/98 ART. 80 LIT. D,BOGOTA D.E,TUNJA,LIT. D,26
SEGUNDO SEMESTRE DE 2022,CIENCIAS DE LA EDUCACION,LICENCIATURA EN CIENCIAS SOCIALES,Diurna,Presencial,TUNJA,C.C.,2001-06-24,M,2,PERDIO CUPO A130/98 ART. 80 LIT. C,TUNJA,TUNJA,LIT. C,23
SEGUNDO SEMESTRE DE 2022,CIENCIAS DE LA EDUCACION,LIC. EN PSICOPEDAGOGIA ENFASIS ASESORIA EDUCATIVA,Diurna,Presencial,TUNJA,C.C.,2001-02-14,F,1,PERDIO CUPO A130/98 ART. 80 LIT. B,SOGAMOSO,DUITAMA,LIT. B,23
SEGUNDO SEMESTRE DE 2022,CIENCIAS DE LA EDUCACION,LIC. EN PSICOPEDAGOGIA ENFASIS ASESORIA EDUCATIVA,Diurna,Presencial,TUNJA,C.C.,2000-02-27,M,2,PERDIO CUPO A130/98 ART. 80 LIT. D,TUNJA,TUNJA,LIT. D,24
SEGUNDO SEMESTRE DE 2022,CIENCIAS DE LA EDUCACION,LICENCIATURA EN MUSICA,Diurna,Presencial,TUNJA,C.C.,2002-05-13,M,1,PERDIO CUPO A130/98 ART. 80 LIT. C,TUNJA,TUNJA,LIT. C,22
SEGUNDO SEMESTRE DE 2022,CIENCIAS DE LA EDUCACION,LICENCIATURA EN MUSICA,Diurna,Presencial,TUNJA,C.C.,1997-08-31,F,3,PERDIO CUPO A130/98 ART. 80 LIT. C,TUNJA,VILLA DE LEYVA,LIT. C,27
SEGUNDO SEMESTRE DE 2022,CIENCIAS DE LA EDUCACION,LICENCIATURA EN ARTES PLASTICAS,Diurna,Presencial,TUNJA,C.C.,1999-09-09,F,1,PERDIO CUPO A130/98 ART. 80 LIT. D,BOGOTÁ D.C.,PAIPA,LIT. D,25
SEGUNDO SEMESTRE DE 2022,CIENCIAS DE LA EDUCACION,LICENCIATURA EN IDIOMAS MODERNOS ESPAÑOL-INGLÉS,Diurna,Presencial,TUNJA,C.C.,1997-05-23,F,3,PERDIO CUPO A130/98 ART.80 LIT. E,SAN JOSÉ DEL GUAVIARE,BOGOTA D.E,LIT. E,27
SEGUNDO SEMESTRE DE 2022,CIENCIAS DE LA EDUCACION,LICENCIATURA EN FILOSOFIA,Extendida,Presencial,TUNJA,C.C.,1998-04-28,M,2,PERDIO CUPO A130/98 ART. 80 LIT. C,TUNJA,VENTAQUEMADA,LIT. C,26
SEGUNDO SEMESTRE DE 2022,CIENCIAS DE LA EDUCACION,LICENCIATURA EN EDUCACION FISICA RECREACION Y DEPORTE,Diurna,Presencial,CHIQUINQUIRA,C.C.,2002-10-18,M,2,PERDIO CUPO A130/98 ART. 80 LIT. C,BARBOSA,BARBOSA,LIT. C,22
SEGUNDO SEMESTRE DE 2022,CIENCIAS DE LA EDUCACION,LICENCIATURA EN EDUCACION FISICA RECREACION Y DEPORTE,Diurna,Presencial,CHIQUINQUIRA,C.C.,2000-04-09,M,2,PERDIO CUPO A130/98 ART. 80 LIT. C,TUNUNGUÁ,TUNUNGUÁ,LIT. C,24
SEGUNDO SEMESTRE DE 2022,CIENCIAS DE LA EDUCACION,LICENCIATURA EN EDUCACION FISICA RECREACION Y DEPORTE,Diurna,Presencial,CHIQUINQUIRA,C.C.,2000-08-19,M,2,PERDIO CUPO A130/98 ART.80 LIT. E,DUITAMA,CHINAVITA,LIT. E,24
SEGUNDO SEMESTRE DE 2022,CIENCIAS DE LA EDUCACION,LICENCIATURA EN EDUCACION FISICA RECREACION Y DEPORTE,Diurna,Presencial,CHIQUINQUIRA,C.C.,1999-06-10,M,2,PERDIO CUPO A130/98 ART. 80 LIT. D,SOGAMOSO,SOGAMOSO,LIT. D,25
SEGUNDO SEMESTRE DE 2022,CIENCIAS DE LA EDUCACION,LICENCIATURA EN EDUCACION FISICA RECREACION Y DEPORTE,Diurna,Presencial,CHIQUINQUIRA,T.I.,2005-06-13,F,2,PERDIO CUPO A130/98 ART. 80 LIT. C,UBATE,UBATE,LIT. C,19
SEGUNDO SEMESTRE DE 2022,CIENCIAS DE LA EDUCACION,LICENCIATURA EN LENGUAS EXTRANJERAS CON ENFASIS EN INGLES Y EN FRANCES,Extendida,Presencial,TUNJA,C.C.,2001-03-26,F,2,PERDIO CUPO A130/98 ART.80 LIT. E,SANTA ROSA DE VITERBO,SANTA ROSA DE VITERBO,LIT. E,23
SEGUNDO SEMESTRE DE 2022,CIENCIAS DE LA EDUCACION,LICENCIATURA EN LENGUAS EXTRANJERAS CON ENFASIS EN INGLES Y EN FRANCES,Extendida,Presencial,TUNJA,C.C.,2000-02-04,F,3,PERDIO CUPO A130/98 ART.80 LIT. E,TUNJA,TUNJA,LIT. E,24
SEGUNDO SEMESTRE DE 2022,CIENCIAS DE LA EDUCACION,LICENCIATURA EN LENGUAS EXTRANJERAS CON ENFASIS EN INGLES Y EN FRANCES,Extendida,Presencial,TUNJA,C.C.,2001-02-22,F,1,PERDIO CUPO A130/98 ART.80 LIT. E,TUNJA,BOGOTÁ D.C.,LIT. E,23
SEGUNDO SEMESTRE DE 2022,CIENCIAS DE LA EDUCACION,LICENCIATURA EN EDUCACIÓN INFANTIL,Extendida,Presencial,TUNJA,C.C.,2000-05-09,F,1,PERDIO CUPO A130/98 ART. 80 LIT. D,TUNJA,TUNJA,LIT. D,24
SEGUNDO SEMESTRE DE 2022,CIENCIAS DE LA EDUCACION,"LICENCIATURA EN LENGUAS MODERNAS, CON ENFASIS EN INGLES",Extendida,Presencial,TUNJA,C.C.,2001-02-04,M,2,PERDIO CUPO A130/98 ART. 80 LIT. B,SOGAMOSO,TUNJA,LIT. B,23
SEGUNDO SEMESTRE DE 2022,CIENCIAS DE LA EDUCACION,"LICENCIATURA EN LENGUAS MODERNAS, CON ENFASIS EN INGLES",Extendida,Presencial,TUNJA,C.C.,2001-11-16,F,1,PERDIO CUPO A130/98 ART.80 LIT. E,TUNJA,TUTA,LIT. E,23
SEGUNDO SEMESTRE DE 2022,CIENCIAS DE LA EDUCACION,LICENCIATURA EN LITERATURA Y LENGUA CASTELLANA,Extendida,Presencial,TUNJA,C.C.,1999-09-03,M,3,PERDIO CUPO A130/98 ART. 80 LIT. C,DUITAMA,DUITAMA,LIT. C,25
SEGUNDO SEMESTRE DE 2022,CIENCIAS DE LA EDUCACION,LICENCIATURA EN LITERATURA Y LENGUA CASTELLANA,Extendida,Presencial,TUNJA,C.C.,2000-04-07,M,1,PERDIO CUPO A130/98 ART. 80 LIT. B,SOGAMOSO,SOGAMOSO,LIT. B,24
SEGUNDO SEMESTRE DE 2022,CIENCIAS DE LA EDUCACION,LICENCIATURA EN LITERATURA Y LENGUA CASTELLANA,Extendida,Presencial,TUNJA,C.C.,2001-11-20,F,2,PERDIO CUPO A130/98 ART. 80 LIT. C,BOGOTÁ D.C.,TUNJA,LIT. C,23
SEGUNDO SEMESTRE DE 2022,CIENCIAS DE LA EDUCACION,ARTES PLÁSTICAS Y VISUALES,Extendida,Presencial,TUNJA,C.C.,1996-04-06,M,2,PERDIO CUPO A130/98 ART. 80 LIT. C,TUNJA,TUNJA,LIT. C,28
SEGUNDO SEMESTRE DE 2022,CIENCIAS DE LA EDUCACION,ESPECIALIZACION EN GERENCIA EDUCACIONAL,Otra,Presencial,TUNJA,C.C.,1993-07-08,M,SIN INFORMACIÓN,PERDIO CUPO A 052/2012  ART 15 LIT.B.,TUNJA,TUNJA,LIT. B,31
SEGUNDO SEMESTRE DE 2022,CIENCIAS DE LA EDUCACION,MAESTRIA  EN GEOGRAFIA,Otra,Presencial,SANTA FE DE BOGOTA,C.C.,1985-01-01,M,SIN INFORMACIÓN,PERDIO CUPO A 052/2012  ART 15 LIT.A.,VILLA DE LEYVA,TUNJA,LIT. A,39
SEGUNDO SEMESTRE DE 2022,CIENCIAS DE LA EDUCACION,MAESTRIA EN LITERATURA,Otra,Presencial,TUNJA,C.C.,1996-07-09,F,SIN INFORMACIÓN,PERDIO CUPO A 052/2012  ART 15 LIT.B.,BOGOTÁ D.C.,ZIPAQUIRÁ,LIT. B,28
SEGUNDO SEMESTRE DE 2022,CIENCIAS DE LA EDUCACION,MAESTRIA EN LITERATURA,Otra,Presencial,TUNJA,C.C.,1997-02-23,F,SIN INFORMACIÓN,PERDIO CUPO A 052/2012  ART 15 LIT.B.,SOGAMOSO,BOGOTÁ D.C.,LIT. B,27
SEGUNDO SEMESTRE DE 2022,CIENCIAS DE LA EDUCACION,MAESTRIA EN PATRIMONIO CULTURAL,Otra,Presencial,TUNJA,C.C.,1982-10-01,F,SIN INFORMACIÓN,PERDIO CUPO A 052/2012  ART 15 LIT.B.,VILLAVICENCIO,POPAYÁN,LIT. B,42
SEGUNDO SEMESTRE DE 2022,CIENCIAS DE LA EDUCACION,"LICENCIATURA EN EDUCACION BASICA CON ENFASIS EN MATEMATICAS, HUMANIDADES Y LENGUA CASTELLANA",Otra,Distancia,TUNJA,C.C.,1990-04-05,F,1,PERDIO CUPO A130/98 ART. 80 LIT. C,TUNJA,TUNJA,LIT. C,34
SEGUNDO SEMESTRE DE 2022,CIENCIAS DE LA EDUCACION,"LICENCIATURA EN EDUCACION BASICA CON ENFASIS EN MATEMATICAS, HUMANIDADES Y LENGUA CASTELLANA",Otra,Distancia,TUNJA,C.C.,1996-03-12,F,SIN INFORMACIÓN,PERDIO CUPO A130/98 ART.80 LIT. E,VILLAPINZÓN,VILLAPINZÓN,LIT. E,28
SEGUNDO SEMESTRE DE 2022,CIENCIAS DE LA EDUCACION,"LICENCIATURA EN EDUCACION BASICA CON ENFASIS EN MATEMATICAS, HUMANIDADES Y LENGUA CASTELLANA",Otra,Distancia,SOATA,C.C.,1999-09-05,M,1,PERDIO CUPO A130/98 ART. 80 LIT. D,SOATÁ,TIPACOQUE,LIT. D,25
SEGUNDO SEMESTRE DE 2022,CIENCIAS DE LA EDUCACION,LICENCIATURA EN EDUCACION BASICA PRIMARIA,Extendida,Distancia,TUNJA,C.C.,1995-07-23,F,1,PERDIO CUPO A130/98 ART. 80 LIT. D,SOCOTÁ,TUNJA,LIT. D,29
SEGUNDO SEMESTRE DE 2022,CIENCIAS DE LA EDUCACION,LICENCIATURA EN EDUCACION BASICA PRIMARIA,Extendida,Distancia,TUNJA,C.C.,2002-10-28,F,3,PERDIO CUPO A130/98 ART. 80 LIT. C,TUNJA,TUNJA,LIT. C,22
SEGUNDO SEMESTRE DE 2022,CIENCIAS DE LA EDUCACION,LICENCIATURA EN EDUCACION BASICA PRIMARIA,Extendida,Distancia,TUNJA,C.C.,2003-09-04,F,2,PERDIO CUPO A130/98 ART. 80 LIT. B,VILLAPINZÓN,VILLAPINZÓN,LIT. B,21
SEGUNDO SEMESTRE DE 2022,CIENCIAS DE LA EDUCACION,LICENCIATURA EN EDUCACION BASICA PRIMARIA,Extendida,Distancia,TUNJA,C.C.,2000-08-09,F,1,PERDIO CUPO A130/98 ART. 80 LIT. B,SIACHOQUE,TUNJA,LIT. B,24
SEGUNDO SEMESTRE DE 2022,CIENCIAS DE LA EDUCACION,LICENCIATURA EN EDUCACION BASICA PRIMARIA,Extendida,Distancia,SOGAMOSO,C.C.,1997-05-03,F,2,PERDIO CUPO A130/98 ART. 80 LIT. B,SOGAMOSO,SOGAMOSO,LIT. B,27
SEGUNDO SEMESTRE DE 2022,CIENCIAS DE LA EDUCACION,LICENCIATURA EN EDUCACION BASICA PRIMARIA,Extendida,Distancia,SOGAMOSO,C.C.,1996-10-04,F,2,PERDIO CUPO A130/98 ART. 80 LIT. B,SOGAMOSO,SOGAMOSO,LIT. B,28
SEGUNDO SEMESTRE DE 2022,CIENCIAS DE LA EDUCACION,LICENCIATURA EN EDUCACION BASICA PRIMARIA,Extendida,Distancia,SOGAMOSO,C.C.,1996-08-15,F,2,PERDIO CUPO A130/98 ART.80 LIT. E,PALESTINA,SOGAMOSO,LIT. E,28
SEGUNDO SEMESTRE DE 2022,CIENCIAS DE LA EDUCACION,LICENCIATURA EN EDUCACION BASICA PRIMARIA,Extendida,Distancia,DUITAMA,C.C.,1994-04-19,F,2,PERDIO CUPO A130/98 ART.80 LIT. E,BARRANQUILLA,DUITAMA,LIT. E,30
SEGUNDO SEMESTRE DE 2022,CIENCIAS DE LA EDUCACION,LICENCIATURA EN EDUCACION BASICA PRIMARIA,Extendida,Distancia,DUITAMA,C.C.,2002-01-14,F,3,PERDIO CUPO A130/98 ART. 80 LIT. C,PAIPA,PAIPA,LIT. C,22
SEGUNDO SEMESTRE DE 2022,CIENCIAS DE LA EDUCACION,LICENCIATURA EN EDUCACION BASICA PRIMARIA,Extendida,Distancia,CHIQUINQUIRA,C.C.,1994-09-23,F,2,PERDIO CUPO A130/98 ART.80 LIT. E,MONIQUIRÁ,MONIQUIRÁ,LIT. E,30
SEGUNDO SEMESTRE DE 2022,CIENCIAS DE LA EDUCACION,LICENCIATURA EN EDUCACION BASICA PRIMARIA,Extendida,Distancia,CHIQUINQUIRA,C.C.,1998-06-24,F,2,PERDIO CUPO A130/98 ART. 80 LIT. C,UBATE,UBATE,LIT. C,26
SEGUNDO SEMESTRE DE 2022,CIENCIAS DE LA SALUD,PSICOLOGIA,Diurna,Presencial,TUNJA,T.I.,2003-09-19,M,2,PERDIO CUPO A130/98 ART. 80 LIT. D,TUNJA,TUNJA,LIT. D,21
SEGUNDO SEMESTRE DE 2022,CIENCIAS DE LA SALUD,MEDICINA,Diurna,Presencial,TUNJA,C.C.,2002-07-06,M,2,PERDIO CUPO A130/98 ART. 80 LIT. C,BOGOTA D.E,MOSQUERA,LIT. C,22
SEGUNDO SEMESTRE DE 2022,CIENCIAS DE LA SALUD,ENFERMERIA,Diurna,Presencial,TUNJA,C.C.,1998-09-13,F,1,PERDIO CUPO A130/98 ART. 80 LIT. D,TUNJA,TUNJA,LIT. D,26
SEGUNDO SEMESTRE DE 2022,CIENCIAS ECONOMICAS Y ADMINISTRATIVAS,ECONOMIA,Diurna,Presencial,TUNJA,C.C.,2001-07-01,M,3,PERDIO CUPO A130/98 ART. 80 LIT. D,BOGOTA D.E,CUCAITA,LIT. D,23
SEGUNDO SEMESTRE DE 2022,CIENCIAS ECONOMICAS Y ADMINISTRATIVAS,ECONOMIA,Diurna,Presencial,TUNJA,C.C.,1995-12-19,M,1,PERDIO CUPO A130/98 ART. 80 LIT. D,DUITAMA,DUITAMA,LIT. D,29
SEGUNDO SEMESTRE DE 2022,CIENCIAS ECONOMICAS Y ADMINISTRATIVAS,ECONOMIA,Diurna,Presencial,TUNJA,C.C.,1998-06-28,M,3,PERDIO CUPO A130/98 ART. 80 LIT. D,TUNJA,TUNJA,LIT. D,26
SEGUNDO SEMESTRE DE 2022,CIENCIAS ECONOMICAS Y ADMINISTRATIVAS,ECONOMIA,Diurna,Presencial,TUNJA,C.C.,1993-08-06,M,1,PERDIO CUPO A130/98 ART. 80 LIT. C,TUNJA,TUNJA,LIT. C,31
SEGUNDO SEMESTRE DE 2022,CIENCIAS ECONOMICAS Y ADMINISTRATIVAS,ECONOMIA,Diurna,Presencial,TUNJA,C.C.,2002-04-07,M,2,PERDIO CUPO A130/98 ART. 80 LIT. B,TUNJA,TUNJA,LIT. B,22
SEGUNDO SEMESTRE DE 2022,CIENCIAS ECONOMICAS Y ADMINISTRATIVAS,ECONOMIA,Diurna,Presencial,TUNJA,C.C.,1999-06-10,F,2,PERDIO CUPO A130/98 ART. 80 LIT. D,CIMITARRA,CIMITARRA,LIT. D,25
SEGUNDO SEMESTRE DE 2022,CIENCIAS ECONOMICAS Y ADMINISTRATIVAS,ECONOMIA,Nocturna,Presencial,TUNJA,C.C.,2000-01-27,M,3,PERDIO CUPO A130/98 ART. 80 LIT. C,TUNJA,TUNJA,LIT. C,24
SEGUNDO SEMESTRE DE 2022,CIENCIAS ECONOMICAS Y ADMINISTRATIVAS,ECONOMIA,Nocturna,Presencial,TUNJA,C.C.,2000-01-09,F,3,PERDIO CUPO A130/98 ART.80 LIT. E,TUNJA,TUNJA,LIT. E,24
SEGUNDO SEMESTRE DE 2022,CIENCIAS ECONOMICAS Y ADMINISTRATIVAS,ECONOMIA,Nocturna,Presencial,TUNJA,C.C.,1996-03-09,M,1,PERDIO CUPO A130/98 ART. 80 LIT. B,CHÍQUIZA,TUNJA,LIT. B,28
SEGUNDO SEMESTRE DE 2022,CIENCIAS ECONOMICAS Y ADMINISTRATIVAS,ECONOMIA,Nocturna,Presencial,TUNJA,C.C.,1996-03-04,M,SIN INFORMACIÓN,PERDIO CUPO A130/98 ART.80 LIT. E,PUERTO GAITÁN,YOPAL,LIT. E,28
SEGUNDO SEMESTRE DE 2022,CIENCIAS ECONOMICAS Y ADMINISTRATIVAS,ADMINISTRACION DE EMPRESAS,Diurna,Presencial,TUNJA,C.C.,2001-02-11,M,1,PERDIO CUPO A130/98 ART. 80 LIT. C,SUBA (BOGOTA D.E.),BOGOTA D.E,LIT. C,23
SEGUNDO SEMESTRE DE 2022,CIENCIAS ECONOMICAS Y ADMINISTRATIVAS,ADMINISTRACION DE EMPRESAS,Diurna,Presencial,TUNJA,C.C.,2002-01-01,F,3,PERDIO CUPO A130/98 ART. 80 LIT. D,TUNJA,TUNJA,LIT. D,22
SEGUNDO SEMESTRE DE 2022,CIENCIAS ECONOMICAS Y ADMINISTRATIVAS,ADMINISTRACION DE EMPRESAS,Diurna,Presencial,TUNJA,C.C.,1998-09-03,M,3,PERDIO CUPO A130/98 ART.80 LIT. E,BOGOTÁ D.C.,BOGOTÁ D.C.,LIT. E,26
SEGUNDO SEMESTRE DE 2022,CIENCIAS ECONOMICAS Y ADMINISTRATIVAS,ADMINISTRACION DE EMPRESAS,Diurna,Presencial,TUNJA,C.C.,1987-06-15,M,2,PERDIO CUPO A130/98 ART.80 LIT. E,SOCOTÁ,TUNJA,LIT. E,37
SEGUNDO SEMESTRE DE 2022,CIENCIAS ECONOMICAS Y ADMINISTRATIVAS,ADMINISTRACION DE EMPRESAS,Diurna,Presencial,TUNJA,C.C.,1996-10-23,F,2,PERDIO CUPO A130/98 ART. 80 LIT. D,SOGAMOSO,SOGAMOSO,LIT. D,28
SEGUNDO SEMESTRE DE 2022,CIENCIAS ECONOMICAS Y ADMINISTRATIVAS,ADMINISTRACION DE EMPRESAS,Nocturna,Presencial,TUNJA,C.C.,1981-05-28,M,1,PERDIO CUPO A130/98 ART.80 LIT. E,VENTAQUEMADA,TUNJA,LIT. E,43
SEGUNDO SEMESTRE DE 2022,CIENCIAS ECONOMICAS Y ADMINISTRATIVAS,ADMINISTRACION DE EMPRESAS,Nocturna,Presencial,TUNJA,C.C.,1991-07-17,F,1,PERDIO CUPO A130/98 ART.80 LIT. E,BOGOTA D.E,BOGOTÁ D.C.,LIT. E,33
SEGUNDO SEMESTRE DE 2022,CIENCIAS ECONOMICAS Y ADMINISTRATIVAS,CONTADURIA PUBLICA,Nocturna,Presencial,TUNJA,T.I.,2001-06-27,F,2,PERDIO CUPO A130/98 ART. 80 LIT. C,NEIVA,TUNJA,LIT. C,23
SEGUNDO SEMESTRE DE 2022,CIENCIAS ECONOMICAS Y ADMINISTRATIVAS,CONTADURIA PUBLICA,Nocturna,Presencial,TUNJA,T.I.,2004-05-09,M,1,PERDIO CUPO A130/98 ART. 80 LIT. C,TUNJA,TUNJA,LIT. C,20
SEGUNDO SEMESTRE DE 2022,DERECHO Y CIENCIAS  SOCIALES,DERECHO,Diurna,Presencial,TUNJA,C.C.,1998-08-15,M,SIN INFORMACIÓN,PERDIO CUPO A130/98 ART. 80 LIT. D,SOGAMOSO,SOGAMOSO,LIT. D,26
SEGUNDO SEMESTRE DE 2022,DERECHO Y CIENCIAS  SOCIALES,DERECHO,Diurna,Presencial,TUNJA,C.C.,2000-09-28,M,2,PERDIO CUPO A130/98 ART. 80 LIT. C,SOGAMOSO,SOGAMOSO,LIT. C,24
SEGUNDO SEMESTRE DE 2022,DERECHO Y CIENCIAS  SOCIALES,DERECHO,Diurna,Presencial,TUNJA,C.C.,1998-12-05,M,3,PERDIO CUPO A130/98 ART. 80 LIT. D,TUNJA,TUNJA,LIT. D,26
SEGUNDO SEMESTRE DE 2022,DERECHO Y CIENCIAS  SOCIALES,DERECHO,Diurna,Presencial,TUNJA,C.C.,2000-08-26,F,3,PERDIO CUPO A130/98 ART. 80 LIT. C,SAMACÁ,SAMACÁ,LIT. C,24
SEGUNDO SEMESTRE DE 2022,DERECHO Y CIENCIAS  SOCIALES,DERECHO,Diurna,Presencial,TUNJA,C.C.,2000-11-02,F,2,PERDIO CUPO A130/98 ART. 80 LIT. C,SOGAMOSO,SOGAMOSO,LIT. C,24
SEGUNDO SEMESTRE DE 2022,ESTUDIOS A DISTANCIA,ESPECIALIZACION EN GERENCIA DE EMPRESAS DE SALUD,Otra,Virtual,TUNJA,C.C.,1996-07-27,M,SIN INFORMACIÓN,PERDIO CUPO A 052/2012  ART 15 LIT.A.,BUCARAMANGA,BUCARAMANGA,LIT. A,28
SEGUNDO SEMESTRE DE 2022,ESTUDIOS A DISTANCIA,ESPECIALIZACION EN ALTA GERENCIA DE EMPRESAS,Otra,Virtual,TUNJA,C.C.,1995-10-01,F,SIN INFORMACIÓN,PERDIO CUPO A 052/2012  ART 15 LIT.A.,CÚCUTA,CÚCUTA,LIT. A,29
SEGUNDO SEMESTRE DE 2022,ESTUDIOS A DISTANCIA,ESPECIALIZACION EN PEDAGOGIA DE LA LENGUA CASTELLANA Y LITERATURA,Otra,Virtual,TUNJA,C.C.,1987-02-26,F,SIN INFORMACIÓN,PERDIO CUPO A 052/2012  ART 15 LIT.A.,CUBARÁ,CUBARÁ,LIT. A,37
SEGUNDO SEMESTRE DE 2022,ESTUDIOS A DISTANCIA,TECNOLOGIA EN OBRAS CIVILES,Otra,Distancia,TUNJA,C.C.,2002-05-25,M,2,PERDIO CUPO A130/98 ART. 80 LIT. C,TUNJA,TUNJA,LIT. C,22
SEGUNDO SEMESTRE DE 2022,ESTUDIOS A DISTANCIA,TECNOLOGIA EN OBRAS CIVILES,Otra,Distancia,TUNJA,C.C.,1997-05-06,M,2,PERDIO CUPO A130/98 ART. 80 LIT. C,TUNJA,TUNJA,LIT. C,27
SEGUNDO SEMESTRE DE 2022,ESTUDIOS A DISTANCIA,TECNOLOGIA EN OBRAS CIVILES,Otra,Distancia,TUNJA,C.C.,1996-09-14,M,1,PERDIO CUPO A130/98 ART. 80 LIT. C,SORACÁ,SORACÁ,LIT. C,28
SEGUNDO SEMESTRE DE 2022,ESTUDIOS A DISTANCIA,TECNOLOGIA EN OBRAS CIVILES,Otra,Distancia,TUNJA,C.C.,1985-03-30,M,3,PERDIO CUPO A130/98 ART. 80 LIT. D,TUNJA,TUNJA,LIT. D,39
SEGUNDO SEMESTRE DE 2022,ESTUDIOS A DISTANCIA,TECNOLOGIA EN OBRAS CIVILES,Otra,Distancia,TUNJA,C.C.,1998-08-27,M,1,PERDIO CUPO A130/98 ART.80 LIT. E,TUNJA,TUNJA,LIT. E,26
SEGUNDO SEMESTRE DE 2022,ESTUDIOS A DISTANCIA,TECNOLOGIA EN OBRAS CIVILES,Otra,Distancia,TUNJA,C.C.,2003-08-26,F,1,PERDIO CUPO A130/98 ART. 80 LIT. B,PUERTO CONCORDIA,MARIPÍ,LIT. B,21
SEGUNDO SEMESTRE DE 2022,ESTUDIOS A DISTANCIA,TECNOLOGIA EN OBRAS CIVILES,Otra,Distancia,TUNJA,T.I.,2004-04-25,M,2,PERDIO CUPO A130/98 ART. 80 LIT. C,EL ESPINO,EL ESPINO,LIT. C,20
SEGUNDO SEMESTRE DE 2022,ESTUDIOS A DISTANCIA,TECNOLOGIA EN OBRAS CIVILES,Otra,Distancia,TUNJA,C.C.,1999-08-12,M,2,PERDIO CUPO A130/98 ART. 80 LIT. D,GARAGOA,GARAGOA,LIT. D,25
SEGUNDO SEMESTRE DE 2022,ESTUDIOS A DISTANCIA,TECNOLOGIA EN OBRAS CIVILES,Otra,Distancia,TUNJA,C.C.,2002-12-16,F,2,PERDIO CUPO A130/98 ART. 80 LIT. C,GARAGOA,GARAGOA,LIT. C,22
SEGUNDO SEMESTRE DE 2022,ESTUDIOS A DISTANCIA,TECNOLOGIA EN OBRAS CIVILES,Otra,Distancia,TUNJA,C.C.,1997-02-27,M,2,PERDIO CUPO A130/98 ART. 80 LIT. B,TUNJA,TUNJA,LIT. B,27
SEGUNDO SEMESTRE DE 2022,ESTUDIOS A DISTANCIA,TECNOLOGIA EN OBRAS CIVILES,Otra,Distancia,TUNJA,C.C.,1994-05-23,M,2,PERDIO CUPO A130/98 ART. 80 LIT. B,TUNJA,TUNJA,LIT. B,30
SEGUNDO SEMESTRE DE 2022,ESTUDIOS A DISTANCIA,TECNOLOGIA EN OBRAS CIVILES,Otra,Distancia,TUNJA,C.C.,1995-10-18,F,2,PERDIO CUPO A130/98 ART. 80 LIT. C,SOGAMOSO,SOGAMOSO,LIT. C,29
SEGUNDO SEMESTRE DE 2022,ESTUDIOS A DISTANCIA,TECNOLOGIA EN OBRAS CIVILES,Otra,Distancia,TUNJA,C.C.,2000-06-26,M,2,PERDIO CUPO A130/98 ART. 80 LIT. B,ARCABUCO,ARCABUCO,LIT. B,24
SEGUNDO SEMESTRE DE 2022,ESTUDIOS A DISTANCIA,TECNOLOGIA EN OBRAS CIVILES,Otra,Distancia,TUNJA,C.C.,1995-12-03,M,2,PERDIO CUPO A130/98 ART. 80 LIT. C,BOGOTÁ D.C.,GARAGOA,LIT. C,29
SEGUNDO SEMESTRE DE 2022,ESTUDIOS A DISTANCIA,TECNOLOGIA EN OBRAS CIVILES,Otra,Distancia,TUNJA,T.I.,2003-11-07,M,2,PERDIO CUPO A130/98 ART. 80 LIT. D,CHIQUINQUIRÁ,MARIPÍ,LIT. D,21
SEGUNDO SEMESTRE DE 2022,ESTUDIOS A DISTANCIA,TECNOLOGIA EN OBRAS CIVILES,Otra,Distancia,SOGAMOSO,T.I.,2001-07-07,M,2,PERDIO CUPO A130/98 ART. 80 LIT. D,SOGAMOSO,SOGAMOSO,LIT. D,23
SEGUNDO SEMESTRE DE 2022,ESTUDIOS A DISTANCIA,TECNOLOGIA EN OBRAS CIVILES,Otra,Distancia,SOGAMOSO,C.C.,1997-04-25,F,2,PERDIO CUPO A130/98 ART. 80 LIT. C,DUITAMA,DUITAMA,LIT. C,27
SEGUNDO SEMESTRE DE 2022,ESTUDIOS A DISTANCIA,TECNOLOGIA EN OBRAS CIVILES,Otra,Distancia,YOPAL,C.C.,2001-03-05,M,2,PERDIO CUPO A130/98 ART. 80 LIT. B,YOPAL,YOPAL,LIT. B,23
SEGUNDO SEMESTRE DE 2022,ESTUDIOS A DISTANCIA,TECNOLOGIA EN REGENCIA DE FARMACIA,Otra,Distancia,TUNJA,C.C.,1995-12-31,F,1,PERDIO CUPO A130/98 ART. 80 LIT. C,SOATÁ,BOGOTA D.E,LIT. C,29
SEGUNDO SEMESTRE DE 2022,ESTUDIOS A DISTANCIA,TECNOLOGIA EN REGENCIA DE FARMACIA,Otra,Distancia,TUNJA,C.C.,1996-01-08,M,2,PERDIO CUPO A130/98 ART. 80 LIT. D,TUNJA,TUNJA,LIT. D,28
SEGUNDO SEMESTRE DE 2022,ESTUDIOS A DISTANCIA,TECNOLOGIA EN REGENCIA DE FARMACIA,Otra,Distancia,TUNJA,C.C.,1996-06-30,F,2,PERDIO CUPO A130/98 ART. 80 LIT. C,SUCRE,BARBOSA,LIT. C,28
SEGUNDO SEMESTRE DE 2022,ESTUDIOS A DISTANCIA,TECNOLOGIA EN REGENCIA DE FARMACIA,Otra,Distancia,TUNJA,C.C.,1988-01-22,F,1,PERDIO CUPO A130/98 ART. 80 LIT. D,GUATEQUE,GUATEQUE,LIT. D,36
SEGUNDO SEMESTRE DE 2022,ESTUDIOS A DISTANCIA,TECNOLOGIA EN REGENCIA DE FARMACIA,Otra,Distancia,DUITAMA,C.C.,2001-04-15,F,2,PERDIO CUPO A130/98 ART. 80 LIT. C,YOPAL,YOPAL,LIT. C,23
SEGUNDO SEMESTRE DE 2022,ESTUDIOS A DISTANCIA,TECNOLOGIA EN REGENCIA DE FARMACIA,Otra,Distancia,DUITAMA,C.C.,2003-01-18,M,2,PERDIO CUPO A130/98 ART. 80 LIT. C,PAIPA,PAIPA,LIT. C,21
SEGUNDO SEMESTRE DE 2022,ESTUDIOS A DISTANCIA,TECNOLOGIA EN REGENCIA DE FARMACIA,Otra,Distancia,SOGAMOSO,C.C.,2002-07-14,M,2,PERDIO CUPO A130/98 ART. 80 LIT. B,SOGAMOSO,FIRAVITOBA,LIT. B,22
SEGUNDO SEMESTRE DE 2022,ESTUDIOS A DISTANCIA,TECNOLOGIA EN REGENCIA DE FARMACIA,Otra,Distancia,SOGAMOSO,C.C.,2000-03-10,F,2,PERDIO CUPO A130/98 ART. 80 LIT. C,BOGOTA D.E,SOPÓ,LIT. C,24
SEGUNDO SEMESTRE DE 2022,ESTUDIOS A DISTANCIA,TECNOLOGIA EN REGENCIA DE FARMACIA,Otra,Distancia,SOGAMOSO,C.C.,2000-06-21,M,2,PERDIO CUPO A130/98 ART. 80 LIT. B,BOGOTA D.E,SOGAMOSO,LIT. B,24
SEGUNDO SEMESTRE DE 2022,ESTUDIOS A DISTANCIA,TECNOLOGIA EN ELECTRICIDAD,Otra,Distancia,TUNJA,C.C.,1998-12-17,M,2,PERDIO CUPO A130/98 ART.80 LIT. E,TUNJA,TUNJA,LIT. E,26
SEGUNDO SEMESTRE DE 2022,ESTUDIOS A DISTANCIA,TECNOLOGIA EN MAQUINAS Y HERRAMIENTAS,Otra,Distancia,TUNJA,T.I.,2005-01-22,M,2,PERDIO CUPO A130/98 ART. 80 LIT. C,TUNJA,TUNJA,LIT. C,19
SEGUNDO SEMESTRE DE 2022,ESTUDIOS A DISTANCIA,TECNOLOGIA EN OBRAS CIVILES,Otra,Distancia,SANTA FE DE BOGOTA,C.C.,2002-02-13,F,3,PERDIO CUPO A130/98 ART. 80 LIT. C,BOGOTA D.E,TOCANCIPÁ,LIT. C,22
SEGUNDO SEMESTRE DE 2022,ESTUDIOS A DISTANCIA,TECNOLOGIA EN OBRAS CIVILES,Otra,Distancia,SANTA FE DE BOGOTA,C.C.,1994-06-15,M,2,PERDIO CUPO A130/98 ART. 80 LIT. C,TUNJA,TUNJA,LIT. C,30
SEGUNDO SEMESTRE DE 2022,ESTUDIOS A DISTANCIA,TECNOLOGIA EN ELECTRICIDAD,Otra,Distancia,SANTA FE DE BOGOTA,C.C.,1987-09-21,M,2,PERDIO CUPO A130/98 ART.80 LIT. E,SIACHOQUE,TUNJA,LIT. E,37
SEGUNDO SEMESTRE DE 2022,ESTUDIOS A DISTANCIA,TECNICA PROFESIONAL EN PROCESOS AGROINDUSTRIALES,Otra,Virtual,TUNJA,C.C.,1996-10-11,F,2,PERDIO CUPO A130/98 ART. 80 LIT. B,BOGOTÁ D.C.,LA CAPILLA,LIT. B,28
SEGUNDO SEMESTRE DE 2022,ESTUDIOS A DISTANCIA,ADMINISTRACION AGROINDUSTRIAL,Otra,Virtual,TUNJA,C.C.,1979-12-02,F,2,PERDIO CUPO A130/98 ART. 80 LIT. D,YOPAL,YOPAL,LIT. D,45
SEGUNDO SEMESTRE DE 2022,ESTUDIOS A DISTANCIA,TECNICA PROFESIONAL EN PROCESOS AGROINDUSTRIALES,Otra,Virtual,CHIQUINQUIRA,T.I.,2004-02-11,M,SIN INFORMACIÓN,PERDIO CUPO A130/98 ART. 80 LIT. D,CALDAS,CHIQUINQUIRÁ,LIT. D,20
SEGUNDO SEMESTRE DE 2022,ESTUDIOS A DISTANCIA,TECNICA PROFESIONAL EN PROCESOS AGROINDUSTRIALES,Otra,Virtual,DUITAMA,T.I.,2003-08-28,F,1,PERDIO CUPO A130/98 ART. 80 LIT. C,ALGARROBO,ALGARROBO,LIT. C,21
SEGUNDO SEMESTRE DE 2022,ESTUDIOS A DISTANCIA,TECNICA PROFESIONAL EN PROCESOS AGROINDUSTRIALES,Otra,Virtual,DUITAMA,T.I.,2004-05-24,F,1,PERDIO CUPO A130/98 ART. 80 LIT. C,PLATO,PLATO,LIT. C,20
SEGUNDO SEMESTRE DE 2022,ESTUDIOS A DISTANCIA,TECNICA PROFESIONAL EN PROCESOS AGROINDUSTRIALES,Otra,Virtual,DUITAMA,C.C.,1996-05-03,F,2,PERDIO CUPO A130/98 ART. 80 LIT. C,CIÉNAGA,CIÉNAGA,LIT. C,28
SEGUNDO SEMESTRE DE 2022,ESTUDIOS A DISTANCIA,TECNICA PROFESIONAL EN PROCESOS ADMINISTRATIVOS DE SALUD,Otra,Virtual,RONDON,C.C.,2000-05-12,F,1,PERDIO CUPO A130/98 ART. 80 LIT. B,CHIVOLO,CHIVOLO,LIT. B,24
SEGUNDO SEMESTRE DE 2022,ESTUDIOS A DISTANCIA,TECNICA PROFESIONAL EN PROCESOS ADMINISTRATIVOS DE SALUD,Otra,Virtual,RONDON,C.C.,2000-02-14,F,1,PERDIO CUPO A130/98 ART. 80 LIT. B,EL BANCO,EL BANCO,LIT. B,24
SEGUNDO SEMESTRE DE 2022,ESTUDIOS A DISTANCIA,TECNOLOGIA DE  PROGRAMACION DE SISTEMAS INFORMATICOS,Otra,Distancia,TUNJA,C.C.,1996-03-03,M,2,PERDIO CUPO A130/98 ART. 80 LIT. C,TUNJA,TUNJA,LIT. C,28
SEGUNDO SEMESTRE DE 2022,ESTUDIOS A DISTANCIA,TECNOLOGIA DE  PROGRAMACION DE SISTEMAS INFORMATICOS,Otra,Distancia,TUNJA,C.C.,1998-03-22,M,3,PERDIO CUPO A130/98 ART. 80 LIT. B,TUNJA,TUNJA,LIT. B,26
SEGUNDO SEMESTRE DE 2022,ESTUDIOS A DISTANCIA,TECNOLOGIA DE  PROGRAMACION DE SISTEMAS INFORMATICOS,Otra,Distancia,TUNJA,T.I.,2004-05-05,M,2,PERDIO CUPO A130/98 ART. 80 LIT. C,BOGOTA D.E,DUITAMA,LIT. C,20
SEGUNDO SEMESTRE DE 2022,ESTUDIOS A DISTANCIA,TECNICA PROFESIONAL EN INSTALACION Y MANTENIMIENTO DE REDES Y COMPUTADORES,Otra,Distancia,TUNJA,T.I.,2004-07-25,M,2,PERDIO CUPO A130/98 ART. 80 LIT. C,BOGOTÁ D.C.,GUATEQUE,LIT. C,20
SEGUNDO SEMESTRE DE 2022,ESTUDIOS A DISTANCIA,TECNICA PROFESIONAL EN INSTALACION Y MANTENIMIENTO DE REDES Y COMPUTADORES,Otra,Distancia,TUNJA,C.C.,1997-10-03,M,2,PERDIO CUPO A130/98 ART. 80 LIT. C,TUNJA,TUNJA,LIT. C,27
SEGUNDO SEMESTRE DE 2022,ESTUDIOS A DISTANCIA,TECNICA PROFESIONAL EN PROCESOS ADMINISTRATIVOS DE SALUD,Otra,Virtual,TUNJA,C.C.,1998-12-17,M,2,PERDIO CUPO A130/98 ART.80 LIT. E,TUNJA,TUNJA,LIT. E,26
SEGUNDO SEMESTRE DE 2022,ESTUDIOS A DISTANCIA,TECNICA PROFESIONAL EN PROCESOS ADMINISTRATIVOS DE SALUD,Otra,Virtual,TUNJA,C.C.,2001-04-21,F,2,PERDIO CUPO A130/98 ART. 80 LIT. B,TUNJA,TUNJA,LIT. B,23
SEGUNDO SEMESTRE DE 2022,ESTUDIOS A DISTANCIA,TECNICA PROFESIONAL EN PROCESOS ADMINISTRATIVOS DE SALUD,Otra,Virtual,TUNJA,C.C.,2000-07-18,F,2,PERDIO CUPO A130/98 ART. 80 LIT. B,DUITAMA,DUITAMA,LIT. B,24
SEGUNDO SEMESTRE DE 2022,ESTUDIOS A DISTANCIA,TECNICA PROFESIONAL EN PROCESOS ADMINISTRATIVOS DE SALUD,Otra,Virtual,TUNJA,C.C.,1997-07-02,F,2,PERDIO CUPO A130/98 ART.80 LIT. E,BOGOTÁ D.C.,TUNJA,LIT. E,27
SEGUNDO SEMESTRE DE 2022,ESTUDIOS A DISTANCIA,TECNICA PROFESIONAL EN PROCESOS ADMINISTRATIVOS DE SALUD,Otra,Virtual,TUNJA,C.C.,2003-10-20,M,1,PERDIO CUPO A130/98 ART. 80 LIT. B,BOGOTA D.E,TUNJA,LIT. B,21
SEGUNDO SEMESTRE DE 2022,ESTUDIOS A DISTANCIA,TECNICA PROFESIONAL EN PROCESOS ADMINISTRATIVOS DE SALUD,Otra,Virtual,TUNJA,T.I.,2003-04-01,M,2,PERDIO CUPO A130/98 ART. 80 LIT. D,SOTAQUIRÁ,TUNJA,LIT. D,21
SEGUNDO SEMESTRE DE 2022,ESTUDIOS A DISTANCIA,TECNICA PROFESIONAL EN PROCESOS ADMINISTRATIVOS DE SALUD,Otra,Virtual,TUNJA,C.C.,1999-01-27,F,1,PERDIO CUPO A130/98 ART. 80 LIT. C,BOGOTÁ D.C.,BOGOTÁ D.C.,LIT. C,25
SEGUNDO SEMESTRE DE 2022,ESTUDIOS A DISTANCIA,TECNOLOGIA EN GESTION ADMINISTRATIVA DE SERVICIOS DE SALUD,Otra,Virtual,TUNJA,C.C.,1996-07-21,F,3,PERDIO CUPO A130/98 ART.80 LIT. E,TUNJA,TUNJA,LIT. E,28
SEGUNDO SEMESTRE DE 2022,ESTUDIOS A DISTANCIA,TECNOLOGIA EN GESTION ADMINISTRATIVA DE SERVICIOS DE SALUD,Otra,Virtual,TUNJA,C.C.,1990-10-15,M,1,PERDIO CUPO A130/98 ART. 80 LIT. D,OVEJAS,OVEJAS,LIT. D,34
SEGUNDO SEMESTRE DE 2022,ESTUDIOS A DISTANCIA,TECNOLOGIA EN GESTION ADMINISTRATIVA DE SERVICIOS DE SALUD,Otra,Virtual,TUNJA,C.C.,1994-07-14,F,2,PERDIO CUPO A130/98 ART. 80 LIT. C,TUNJA,TUNJA,LIT. C,30
SEGUNDO SEMESTRE DE 2022,ESTUDIOS A DISTANCIA,TECNOLOGIA EN GESTION ADMINISTRATIVA DE SERVICIOS DE SALUD,Otra,Virtual,TUNJA,C.C.,1986-06-08,F,2,PERDIO CUPO A130/98 ART.80 LIT. E,DUITAMA,YOPAL,LIT. E,38
SEGUNDO SEMESTRE DE 2022,ESTUDIOS A DISTANCIA,TECNOLOGIA EN GESTION ADMINISTRATIVA DE SERVICIOS DE SALUD,Otra,Virtual,TUNJA,C.C.,1994-04-03,F,3,PERDIO CUPO A130/98 ART.80 LIT. E,TURMEQUÉ,NUEVO COLÓN,LIT. E,30
SEGUNDO SEMESTRE DE 2022,ESTUDIOS A DISTANCIA,TECNICA PROFESIONAL  EN PROCESOS COMERCIALES Y FINANCIEROS,Otra,Virtual,TUNJA,C.C.,1993-03-15,F,2,PERDIO CUPO A130/98 ART. 80 LIT. D,TUNJA,TUNJA,LIT. D,31
SEGUNDO SEMESTRE DE 2022,ESTUDIOS A DISTANCIA,TECNICA PROFESIONAL  EN PROCESOS COMERCIALES Y FINANCIEROS,Otra,Virtual,TUNJA,C.C.,2002-04-04,F,3,PERDIO CUPO A130/98 ART. 80 LIT. D,TUNJA,TUNJA,LIT. D,22
SEGUNDO SEMESTRE DE 2022,ESTUDIOS A DISTANCIA,TECNICA PROFESIONAL  EN PROCESOS COMERCIALES Y FINANCIEROS,Otra,Virtual,TUNJA,C.C.,1996-07-20,F,3,PERDIO CUPO A130/98 ART. 80 LIT. C,TUNJA,TUNJA,LIT. C,28
SEGUNDO SEMESTRE DE 2022,ESTUDIOS A DISTANCIA,TECNICA PROFESIONAL  EN PROCESOS COMERCIALES Y FINANCIEROS,Otra,Virtual,TUNJA,C.C.,2001-05-14,F,2,PERDIO CUPO A130/98 ART. 80 LIT. C,TUNJA,TUNJA,LIT. C,23
SEGUNDO SEMESTRE DE 2022,ESTUDIOS A DISTANCIA,TECNICA PROFESIONAL  EN PROCESOS COMERCIALES Y FINANCIEROS,Otra,Virtual,TUNJA,C.C.,1990-08-28,F,2,PERDIO CUPO A130/98 ART. 80 LIT. C,TUNJA,TUNJA,LIT. C,34
SEGUNDO SEMESTRE DE 2022,ESTUDIOS A DISTANCIA,TECNICA PROFESIONAL  EN PROCESOS COMERCIALES Y FINANCIEROS,Otra,Virtual,TUNJA,C.C.,1997-12-11,M,2,PERDIO CUPO A130/98 ART. 80 LIT. B,TUNJA,TUNJA,LIT. B,27
SEGUNDO SEMESTRE DE 2022,ESTUDIOS A DISTANCIA,TECNICA PROFESIONAL  EN PROCESOS COMERCIALES Y FINANCIEROS,Otra,Virtual,TUNJA,C.C.,2001-03-04,F,1,PERDIO CUPO A130/98 ART.80 LIT. E,MOTAVITA,MOTAVITA,LIT. E,23
SEGUNDO SEMESTRE DE 2022,ESTUDIOS A DISTANCIA,TECNICA PROFESIONAL  EN PROCESOS COMERCIALES Y FINANCIEROS,Otra,Virtual,TUNJA,C.C.,2000-01-19,F,2,PERDIO CUPO A130/98 ART. 80 LIT. C,GARAGOA,GARAGOA,LIT. C,24
SEGUNDO SEMESTRE DE 2022,ESTUDIOS A DISTANCIA,TECNICA PROFESIONAL  EN PROCESOS COMERCIALES Y FINANCIEROS,Otra,Virtual,TUNJA,C.C.,2003-08-25,F,3,PERDIO CUPO A130/98 ART. 80 LIT. B,MÁLAGA,DUITAMA,LIT. B,21
SEGUNDO SEMESTRE DE 2022,ESTUDIOS A DISTANCIA,TECNICA PROFESIONAL  EN PROCESOS COMERCIALES Y FINANCIEROS,Otra,Virtual,TUNJA,C.C.,1997-06-14,F,2,PERDIO CUPO A130/98 ART. 80 LIT. D,TUTA,TUNJA,LIT. D,27
SEGUNDO SEMESTRE DE 2022,ESTUDIOS A DISTANCIA,TECNICA PROFESIONAL  EN PROCESOS COMERCIALES Y FINANCIEROS,Otra,Virtual,TUNJA,C.C.,1995-01-24,M,2,PERDIO CUPO A130/98 ART. 80 LIT. C,TUTA,TUNJA,LIT. C,29
SEGUNDO SEMESTRE DE 2022,ESTUDIOS A DISTANCIA,TECNICA PROFESIONAL  EN PROCESOS COMERCIALES Y FINANCIEROS,Otra,Virtual,TUNJA,C.C.,1983-12-13,F,2,PERDIO CUPO A130/98 ART. 80 LIT. B,AGUSTÍN CODAZZI,AGUSTÍN CODAZZI,LIT. B,41
SEGUNDO SEMESTRE DE 2022,ESTUDIOS A DISTANCIA,TECNICA PROFESIONAL  EN PROCESOS COMERCIALES Y FINANCIEROS,Otra,Virtual,TUNJA,C.C.,1990-09-06,M,2,PERDIO CUPO A130/98 ART. 80 LIT. D,CHOCONTÁ,CHOCONTÁ,LIT. D,34
SEGUNDO SEMESTRE DE 2022,ESTUDIOS A DISTANCIA,TECNICA PROFESIONAL  EN PROCESOS COMERCIALES Y FINANCIEROS,Otra,Virtual,TUNJA,C.C.,1995-10-31,F,1,PERDIO CUPO A130/98 ART.80 LIT. E,TUNJA,MOTAVITA,LIT. E,29
SEGUNDO SEMESTRE DE 2022,ESTUDIOS A DISTANCIA,TECNICA PROFESIONAL  EN PROCESOS COMERCIALES Y FINANCIEROS,Otra,Virtual,TUNJA,C.C.,1984-04-27,F,SIN INFORMACIÓN,PERDIO CUPO A130/98 ART.80 LIT. E,MONGUA,SOGAMOSO,LIT. E,40
SEGUNDO SEMESTRE DE 2022,ESTUDIOS A DISTANCIA,TECNICA PROFESIONAL  EN PROCESOS COMERCIALES Y FINANCIEROS,Otra,Virtual,TUNJA,C.C.,2001-03-19,F,1,PERDIO CUPO A130/98 ART. 80 LIT. B,PAIPA,PAIPA,LIT. B,23
SEGUNDO SEMESTRE DE 2022,ESTUDIOS A DISTANCIA,TECNICA PROFESIONAL  EN PROCESOS COMERCIALES Y FINANCIEROS,Otra,Virtual,TUNJA,C.C.,1993-11-26,F,2,PERDIO CUPO A130/98 ART. 80 LIT. C,BOGOTÁ D.C.,BOGOTÁ D.C.,LIT. C,31
SEGUNDO SEMESTRE DE 2022,ESTUDIOS A DISTANCIA,TECNICA PROFESIONAL  EN PROCESOS COMERCIALES Y FINANCIEROS,Otra,Virtual,TUNJA,T.I.,2002-12-22,F,2,PERDIO CUPO A130/98 ART.80 LIT. E,TUNJA,TUNJA,LIT. E,22
SEGUNDO SEMESTRE DE 2022,ESTUDIOS A DISTANCIA,ADMINISTRACION COMERCIAL Y FINANCIERA,Otra,Virtual,TUNJA,C.C.,1996-08-16,F,3,PERDIO CUPO A130/98 ART. 80 LIT. D,DUITAMA,DUITAMA,LIT. D,28
SEGUNDO SEMESTRE DE 2022,ESTUDIOS A DISTANCIA,ADMINISTRACION COMERCIAL Y FINANCIERA,Otra,Virtual,TUNJA,C.C.,1992-02-09,F,2,PERDIO CUPO A130/98 ART.80 LIT. E,BOGOTA D.E,TUNJA,LIT. E,32
SEGUNDO SEMESTRE DE 2022,ESTUDIOS A DISTANCIA,TECNICA PROFESIONAL EN PROCESOS ADMINISTRATIVOS DE SALUD,Otra,Virtual,BARRANCABERMEJA,C.C.,1999-12-02,M,1,PERDIO CUPO A130/98 ART. 80 LIT. B,SANTA BÁRBARA DE PINTO,SANTA BÁRBARA DE PINTO,LIT. B,25
SEGUNDO SEMESTRE DE 2022,ESTUDIOS A DISTANCIA,TECNICA PROFESIONAL EN PROCESOS ADMINISTRATIVOS DE SALUD,Otra,Virtual,BARRANCABERMEJA,C.C.,1990-06-30,F,1,PERDIO CUPO A130/98 ART. 80 LIT. B,FUNDACIÓN,FUNDACIÓN,LIT. B,34
SEGUNDO SEMESTRE DE 2022,ESTUDIOS A DISTANCIA,TECNICA PROFESIONAL EN PROCESOS ADMINISTRATIVOS DE SALUD,Otra,Virtual,BARRANCABERMEJA,T.I.,2003-12-28,F,SIN INFORMACIÓN,PERDIO CUPO A130/98 ART. 80 LIT. C,SANTA ANA,SANTA ANA,LIT. C,21
SEGUNDO SEMESTRE DE 2022,ESTUDIOS A DISTANCIA,TECNICA PROFESIONAL EN PROCESOS ADMINISTRATIVOS DE SALUD,Otra,Virtual,BARRANCABERMEJA,C.C.,1999-05-26,F,2,PERDIO CUPO A130/98 ART. 80 LIT. B,SANTA MARTA,SANTA MARTA,LIT. B,25
SEGUNDO SEMESTRE DE 2022,ESTUDIOS A DISTANCIA,TECNICA PROFESIONAL EN PROCESOS ADMINISTRATIVOS DE SALUD,Otra,Virtual,SOGAMOSO,C.C.,1995-09-29,F,2,PERDIO CUPO A130/98 ART. 80 LIT. D,SOGAMOSO,SOGAMOSO,LIT. D,29
SEGUNDO SEMESTRE DE 2022,ESTUDIOS A DISTANCIA,TECNICA PROFESIONAL EN PROCESOS ADMINISTRATIVOS DE SALUD,Otra,Virtual,SOGAMOSO,C.C.,1991-05-13,F,2,PERDIO CUPO A130/98 ART.80 LIT. E,SOGAMOSO,SOGAMOSO,LIT. E,33
SEGUNDO SEMESTRE DE 2022,ESTUDIOS A DISTANCIA,TECNICA PROFESIONAL EN PROCESOS ADMINISTRATIVOS DE SALUD,Otra,Virtual,SOGAMOSO,C.C.,1998-06-20,F,2,PERDIO CUPO A130/98 ART. 80 LIT. B,TUNJA,SOGAMOSO,LIT. B,26
SEGUNDO SEMESTRE DE 2022,ESTUDIOS A DISTANCIA,TECNICA PROFESIONAL EN PROCESOS ADMINISTRATIVOS DE SALUD,Otra,Virtual,DUITAMA,C.C.,2002-07-11,M,2,PERDIO CUPO A130/98 ART. 80 LIT. B,DUITAMA,PAIPA,LIT. B,22
SEGUNDO SEMESTRE DE 2022,ESTUDIOS A DISTANCIA,TECNICA PROFESIONAL EN PROCESOS ADMINISTRATIVOS DE SALUD,Otra,Virtual,DUITAMA,C.C.,2000-04-21,F,2,PERDIO CUPO A130/98 ART.80 LIT. E,DUITAMA,DUITAMA,LIT. E,24
SEGUNDO SEMESTRE DE 2022,ESTUDIOS A DISTANCIA,TECNICA PROFESIONAL EN PROCESOS ADMINISTRATIVOS DE SALUD,Otra,Virtual,SANTA FE DE BOGOTA,C.C.,2000-08-06,F,1,PERDIO CUPO A130/98 ART. 80 LIT. C,PLATO,PLATO,LIT. C,24
SEGUNDO SEMESTRE DE 2022,ESTUDIOS A DISTANCIA,TECNICA PROFESIONAL EN PROCESOS ADMINISTRATIVOS DE SALUD,Otra,Virtual,SANTA FE DE BOGOTA,C.C.,1986-12-10,M,2,PERDIO CUPO A130/98 ART. 80 LIT. C,BOGOTA D.E,BOGOTA D.E,LIT. C,38
SEGUNDO SEMESTRE DE 2022,ESTUDIOS A DISTANCIA,TECNICA PROFESIONAL EN PROCESOS ADMINISTRATIVOS DE SALUD,Otra,Virtual,SANTA FE DE BOGOTA,C.C.,1998-11-22,F,1,PERDIO CUPO A130/98 ART. 80 LIT. B,TUNJA,CERRO SAN ANTONIO,LIT. B,26
SEGUNDO SEMESTRE DE 2022,ESTUDIOS A DISTANCIA,TECNICA PROFESIONAL EN PROCESOS ADMINISTRATIVOS DE SALUD,Otra,Virtual,SANTA FE DE BOGOTA,C.C.,1988-04-26,F,3,PERDIO CUPO A130/98 ART.80 LIT. E,BOGOTÁ D.C.,BOGOTÁ D.C.,LIT. E,36
SEGUNDO SEMESTRE DE 2022,ESTUDIOS A DISTANCIA,TECNICA PROFESIONAL EN PROCESOS ADMINISTRATIVOS DE SALUD,Otra,Virtual,SANTA FE DE BOGOTA,C.C.,1988-08-19,F,1,PERDIO CUPO A130/98 ART. 80 LIT. B,SANTA MARTA,PIVIJAY,LIT. B,36
SEGUNDO SEMESTRE DE 2022,ESTUDIOS A DISTANCIA,TECNICA PROFESIONAL EN PROCESOS ADMINISTRATIVOS DE SALUD,Otra,Virtual,GARAGOA,C.C.,2002-10-06,M,2,PERDIO CUPO A130/98 ART. 80 LIT. B,GUATEQUE,GUATEQUE,LIT. B,22
SEGUNDO SEMESTRE DE 2022,ESTUDIOS A DISTANCIA,TECNICA PROFESIONAL EN PROCESOS ADMINISTRATIVOS DE SALUD,Otra,Virtual,GARAGOA,C.C.,2001-08-15,F,1,PERDIO CUPO A130/98 ART. 80 LIT. C,ZONA BANANERA,ZONA BANANERA,LIT. C,23
SEGUNDO SEMESTRE DE 2022,ESTUDIOS A DISTANCIA,TECNICA PROFESIONAL EN PROCESOS ADMINISTRATIVOS DE SALUD,Otra,Virtual,GARAGOA,C.C.,2001-02-27,F,1,PERDIO CUPO A130/98 ART. 80 LIT. C,MAJAGUAL,EL BANCO,LIT. C,23
SEGUNDO SEMESTRE DE 2022,ESTUDIOS A DISTANCIA,TECNICA PROFESIONAL EN PROCESOS ADMINISTRATIVOS DE SALUD,Otra,Virtual,RIONEGRO,T.I.,2004-09-11,F,1,PERDIO CUPO A130/98 ART. 80 LIT. B,SANTA MARTA,SANTA MARTA,LIT. B,20
SEGUNDO SEMESTRE DE 2022,ESTUDIOS A DISTANCIA,TECNICA PROFESIONAL EN PROCESOS ADMINISTRATIVOS DE SALUD,Otra,Virtual,SOATA,C.C.,1993-09-27,F,1,PERDIO CUPO A130/98 ART. 80 LIT. B,SANTA MARTA,SANTA MARTA,LIT. B,31
SEGUNDO SEMESTRE DE 2022,ESTUDIOS A DISTANCIA,TECNICA PROFESIONAL EN PROCESOS ADMINISTRATIVOS DE SALUD,Otra,Virtual,YOPAL,C.C.,2001-09-09,F,2,PERDIO CUPO A130/98 ART. 80 LIT. D,YOPAL,YOPAL,LIT. D,23
SEGUNDO SEMESTRE DE 2022,ESTUDIOS A DISTANCIA,TECNICA PROFESIONAL  EN PROCESOS COMERCIALES Y FINANCIEROS,Otra,Virtual,GARAGOA,C.C.,1999-12-02,M,3,PERDIO CUPO A130/98 ART. 80 LIT. B,BOGOTA D.E,BOGOTA D.E,LIT. B,25
SEGUNDO SEMESTRE DE 2022,ESTUDIOS A DISTANCIA,TECNICA PROFESIONAL  EN PROCESOS COMERCIALES Y FINANCIEROS,Otra,Virtual,SANTA FE DE BOGOTA,C.C.,1995-02-18,M,2,PERDIO CUPO A130/98 ART. 80 LIT. C,SOGAMOSO,SOCORRO,LIT. C,29
SEGUNDO SEMESTRE DE 2022,ESTUDIOS A DISTANCIA,TECNICA PROFESIONAL  EN PROCESOS COMERCIALES Y FINANCIEROS,Otra,Virtual,BARRANCABERMEJA,C.C.,1995-03-28,M,1,PERDIO CUPO A130/98 ART. 80 LIT. B,SANTA MARTA,SANTA MARTA,LIT. B,29
SEGUNDO SEMESTRE DE 2022,ESTUDIOS A DISTANCIA,TECNICA PROFESIONAL  EN PROCESOS COMERCIALES Y FINANCIEROS,Otra,Virtual,BARRANCABERMEJA,C.C.,2000-07-11,F,1,PERDIO CUPO A130/98 ART. 80 LIT. B,PLATO,PLATO,LIT. B,24
SEGUNDO SEMESTRE DE 2022,ESTUDIOS A DISTANCIA,TECNICA PROFESIONAL  EN PROCESOS COMERCIALES Y FINANCIEROS,Otra,Virtual,DUITAMA,C.C.,2003-01-14,F,2,PERDIO CUPO A130/98 ART.80 LIT. E,DUITAMA,DUITAMA,LIT. E,21
SEGUNDO SEMESTRE DE 2022,ESTUDIOS A DISTANCIA,TECNICA PROFESIONAL  EN PROCESOS COMERCIALES Y FINANCIEROS,Otra,Virtual,DUITAMA,T.I.,2003-09-05,F,SIN INFORMACIÓN,PERDIO CUPO A130/98 ART. 80 LIT. D,SOCHA,SOCHA,LIT. D,21
SEGUNDO SEMESTRE DE 2022,ESTUDIOS A DISTANCIA,TECNICA PROFESIONAL  EN PROCESOS COMERCIALES Y FINANCIEROS,Otra,Virtual,DUITAMA,T.I.,2002-11-11,F,2,PERDIO CUPO A130/98 ART. 80 LIT. B,BOGOTA D.E,SOACHA,LIT. B,22
SEGUNDO SEMESTRE DE 2022,ESTUDIOS A DISTANCIA,TECNICA PROFESIONAL  EN PROCESOS COMERCIALES Y FINANCIEROS,Otra,Virtual,CHIQUINQUIRA,C.C.,1992-08-24,F,2,PERDIO CUPO A130/98 ART.80 LIT. E,SAN MIGUEL DE SEMA,CHIQUINQUIRÁ,LIT. E,32
SEGUNDO SEMESTRE DE 2022,ESTUDIOS A DISTANCIA,TECNICA PROFESIONAL  EN PROCESOS COMERCIALES Y FINANCIEROS,Otra,Virtual,CHIQUINQUIRA,C.C.,1997-11-13,F,2,PERDIO CUPO A130/98 ART. 80 LIT. C,BOGOTÁ D.C.,BOGOTÁ D.C.,LIT. C,27
SEGUNDO SEMESTRE DE 2022,ESTUDIOS A DISTANCIA,TECNICA PROFESIONAL  EN PROCESOS COMERCIALES Y FINANCIEROS,Otra,Virtual,CHIQUINQUIRA,C.C.,1995-09-17,F,2,PERDIO CUPO A130/98 ART. 80 LIT. C,SIMIJACA,SIMIJACA,LIT. C,29
SEGUNDO SEMESTRE DE 2022,ESTUDIOS A DISTANCIA,TECNICA PROFESIONAL  EN PROCESOS COMERCIALES Y FINANCIEROS,Otra,Virtual,CHIQUINQUIRA,T.I.,2002-03-09,F,2,PERDIO CUPO A130/98 ART. 80 LIT. C,CHIQUINQUIRÁ,CHIQUINQUIRÁ,LIT. C,22
SEGUNDO SEMESTRE DE 2022,ESTUDIOS A DISTANCIA,TECNICA PROFESIONAL  EN PROCESOS COMERCIALES Y FINANCIEROS,Otra,Virtual,CHIQUINQUIRA,C.C.,1999-09-30,F,1,PERDIO CUPO A130/98 ART. 80 LIT. D,MUZO,MUZO,LIT. D,25
SEGUNDO SEMESTRE DE 2022,ESTUDIOS A DISTANCIA,TECNICA PROFESIONAL  EN PROCESOS COMERCIALES Y FINANCIEROS,Otra,Virtual,CHIQUINQUIRA,C.C.,1998-05-31,M,1,PERDIO CUPO A130/98 ART. 80 LIT. B,CIÉNAGA,ZONA BANANERA,LIT. B,26
SEGUNDO SEMESTRE DE 2022,ESTUDIOS A DISTANCIA,TECNICA PROFESIONAL  EN PROCESOS COMERCIALES Y FINANCIEROS,Otra,Virtual,CHIQUINQUIRA,C.C.,1994-09-01,F,2,PERDIO CUPO A130/98 ART. 80 LIT. C,CHIQUINQUIRÁ,CHIQUINQUIRÁ,LIT. C,30
SEGUNDO SEMESTRE DE 2022,ESTUDIOS A DISTANCIA,TECNICA PROFESIONAL  EN PROCESOS COMERCIALES Y FINANCIEROS,Otra,Virtual,CHIQUINQUIRA,C.C.,1994-06-19,M,2,PERDIO CUPO A130/98 ART. 80 LIT. D,CHIQUINQUIRÁ,BOGOTA D.E,LIT. D,30
SEGUNDO SEMESTRE DE 2022,ESTUDIOS A DISTANCIA,TECNICA PROFESIONAL  EN PROCESOS COMERCIALES Y FINANCIEROS,Otra,Virtual,CHIQUINQUIRA,C.C.,1993-01-10,M,2,PERDIO CUPO A130/98 ART.80 LIT. E,CHIQUINQUIRÁ,CHIQUINQUIRÁ,LIT. E,31
SEGUNDO SEMESTRE DE 2022,ESTUDIOS A DISTANCIA,TECNICA PROFESIONAL  EN PROCESOS COMERCIALES Y FINANCIEROS,Otra,Virtual,YOPAL,C.C.,1997-01-16,F,2,PERDIO CUPO A130/98 ART.80 LIT. E,CÚCUTA,AGUAZUL,LIT. E,27
SEGUNDO SEMESTRE DE 2022,ESTUDIOS A DISTANCIA,TECNICA PROFESIONAL  EN PROCESOS COMERCIALES Y FINANCIEROS,Otra,Virtual,YOPAL,T.I.,2005-04-10,M,2,PERDIO CUPO A130/98 ART. 80 LIT. B,TÁMARA,TÁMARA,LIT. B,19
SEGUNDO SEMESTRE DE 2022,ESTUDIOS A DISTANCIA,TECNICA PROFESIONAL  EN PROCESOS COMERCIALES Y FINANCIEROS,Otra,Virtual,YOPAL,C.C.,1999-09-21,M,2,PERDIO CUPO A130/98 ART.80 LIT. E,YOPAL,YOPAL,LIT. E,25
SEGUNDO SEMESTRE DE 2022,ESTUDIOS A DISTANCIA,TECNICA PROFESIONAL  EN PROCESOS COMERCIALES Y FINANCIEROS,Otra,Virtual,YOPAL,C.C.,1996-05-25,F,2,PERDIO CUPO A130/98 ART. 80 LIT. C,YOPAL,YOPAL,LIT. C,28
SEGUNDO SEMESTRE DE 2022,ESTUDIOS A DISTANCIA,TECNICA PROFESIONAL  EN PROCESOS COMERCIALES Y FINANCIEROS,Otra,Virtual,SOGAMOSO,C.C.,1997-11-08,F,2,PERDIO CUPO A130/98 ART. 80 LIT. B,SOGAMOSO,SOGAMOSO,LIT. B,27
SEGUNDO SEMESTRE DE 2022,ESTUDIOS A DISTANCIA,TECNICA PROFESIONAL  EN PROCESOS COMERCIALES Y FINANCIEROS,Otra,Virtual,SOGAMOSO,C.C.,1999-12-16,F,2,PERDIO CUPO A130/98 ART.80 LIT. E,MONGUÍ,MONGUÍ,LIT. E,25
SEGUNDO SEMESTRE DE 2022,ESTUDIOS A DISTANCIA,TECNICA PROFESIONAL  EN PROCESOS COMERCIALES Y FINANCIEROS,Otra,Virtual,SOGAMOSO,C.C.,1992-06-09,F,1,PERDIO CUPO A130/98 ART. 80 LIT. B,DUITAMA,DUITAMA,LIT. B,32
SEGUNDO SEMESTRE DE 2022,ESTUDIOS A DISTANCIA,TECNICA PROFESIONAL  EN PROCESOS COMERCIALES Y FINANCIEROS,Otra,Virtual,SOGAMOSO,C.C.,2001-07-18,F,1,PERDIO CUPO A130/98 ART.80 LIT. E,APULO,YOPAL,LIT. E,23
SEGUNDO SEMESTRE DE 2022,ESTUDIOS A DISTANCIA,TECNOLOGIA EN GESTION COMERCIAL Y FINANCIERA,Otra,Virtual,SOGAMOSO,C.C.,2000-01-10,F,2,PERDIO CUPO A130/98 ART.80 LIT. E,SAN MATEO,SAN MATEO,LIT. E,24
SEGUNDO SEMESTRE DE 2022,ESTUDIOS A DISTANCIA,TECNOLOGIA EN GESTION COMERCIAL Y FINANCIERA,Otra,Virtual,SOGAMOSO,C.C.,1997-04-24,F,2,PERDIO CUPO A130/98 ART.80 LIT. E,SAN MATEO,SAN MATEO,LIT. E,27
SEGUNDO SEMESTRE DE 2022,ESTUDIOS A DISTANCIA,TECNOLOGIA EN OBRAS CIVILES,Otra,Distancia,CERES MIRAFLORES,C.C.,1997-06-22,M,1,PERDIO CUPO A130/98 ART.80 LIT. E,ZETAQUIRA,ZETAQUIRA,LIT. E,27
SEGUNDO SEMESTRE DE 2022,ESTUDIOS A DISTANCIA,TECNICA PROFESIONAL  EN PROCESOS COMERCIALES Y FINANCIEROS,Otra,Virtual,RONDON,C.C.,1995-09-27,F,2,PERDIO CUPO A130/98 ART. 80 LIT. B,CIÉNAGA,CIÉNAGA,LIT. B,29
SEGUNDO SEMESTRE DE 2022,ESTUDIOS A DISTANCIA,TECNICA PROFESIONAL EN PROCESOS AGROINDUSTRIALES,Otra,Virtual,YOPAL,C.C.,1996-01-09,M,1,PERDIO CUPO A130/98 ART. 80 LIT. B,TRINIDAD,TRINIDAD,LIT. B,28
SEGUNDO SEMESTRE DE 2022,ESTUDIOS A DISTANCIA,TECNOLOGIA EN ELECTRICIDAD INDUSTRIAL,Otra,Distancia,TUNJA,C.C.,1994-09-11,M,2,PERDIO CUPO A130/98 ART. 80 LIT. B,BOGOTA D.E,SOGAMOSO,LIT. B,30
SEGUNDO SEMESTRE DE 2022,ESTUDIOS A DISTANCIA,TECNOLOGIA EN ELECTRICIDAD INDUSTRIAL,Otra,Distancia,TUNJA,C.C.,1988-01-28,M,2,PERDIO CUPO A130/98 ART. 80 LIT. C,CISNEROS,CISNEROS,LIT. C,36
SEGUNDO SEMESTRE DE 2022,ESTUDIOS A DISTANCIA,TECNOLOGIA EN ELECTRICIDAD INDUSTRIAL,Otra,Distancia,TUNJA,C.C.,2001-11-07,M,2,PERDIO CUPO A130/98 ART. 80 LIT. C,TUNJA,TUNJA,LIT. C,23
SEGUNDO SEMESTRE DE 2022,ESTUDIOS A DISTANCIA,TECNOLOGIA EN ELECTRICIDAD INDUSTRIAL,Otra,Distancia,TUNJA,C.C.,2002-05-19,M,3,PERDIO CUPO A130/98 ART. 80 LIT. C,SAMACÁ,SAMACÁ,LIT. C,22
SEGUNDO SEMESTRE DE 2022,ESTUDIOS A DISTANCIA,TECNOLOGIA EN ELECTRICIDAD INDUSTRIAL,Otra,Distancia,DUITAMA,C.C.,1994-12-11,M,1,PERDIO CUPO A130/98 ART. 80 LIT. C,MANÍ,VILLANUEVA,LIT. C,30
SEGUNDO SEMESTRE DE 2022,INGENIERIA,INGENIERIA CIVIL,Diurna,Presencial,TUNJA,T.I.,2004-02-18,M,2,PERDIO CUPO A130/98 ART.80 LIT. E,MÁLAGA,ENCISO,LIT. E,20
SEGUNDO SEMESTRE DE 2022,INGENIERIA,INGENIERIA CIVIL,Diurna,Presencial,TUNJA,C.C.,2003-08-10,M,1,PERDIO CUPO A130/98 ART. 80 LIT. C,LA SALINA,LA SALINA,LIT. C,21
SEGUNDO SEMESTRE DE 2022,INGENIERIA,INGENIERIA CIVIL,Diurna,Presencial,TUNJA,C.C.,1999-02-21,F,2,PERDIO CUPO A130/98 ART.80 LIT. E,SOGAMOSO,SOGAMOSO,LIT. E,25
SEGUNDO SEMESTRE DE 2022,INGENIERIA,INGENIERIA METALURGICA,Diurna,Presencial,TUNJA,C.C.,2002-06-06,M,2,PERDIO CUPO A130/98 ART. 80 LIT. D,TUNJA,TUNJA,LIT. D,22
SEGUNDO SEMESTRE DE 2022,INGENIERIA,INGENIERIA METALURGICA,Diurna,Presencial,TUNJA,C.C.,2001-10-05,M,2,PERDIO CUPO A130/98 ART. 80 LIT. B,DUITAMA,NOBSA,LIT. B,23
SEGUNDO SEMESTRE DE 2022,INGENIERIA,INGENIERIA METALURGICA,Diurna,Presencial,TUNJA,T.I.,2004-11-19,M,1,PERDIO CUPO A130/98 ART. 80 LIT. C,TUNJA,TUNJA,LIT. C,20
SEGUNDO SEMESTRE DE 2022,INGENIERIA,INGENIERIA METALURGICA,Diurna,Presencial,TUNJA,C.C.,1999-07-23,M,2,PERDIO CUPO A130/98 ART. 80 LIT. C,GÜICÁN,SOGAMOSO,LIT. C,25
SEGUNDO SEMESTRE DE 2022,INGENIERIA,INGENIERIA METALURGICA,Diurna,Presencial,TUNJA,C.C.,2001-04-07,M,1,PERDIO CUPO A130/98 ART. 80 LIT. B,TOCA,TOCA,LIT. B,23
SEGUNDO SEMESTRE DE 2022,INGENIERIA,INGENIERIA DE TRANSPORTE Y VIAS,Diurna,Presencial,TUNJA,C.C.,2001-09-04,M,2,PERDIO CUPO A130/98 ART. 80 LIT. B,TUNJA,OICATÁ,LIT. B,23
SEGUNDO SEMESTRE DE 2022,INGENIERIA,INGENIERIA DE TRANSPORTE Y VIAS,Diurna,Presencial,TUNJA,C.C.,1997-11-16,M,3,PERDIO CUPO A130/98 ART. 80 LIT. C,SOGAMOSO,TUNJA,LIT. C,27
SEGUNDO SEMESTRE DE 2022,INGENIERIA,INGENIERIA DE TRANSPORTE Y VIAS,Diurna,Presencial,TUNJA,C.C.,2002-10-25,M,3,PERDIO CUPO A130/98 ART.80 LIT. E,TUNJA,TUNJA,LIT. E,22
SEGUNDO SEMESTRE DE 2022,INGENIERIA,INGENIERIA DE TRANSPORTE Y VIAS,Diurna,Presencial,TUNJA,C.C.,2000-05-20,M,2,PERDIO CUPO A130/98 ART.80 LIT. E,CHIQUINQUIRÁ,CHIQUINQUIRÁ,LIT. E,24
SEGUNDO SEMESTRE DE 2022,INGENIERIA,INGENIERIA DE TRANSPORTE Y VIAS,Diurna,Presencial,TUNJA,C.C.,2002-04-02,M,3,PERDIO CUPO A130/98 ART. 80 LIT. D,DUITAMA,PAIPA,LIT. D,22
SEGUNDO SEMESTRE DE 2022,INGENIERIA,INGENIERIA DE TRANSPORTE Y VIAS,Diurna,Presencial,TUNJA,C.C.,1999-06-11,M,2,PERDIO CUPO A130/98 ART. 80 LIT. D,DUITAMA,PAZ DE RÍO,LIT. D,25
SEGUNDO SEMESTRE DE 2022,INGENIERIA,INGENIERIA DE SISTEMAS Y COMPUTACION,Diurna,Presencial,SOGAMOSO,C.C.,1992-02-05,M,2,PERDIO CUPO A130/98 ART.80 LIT. E,DUITAMA,DUITAMA,LIT. E,32
SEGUNDO SEMESTRE DE 2022,INGENIERIA,INGENIERIA DE SISTEMAS Y COMPUTACION,Diurna,Presencial,SOGAMOSO,C.C.,2000-07-09,M,2,PERDIO CUPO A130/98 ART. 80 LIT. C,YOPAL,YOPAL,LIT. C,24
SEGUNDO SEMESTRE DE 2022,INGENIERIA,INGENIERIA DE SISTEMAS Y COMPUTACION,Diurna,Presencial,SOGAMOSO,C.C.,2002-06-12,M,2,PERDIO CUPO A130/98 ART. 80 LIT. C,AQUITANIA,AQUITANIA,LIT. C,22
SEGUNDO SEMESTRE DE 2022,INGENIERIA,INGENIERIA DE SISTEMAS Y COMPUTACION,Diurna,Presencial,TUNJA,C.C.,2000-12-04,M,2,PERDIO CUPO A130/98 ART.80 LIT. E,GUADALUPE,DUITAMA,LIT. E,24
SEGUNDO SEMESTRE DE 2022,INGENIERIA,INGENIERIA DE SISTEMAS Y COMPUTACION,Diurna,Presencial,TUNJA,C.C.,2002-09-30,M,1,PERDIO CUPO A130/98 ART. 80 LIT. B,DUITAMA,DUITAMA,LIT. B,22
SEGUNDO SEMESTRE DE 2022,INGENIERIA,INGENIERIA AMBIENTAL,Diurna,Presencial,TUNJA,T.I.,2004-09-04,M,1,PERDIO CUPO A130/98 ART. 80 LIT. C,TUNJA,TUNJA,LIT. C,20
SEGUNDO SEMESTRE DE 2022,INGENIERIA,INGENIERIA AMBIENTAL,Diurna,Presencial,TUNJA,C.C.,1993-02-28,M,2,PERDIO CUPO A130/98 ART.80 LIT. E,SUAITA,SUAITA,LIT. E,31
SEGUNDO SEMESTRE DE 2022,INGENIERIA,INGENIERIA AMBIENTAL,Diurna,Presencial,TUNJA,C.C.,2000-04-03,F,2,PERDIO CUPO A130/98 ART.80 LIT. E,YOPAL,TUNJA,LIT. E,24
SEGUNDO SEMESTRE DE 2022,INGENIERIA,INGENIERIA AMBIENTAL,Diurna,Presencial,TUNJA,C.C.,1999-07-15,F,2,PERDIO CUPO A130/98 ART.80 LIT. E,PUERTO BOYACÁ,TUNJA,LIT. E,25
SEGUNDO SEMESTRE DE 2022,INGENIERIA,INGENIERIA AMBIENTAL,Diurna,Presencial,TUNJA,C.C.,2002-05-18,F,3,PERDIO CUPO A130/98 ART. 80 LIT. C,TUNJA,TUNJA,LIT. C,22
SEGUNDO SEMESTRE DE 2022,INGENIERIA,INGENIERIA AMBIENTAL,Diurna,Presencial,TUNJA,T.I.,2003-08-22,M,1,PERDIO CUPO A130/98 ART. 80 LIT. C,SIMIJACA,SIMIJACA,LIT. C,21
SEGUNDO SEMESTRE DE 2022,INGENIERIA,ARQUITECTURA,Extendida,Presencial,TUNJA,C.C.,2000-08-10,M,1,PERDIO CUPO A130/98 ART.80 LIT. E,TUNJA,TUNJA,LIT. E,24
SEGUNDO SEMESTRE DE 2022,INGENIERIA,ARQUITECTURA,Extendida,Presencial,TUNJA,C.C.,2000-08-16,M,3,PERDIO CUPO A130/98 ART. 80 LIT. C,BOGOTA D.E,SAMACÁ,LIT. C,24
SEGUNDO SEMESTRE DE 2022,INGENIERIA,ESPECIALIZACION EN INGENIERIA AMBIENTAL,Otra,Presencial,TUNJA,C.C.,1996-09-20,F,SIN INFORMACIÓN,PERDIO CUPO A 052/2012  ART 15 LIT.A.,TOTA,TOTA,LIT. A,28
SEGUNDO SEMESTRE DE 2022,INGENIERIA,ESPECIALIZACION EN TRANSITO Y TRANSPORTE,Otra,Presencial,TUNJA,C.C.,1988-01-23,M,SIN INFORMACIÓN,PERDIO CUPO A 052/2012  ART 15 LIT.A.,NOCAIMA,FACATATIVÁ,LIT. A,36
SEGUNDO SEMESTRE DE 2022,INGENIERIA,ESPECIALIZACION EN GERENCIA DE PROYECTOS DE CONSTRUCCION,Diurna,Presencial,TUNJA,C.C.,1991-11-27,M,SIN INFORMACIÓN,PERDIO CUPO A 052/2012  ART 15 LIT.A.,TUNJA,TUNJA,LIT. A,33
SEGUNDO SEMESTRE DE 2022,INGENIERIA,MAESTRIA EN METALURGIA Y CIENCIAS DE LOS MATERIALES,Diurna,Presencial,TUNJA,C.C.,1980-05-15,F,SIN INFORMACIÓN,PERDIO CUPO A 052/2012  ART 15 LIT.B.,BOGOTÁ D.C.,BOGOTÁ D.C.,LIT. B,44
SEGUNDO SEMESTRE DE 2022,INGENIERIA,MAESTRIA EN GEOTECNIA,Diurna,Presencial,TUNJA,C.C.,1990-04-04,F,SIN INFORMACIÓN,PERDIO CUPO A 052/2012  ART 15 LIT.A.,CHINAVITA,TUNJA,LIT. A,34
SEGUNDO SEMESTRE DE 2022,INGENIERIA,MAESTRÍA EN GERENCIA DE PROYECTOS DE CONSTRUCCIÓN,Extendida,Presencial,TUNJA,C.C.,1972-07-30,M,SIN INFORMACIÓN,PERDIO CUPO A 052/2012  ART 15 LIT.B.,SANTA ROSA DE VITERBO,SANTA ROSA DE VITERBO,LIT. B,52
SEGUNDO SEMESTRE DE 2022,INGENIERIA,TECNICO PROFESIONAL EN PRODUCCION Y TRANSFORMACION DEL ACERO,Otra,Presencial,TUNJA,C.C.,2001-11-12,F,2,PERDIO CUPO A130/98 ART.80 LIT. E,SOACHA,PAIPA,LIT. E,23
SEGUNDO SEMESTRE DE 2022,SECCIONAL CHIQUINQUIRA,ADMINISTRACION DE EMPRESAS,Extendida,Presencial,CHIQUINQUIRA,C.C.,1996-03-20,F,1,PERDIO CUPO A130/98 ART. 80 LIT. D,CHIQUINQUIRÁ,SABOYÁ,LIT. D,28
SEGUNDO SEMESTRE DE 2022,SECCIONAL CHIQUINQUIRA,ADMINISTRACION DE EMPRESAS,Extendida,Presencial,CHIQUINQUIRA,C.C.,2000-10-18,M,2,PERDIO CUPO A130/98 ART. 80 LIT. D,CHIQUINQUIRÁ,CHIQUINQUIRÁ,LIT. D,24
SEGUNDO SEMESTRE DE 2022,SECCIONAL CHIQUINQUIRA,CONTADURIA PUBLICA,Nocturna,Presencial,CHIQUINQUIRA,C.C.,1993-06-24,M,1,PERDIO CUPO A130/98 ART. 80 LIT. D,FUSAGASUGÁ,FUSAGASUGÁ,LIT. D,31
SEGUNDO SEMESTRE DE 2022,SECCIONAL CHIQUINQUIRA,CONTADURIA PUBLICA,Nocturna,Presencial,CHIQUINQUIRA,C.C.,2001-08-03,F,2,PERDIO CUPO A130/98 ART. 80 LIT. B,FLORENCIA,FLORENCIA,LIT. B,23
SEGUNDO SEMESTRE DE 2022,SECCIONAL CHIQUINQUIRA,CONTADURIA PUBLICA,Nocturna,Presencial,CHIQUINQUIRA,C.C.,1997-03-27,F,2,PERDIO CUPO A130/98 ART. 80 LIT. C,PAIPA,PAIPA,LIT. C,27
SEGUNDO SEMESTRE DE 2022,SECCIONAL DUITAMA,LICENCIATURA EN TECNOLOGIA,Diurna,Presencial,DUITAMA,C.C.,2000-11-07,M,2,PERDIO CUPO A130/98 ART. 80 LIT. C,DUITAMA,DUITAMA,LIT. C,24
SEGUNDO SEMESTRE DE 2022,SECCIONAL DUITAMA,LICENCIATURA EN TECNOLOGIA,Diurna,Presencial,DUITAMA,C.C.,1996-04-10,F,2,PERDIO CUPO A130/98 ART. 80 LIT. C,DUITAMA,DUITAMA,LIT. C,28
SEGUNDO SEMESTRE DE 2022,SECCIONAL DUITAMA,LICENCIATURA EN TECNOLOGIA,Diurna,Presencial,DUITAMA,C.C.,2001-02-15,M,2,PERDIO CUPO A130/98 ART.80 LIT. E,DUITAMA,DUITAMA,LIT. E,23
SEGUNDO SEMESTRE DE 2022,SECCIONAL DUITAMA,LICENCIATURA EN TECNOLOGIA,Diurna,Presencial,DUITAMA,C.C.,1990-10-16,F,1,PERDIO CUPO A130/98 ART.80 LIT. E,DUITAMA,DUITAMA,LIT. E,34
SEGUNDO SEMESTRE DE 2022,SECCIONAL DUITAMA,LICENCIATURA EN TECNOLOGIA,Diurna,Presencial,DUITAMA,C.C.,2000-08-05,M,2,PERDIO CUPO A130/98 ART. 80 LIT. C,DUITAMA,DUITAMA,LIT. C,24
SEGUNDO SEMESTRE DE 2022,SECCIONAL DUITAMA,INGENIERIA ELECTROMECANICA,Diurna,Presencial,DUITAMA,C.C.,2000-06-14,M,2,PERDIO CUPO A130/98 ART.80 LIT. E,SOGAMOSO,SOGAMOSO,LIT. E,24
SEGUNDO SEMESTRE DE 2022,SECCIONAL DUITAMA,INGENIERIA ELECTROMECANICA,Diurna,Presencial,DUITAMA,C.C.,2000-12-12,M,1,PERDIO CUPO A130/98 ART. 80 LIT. D,BOGOTA D.E,SOGAMOSO,LIT. D,24
SEGUNDO SEMESTRE DE 2022,SECCIONAL DUITAMA,INGENIERIA ELECTROMECANICA,Diurna,Presencial,DUITAMA,C.C.,2003-07-17,M,1,PERDIO CUPO A130/98 ART. 80 LIT. C,DUITAMA,DUITAMA,LIT. C,21
SEGUNDO SEMESTRE DE 2022,SECCIONAL DUITAMA,INGENIERIA ELECTROMECANICA,Diurna,Presencial,DUITAMA,C.C.,2000-01-13,M,1,PERDIO CUPO A130/98 ART. 80 LIT. D,DUITAMA,DUITAMA,LIT. D,24
SEGUNDO SEMESTRE DE 2022,SECCIONAL DUITAMA,INGENIERIA ELECTROMECANICA,Diurna,Presencial,DUITAMA,C.C.,1988-07-25,M,1,PERDIO CUPO A130/98 ART.80 LIT. E,PAIPA,NOBSA,LIT. E,36
SEGUNDO SEMESTRE DE 2022,SECCIONAL DUITAMA,INGENIERIA ELECTROMECANICA,Diurna,Presencial,DUITAMA,C.C.,1997-08-24,M,2,PERDIO CUPO A130/98 ART. 80 LIT. D,DUITAMA,DUITAMA,LIT. D,27
SEGUNDO SEMESTRE DE 2022,SECCIONAL DUITAMA,ADMINISTRACION TURISTICA Y HOTELERA,Diurna,Presencial,DUITAMA,T.I.,2001-04-15,M,2,PERDIO CUPO A130/98 ART. 80 LIT. D,AQUITANIA,SOGAMOSO,LIT. D,23
SEGUNDO SEMESTRE DE 2022,SECCIONAL DUITAMA,ADMINISTRACION TURISTICA Y HOTELERA,Diurna,Presencial,DUITAMA,C.C.,1999-02-13,M,2,PERDIO CUPO A130/98 ART. 80 LIT. D,TUNJA,MOTAVITA,LIT. D,25
SEGUNDO SEMESTRE DE 2022,SECCIONAL DUITAMA,ADMINISTRACION DE EMPRESAS AGROPECUARIAS,Diurna,Presencial,DUITAMA,C.C.,2002-10-27,F,2,PERDIO CUPO A130/98 ART. 80 LIT. D,SOGAMOSO,DUITAMA,LIT. D,22
SEGUNDO SEMESTRE DE 2022,SECCIONAL DUITAMA,ADMINISTRACION DE EMPRESAS AGROPECUARIAS,Diurna,Presencial,DUITAMA,C.C.,1999-08-18,F,2,PERDIO CUPO A130/98 ART. 80 LIT. D,DUITAMA,TIBASOSA,LIT. D,25
SEGUNDO SEMESTRE DE 2022,SECCIONAL DUITAMA,ADMINISTRACION DE EMPRESAS AGROPECUARIAS,Diurna,Presencial,DUITAMA,C.C.,2000-10-05,F,2,PERDIO CUPO A130/98 ART.80 LIT. E,SANTA ROSA DE VITERBO,PAZ DE RÍO,LIT. E,24
SEGUNDO SEMESTRE DE 2022,SECCIONAL DUITAMA,ADMINISTRACION DE EMPRESAS AGROPECUARIAS,Diurna,Presencial,DUITAMA,C.C.,2001-11-16,M,2,PERDIO CUPO A130/98 ART. 80 LIT. D,DUITAMA,DUITAMA,LIT. D,23
SEGUNDO SEMESTRE DE 2022,SECCIONAL DUITAMA,ADMINISTRACION INDUSTRIAL,Diurna,Presencial,DUITAMA,C.C.,2003-09-11,M,1,PERDIO CUPO A130/98 ART. 80 LIT. B,DUITAMA,DUITAMA,LIT. B,21
SEGUNDO SEMESTRE DE 2022,SECCIONAL DUITAMA,ADMINISTRACION INDUSTRIAL,Diurna,Presencial,DUITAMA,C.C.,1999-01-14,M,2,PERDIO CUPO A130/98 ART.80 LIT. E,SOGAMOSO,SOGAMOSO,LIT. E,25
SEGUNDO SEMESTRE DE 2022,SECCIONAL DUITAMA,ADMINISTRACION INDUSTRIAL,Diurna,Presencial,DUITAMA,T.I.,2004-12-01,M,1,PERDIO CUPO A130/98 ART. 80 LIT. B,PAZ DE RÍO,SATIVASUR,LIT. B,20
SEGUNDO SEMESTRE DE 2022,SECCIONAL DUITAMA,ADMINISTRACION INDUSTRIAL,Diurna,Presencial,DUITAMA,C.C.,1995-02-10,M,2,PERDIO CUPO A130/98 ART.80 LIT. E,DUITAMA,DUITAMA,LIT. E,29
SEGUNDO SEMESTRE DE 2022,SECCIONAL DUITAMA,ADMINISTRACION INDUSTRIAL,Diurna,Presencial,DUITAMA,C.C.,2000-02-04,M,1,PERDIO CUPO A130/98 ART.80 LIT. E,FIRAVITOBA,FIRAVITOBA,LIT. E,24
SEGUNDO SEMESTRE DE 2022,SECCIONAL DUITAMA,DISEÑO INDUSTRIAL,Diurna,Presencial,DUITAMA,C.C.,1999-01-13,F,2,PERDIO CUPO A130/98 ART. 80 LIT. B,TIBASOSA,TIBASOSA,LIT. B,25
SEGUNDO SEMESTRE DE 2022,SECCIONAL DUITAMA,DISEÑO INDUSTRIAL,Diurna,Presencial,DUITAMA,T.I.,2005-02-14,F,1,PERDIO CUPO A130/98 ART. 80 LIT. C,SOGAMOSO,DUITAMA,LIT. C,19
SEGUNDO SEMESTRE DE 2022,SECCIONAL DUITAMA,LICENCIATURA EN MATEMATICAS,Diurna,Presencial,DUITAMA,C.C.,1999-10-22,F,1,PERDIO CUPO A130/98 ART. 80 LIT. C,YOPAL,DUITAMA,LIT. C,25
SEGUNDO SEMESTRE DE 2022,SECCIONAL DUITAMA,LICENCIATURA EN MATEMATICAS,Diurna,Presencial,DUITAMA,C.C.,2000-03-10,M,1,PERDIO CUPO A130/98 ART. 80 LIT. D,FIRAVITOBA,FIRAVITOBA,LIT. D,24
SEGUNDO SEMESTRE DE 2022,SECCIONAL DUITAMA,ESPECIALIZACION EN GESTION ESTRATEGICA DE PROYECTOS,Otra,Presencial,DUITAMA,C.C.,1984-04-19,M,SIN INFORMACIÓN,PERDIO CUPO A 052/2012  ART 15 LIT.A.,SANTA ROSA DE VITERBO,DUITAMA,LIT. A,40
SEGUNDO SEMESTRE DE 2022,SECCIONAL DUITAMA,ESPECIALIZACION EN GESTION ESTRATEGICA DE PROYECTOS,Otra,Presencial,DUITAMA,C.C.,1976-09-11,M,SIN INFORMACIÓN,PERDIO CUPO A 052/2012  ART 15 LIT.A.,TUNJA,FIRAVITOBA,LIT. A,48
SEGUNDO SEMESTRE DE 2022,SECCIONAL DUITAMA,ESPECIALIZACIÓN EN PLANIFICACIÓN Y REGULACIÓN ENERGÉTICA,Extendida,Presencial,DUITAMA,C.C.,1994-04-12,M,SIN INFORMACIÓN,PERDIO CUPO A 052/2012  ART 15 LIT.A.,MONTERREY,MONTERREY,LIT. A,30
SEGUNDO SEMESTRE DE 2022,SECCIONAL SOGAMOSO,INGENIERIA ELECTRONICA,Diurna,Presencial,SOGAMOSO,C.C.,1999-07-12,M,2,PERDIO CUPO A130/98 ART.80 LIT. E,SOGAMOSO,SOGAMOSO,LIT. E,25
SEGUNDO SEMESTRE DE 2022,SECCIONAL SOGAMOSO,INGENIERIA ELECTRONICA,Diurna,Presencial,SOGAMOSO,C.C.,2000-11-05,M,2,PERDIO CUPO A130/98 ART.80 LIT. E,SOGAMOSO,SOGAMOSO,LIT. E,24
SEGUNDO SEMESTRE DE 2022,SECCIONAL SOGAMOSO,INGENIERIA ELECTRONICA,Diurna,Presencial,SOGAMOSO,C.C.,2001-12-25,M,2,PERDIO CUPO A130/98 ART. 80 LIT. B,BOGOTA D.E,SOGAMOSO,LIT. B,23
SEGUNDO SEMESTRE DE 2022,SECCIONAL SOGAMOSO,INGENIERIA ELECTRONICA,Diurna,Presencial,SOGAMOSO,C.C.,1999-02-23,M,2,PERDIO CUPO A130/98 ART. 80 LIT. C,DUITAMA,DUITAMA,LIT. C,25
SEGUNDO SEMESTRE DE 2022,SECCIONAL SOGAMOSO,INGENIERIA ELECTRONICA,Diurna,Presencial,SOGAMOSO,C.C.,2000-09-30,M,3,PERDIO CUPO A130/98 ART. 80 LIT. B,SOGAMOSO,SOGAMOSO,LIT. B,24
SEGUNDO SEMESTRE DE 2022,SECCIONAL SOGAMOSO,INGENIERIA ELECTRONICA,Diurna,Presencial,SOGAMOSO,C.C.,1998-08-26,M,2,PERDIO CUPO A130/98 ART. 80 LIT. C,DUITAMA,DUITAMA,LIT. C,26
SEGUNDO SEMESTRE DE 2022,SECCIONAL SOGAMOSO,INGENIERIA GEOLOGICA,Diurna,Presencial,SOGAMOSO,C.C.,2001-07-11,M,3,PERDIO CUPO A130/98 ART. 80 LIT. D,VILLAVICENCIO,SOGAMOSO,LIT. D,23
SEGUNDO SEMESTRE DE 2022,SECCIONAL SOGAMOSO,INGENIERIA GEOLOGICA,Diurna,Presencial,SOGAMOSO,C.C.,2001-11-23,M,1,PERDIO CUPO A130/98 ART. 80 LIT. B,ABREGO,ABREGO,LIT. B,23
SEGUNDO SEMESTRE DE 2022,SECCIONAL SOGAMOSO,INGENIERIA GEOLOGICA,Diurna,Presencial,SOGAMOSO,C.C.,2003-04-21,M,2,PERDIO CUPO A130/98 ART. 80 LIT. B,NATAGAIMA,SOGAMOSO,LIT. B,21
SEGUNDO SEMESTRE DE 2022,SECCIONAL SOGAMOSO,INGENIERIA GEOLOGICA,Diurna,Presencial,SOGAMOSO,T.I.,2004-04-06,F,1,PERDIO CUPO A130/98 ART. 80 LIT. B,AGUAZUL,AGUAZUL,LIT. B,20
SEGUNDO SEMESTRE DE 2022,SECCIONAL SOGAMOSO,INGENIERIA GEOLOGICA,Diurna,Presencial,SOGAMOSO,T.I.,2004-03-06,M,3,PERDIO CUPO A130/98 ART. 80 LIT. D,SOGAMOSO,YOPAL,LIT. D,20
SEGUNDO SEMESTRE DE 2022,SECCIONAL SOGAMOSO,INGENIERIA GEOLOGICA,Diurna,Presencial,SOGAMOSO,C.C.,1993-09-23,M,2,PERDIO CUPO A130/98 ART. 80 LIT. C,SOGAMOSO,SOGAMOSO,LIT. C,31
SEGUNDO SEMESTRE DE 2022,SECCIONAL SOGAMOSO,INGENIERIA GEOLOGICA,Diurna,Presencial,SOGAMOSO,C.C.,2001-09-17,F,2,PERDIO CUPO A130/98 ART. 80 LIT. C,SOGAMOSO,SOGAMOSO,LIT. C,23
SEGUNDO SEMESTRE DE 2022,SECCIONAL SOGAMOSO,INGENIERIA GEOLOGICA,Diurna,Presencial,SOGAMOSO,C.C.,2001-07-03,M,2,PERDIO CUPO A130/98 ART. 80 LIT. B,SOGAMOSO,SOGAMOSO,LIT. B,23
SEGUNDO SEMESTRE DE 2022,SECCIONAL SOGAMOSO,INGENIERIA GEOLOGICA,Diurna,Presencial,SOGAMOSO,C.C.,2000-12-07,M,2,PERDIO CUPO A130/98 ART. 80 LIT. B,SOGAMOSO,SOGAMOSO,LIT. B,24
SEGUNDO SEMESTRE DE 2022,SECCIONAL SOGAMOSO,INGENIERIA GEOLOGICA,Diurna,Presencial,SOGAMOSO,C.C.,2003-11-04,M,2,PERDIO CUPO A130/98 ART. 80 LIT. B,SOGAMOSO,SOGAMOSO,LIT. B,21
SEGUNDO SEMESTRE DE 2022,SECCIONAL SOGAMOSO,INGENIERIA DE MINAS,Diurna,Presencial,SOGAMOSO,C.C.,2000-05-06,M,2,PERDIO CUPO A130/98 ART. 80 LIT. D,AQUITANIA,AQUITANIA,LIT. D,24
SEGUNDO SEMESTRE DE 2022,SECCIONAL SOGAMOSO,INGENIERIA DE MINAS,Diurna,Presencial,SOGAMOSO,C.C.,2000-07-30,M,2,PERDIO CUPO A130/98 ART.80 LIT. E,DUITAMA,DUITAMA,LIT. E,24
SEGUNDO SEMESTRE DE 2022,SECCIONAL SOGAMOSO,INGENIERIA INDUSTRIAL,Diurna,Presencial,SOGAMOSO,T.I.,2004-05-08,F,1,PERDIO CUPO A130/98 ART. 80 LIT. C,ARAUCA,ARAUCA,LIT. C,20
SEGUNDO SEMESTRE DE 2022,SECCIONAL SOGAMOSO,INGENIERIA INDUSTRIAL,Diurna,Presencial,SOGAMOSO,C.C.,2003-04-08,F,2,PERDIO CUPO A130/98 ART.80 LIT. E,TUNJA,TUNJA,LIT. E,21
SEGUNDO SEMESTRE DE 2022,SECCIONAL SOGAMOSO,INGENIERIA INDUSTRIAL,Diurna,Presencial,SOGAMOSO,C.C.,2000-01-25,M,2,PERDIO CUPO A130/98 ART.80 LIT. E,SOGAMOSO,BOGOTÁ D.C.,LIT. E,24
SEGUNDO SEMESTRE DE 2022,SECCIONAL SOGAMOSO,INGENIERIA INDUSTRIAL,Diurna,Presencial,SOGAMOSO,C.C.,2001-12-15,M,2,PERDIO CUPO A130/98 ART. 80 LIT. C,VILLANUEVA,VILLANUEVA,LIT. C,23
SEGUNDO SEMESTRE DE 2022,SECCIONAL SOGAMOSO,INGENIERIA INDUSTRIAL,Diurna,Presencial,SOGAMOSO,C.C.,2000-11-01,M,2,PERDIO CUPO A130/98 ART.80 LIT. E,DUITAMA,PAIPA,LIT. E,24
SEGUNDO SEMESTRE DE 2022,SECCIONAL SOGAMOSO,CONTADURIA PUBLICA,Diurna,Presencial,SOGAMOSO,C.C.,2003-09-21,M,1,PERDIO CUPO A130/98 ART. 80 LIT. B,DUITAMA,NOBSA,LIT. B,21
SEGUNDO SEMESTRE DE 2022,SECCIONAL SOGAMOSO,ADMINISTRACION DE EMPRESAS,Extendida,Presencial,SOGAMOSO,C.C.,2003-10-14,M,2,PERDIO CUPO A130/98 ART. 80 LIT. C,SOGAMOSO,SOGAMOSO,LIT. C,21
SEGUNDO SEMESTRE DE 2022,SECCIONAL SOGAMOSO,ADMINISTRACION DE EMPRESAS,Extendida,Presencial,SOGAMOSO,C.C.,1998-08-12,M,2,PERDIO CUPO A130/98 ART. 80 LIT. C,SOGAMOSO,SOGAMOSO,LIT. C,26
SEGUNDO SEMESTRE DE 2022,SECCIONAL SOGAMOSO,ADMINISTRACION DE EMPRESAS,Extendida,Presencial,SOGAMOSO,C.C.,2001-07-01,M,2,PERDIO CUPO A130/98 ART. 80 LIT. C,SOGAMOSO,AGUAZUL,LIT. C,23
SEGUNDO SEMESTRE DE 2022,SECCIONAL SOGAMOSO,ADMINISTRACION DE EMPRESAS,Extendida,Presencial,SOGAMOSO,C.C.,2003-12-15,M,2,PERDIO CUPO A130/98 ART. 80 LIT. C,SOGAMOSO,SOGAMOSO,LIT. C,21
SEGUNDO SEMESTRE DE 2022,SECCIONAL SOGAMOSO,ADMINISTRACION DE EMPRESAS,Extendida,Presencial,SOGAMOSO,C.C.,2001-06-05,M,2,PERDIO CUPO A130/98 ART. 80 LIT. C,SOGAMOSO,SOGAMOSO,LIT. C,23
SEGUNDO SEMESTRE DE 2022,SECCIONAL SOGAMOSO,ADMINISTRACION DE EMPRESAS,Extendida,Presencial,SOGAMOSO,T.I.,2004-06-25,F,1,PERDIO CUPO A130/98 ART. 80 LIT. C,TUTA,TUTA,LIT. C,20
SEGUNDO SEMESTRE DE 2022,SECCIONAL SOGAMOSO,ADMINISTRACION DE EMPRESAS,Extendida,Presencial,SOGAMOSO,C.C.,1999-07-21,M,2,PERDIO CUPO A130/98 ART. 80 LIT. C,AQUITANIA,SOGAMOSO,LIT. C,25
SEGUNDO SEMESTRE DE 2022,SECCIONAL SOGAMOSO,INGENIERIA ELECTRONICA,Diurna,Presencial,TUNJA,C.C.,1996-05-24,M,2,PERDIO CUPO A130/98 ART.80 LIT. E,INÍRIDA,TUNJA,LIT. E,28
SEGUNDO SEMESTRE DE 2022,SECCIONAL SOGAMOSO,INGENIERIA ELECTRONICA,Diurna,Presencial,TUNJA,C.C.,2000-03-11,M,1,PERDIO CUPO A130/98 ART. 80 LIT. C,TUNJA,TUNJA,LIT. C,24
SEGUNDO SEMESTRE DE 2022,SECCIONAL SOGAMOSO,INGENIERIA ELECTRONICA,Diurna,Presencial,TUNJA,T.I.,2002-05-17,M,3,PERDIO CUPO A130/98 ART. 80 LIT. C,TUNJA,TUNJA,LIT. C,22
SEGUNDO SEMESTRE DE 2022,SECCIONAL SOGAMOSO,INGENIERIA ELECTRONICA,Diurna,Presencial,TUNJA,C.C.,1996-11-24,M,1,PERDIO CUPO A130/98 ART.80 LIT. E,TUNJA,TUNJA,LIT. E,28
SEGUNDO SEMESTRE DE 2022,SECCIONAL SOGAMOSO,INGENIERIA ELECTRONICA,Diurna,Presencial,TUNJA,C.C.,2000-11-24,M,2,PERDIO CUPO A130/98 ART. 80 LIT. D,TUNJA,TUNJA,LIT. D,24
SEGUNDO SEMESTRE DE 2022,SECCIONAL SOGAMOSO,FINANZAS Y COMERCIO INTERNACIONAL,Extendida,Presencial,SOGAMOSO,C.C.,2000-07-14,M,2,PERDIO CUPO A130/98 ART.80 LIT. E,SOGAMOSO,SOACHA,LIT. E,24
SEGUNDO SEMESTRE DE 2022,SECCIONAL SOGAMOSO,FINANZAS Y COMERCIO INTERNACIONAL,Extendida,Presencial,SOGAMOSO,C.C.,2002-03-28,M,2,PERDIO CUPO A130/98 ART. 80 LIT. D,BOGOTÁ D.C.,SOGAMOSO,LIT. D,22
SEGUNDO SEMESTRE DE 2022,SECCIONAL SOGAMOSO,FINANZAS Y COMERCIO INTERNACIONAL,Extendida,Presencial,SOGAMOSO,C.C.,2002-11-02,M,3,PERDIO CUPO A130/98 ART. 80 LIT. C,ZIPAQUIRÁ,SOGAMOSO,LIT. C,22
SEGUNDO SEMESTRE DE 2022,SECCIONAL SOGAMOSO,ESPECIALIZACION EN INGENIERIA DE PRODUCCION Y OPERACIONES,Otra,Presencial,SOGAMOSO,C.C.,1994-04-25,M,SIN INFORMACIÓN,PERDIO CUPO A 052/2012  ART 15 LIT.A.,PAIPA,PAIPA,LIT. A,30
SEGUNDO SEMESTRE DE 2022,SECCIONAL SOGAMOSO,ESPECIALIZACION EN TELECOMUNICACIONES,Otra,Presencial,SOGAMOSO,C.C.,1998-07-30,M,SIN INFORMACIÓN,PERDIO CUPO A 052/2012  ART 15 LIT.A.,CHIQUINQUIRÁ,TUNJA,LIT. A,26
SEGUNDO SEMESTRE DE 2022,SECCIONAL SOGAMOSO,ESPECIALIZACION EN SEGURIDAD Y SALUD EN EL TRABAJO,Otra,Presencial,SOGAMOSO,C.C.,1990-12-17,M,SIN INFORMACIÓN,PERDIO CUPO A 052/2012  ART 15 LIT.B.,SOGAMOSO,SOGAMOSO,LIT. B,34
SEGUNDO SEMESTRE DE 2022,SECCIONAL SOGAMOSO,ESPECIALIZACION EN GEOTECNIA VIAL,Otra,Presencial,SOGAMOSO,C.C.,1989-10-21,M,SIN INFORMACIÓN,PERDIO CUPO A 052/2012  ART 15 LIT.B.,BUCARAMANGA,BUCARAMANGA,LIT. B,35
PRIMER SEMESTRE DE 2023,CIENCIAS,FISICA,Diurna,Presencial,TUNJA,C.C.,2002-11-14,M,3,PERDIO CUPO A130/98 ART. 80 LIT. B,TUNJA,TUNJA,LIT. B,22
PRIMER SEMESTRE DE 2023,CIENCIAS,FISICA,Diurna,Presencial,TUNJA,T.I.,2003-02-27,F,2,PERDIO CUPO A130/98 ART. 80 LIT. C,TUNJA,TUNJA,LIT. C,21
PRIMER SEMESTRE DE 2023,CIENCIAS,FISICA,Diurna,Presencial,TUNJA,C.C.,2004-03-07,F,SIN INFORMACIÓN,PERDIO CUPO A130/98 ART.80 LIT. E,SOATÁ,DUITAMA,LIT. E,20
PRIMER SEMESTRE DE 2023,CIENCIAS,FISICA,Diurna,Presencial,TUNJA,C.C.,2004-08-16,F,2,PERDIO CUPO A130/98 ART. 80 LIT. B,BARRANQUILLA,TUNJA,LIT. B,20
PRIMER SEMESTRE DE 2023,CIENCIAS,FISICA,Diurna,Presencial,TUNJA,C.C.,2000-08-27,M,2,PERDIO CUPO A130/98 ART. 80 LIT. C,BOGOTA D.E,BOGOTA D.E,LIT. C,24
PRIMER SEMESTRE DE 2023,CIENCIAS,FISICA,Diurna,Presencial,TUNJA,C.C.,2000-09-06,M,3,PERDIO CUPO A130/98 ART.80 LIT. E,TUNJA,TUNJA,LIT. E,24
PRIMER SEMESTRE DE 2023,CIENCIAS,BIOLOGIA,Diurna,Presencial,TUNJA,C.C.,1999-11-28,M,3,PERDIO CUPO A130/98 ART. 80 LIT. D,YOPAL,SOGAMOSO,LIT. D,25
PRIMER SEMESTRE DE 2023,CIENCIAS,BIOLOGIA,Diurna,Presencial,TUNJA,C.C.,1998-01-06,M,2,PERDIO CUPO A130/98 ART. 80 LIT. D,SOATÁ,SOATÁ,LIT. D,26
PRIMER SEMESTRE DE 2023,CIENCIAS,BIOLOGIA,Diurna,Presencial,TUNJA,C.C.,2002-08-27,M,1,PERDIO CUPO A130/98 ART. 80 LIT. D,VILLANUEVA,SANTA MARÍA,LIT. D,22
PRIMER SEMESTRE DE 2023,CIENCIAS,BIOLOGIA,Diurna,Presencial,TUNJA,C.C.,1997-10-03,M,2,PERDIO CUPO A130/98 ART. 80 LIT. B,TUNJA,TUNJA,LIT. B,27
PRIMER SEMESTRE DE 2023,CIENCIAS,BIOLOGIA,Diurna,Presencial,TUNJA,C.C.,2000-04-26,M,2,PERDIO CUPO A130/98 ART. 80 LIT. C,MIRAFLORES,SAN EDUARDO,LIT. C,24
PRIMER SEMESTRE DE 2023,CIENCIAS,MATEMATICAS,Diurna,Presencial,TUNJA,C.C.,2002-01-22,M,3,PERDIO CUPO A130/98 ART. 80 LIT. C,EL COCUY,TUNJA,LIT. C,22
PRIMER SEMESTRE DE 2023,CIENCIAS,MATEMATICAS,Diurna,Presencial,TUNJA,C.C.,2003-11-21,M,2,PERDIO CUPO A130/98 ART. 80 LIT. C,TUNJA,TUNJA,LIT. C,21
PRIMER SEMESTRE DE 2023,CIENCIAS,MATEMATICAS,Diurna,Presencial,TUNJA,C.C.,1999-12-15,M,2,PERDIO CUPO A130/98 ART. 80 LIT. B,LA UVITA,TUNJA,LIT. B,25
PRIMER SEMESTRE DE 2023,CIENCIAS,MATEMATICAS,Diurna,Presencial,TUNJA,T.I.,2005-05-12,F,2,PERDIO CUPO A130/98 ART. 80 LIT. C,TUNJA,SORA,LIT. C,19
PRIMER SEMESTRE DE 2023,CIENCIAS,QUIMICA,Diurna,Presencial,TUNJA,T.I.,2004-06-20,M,2,PERDIO CUPO A130/98 ART.80 LIT. E,PAZ DE ARIPORO,PAZ DE ARIPORO,LIT. E,20
PRIMER SEMESTRE DE 2023,CIENCIAS,QUIMICA,Diurna,Presencial,TUNJA,C.C.,2001-02-07,M,1,PERDIO CUPO A130/98 ART. 80 LIT. C,TUNJA,TUNJA,LIT. C,23
PRIMER SEMESTRE DE 2023,CIENCIAS,QUIMICA,Diurna,Presencial,TUNJA,C.C.,2001-11-02,M,3,PERDIO CUPO A130/98 ART. 80 LIT. D,TUNJA,TUNJA,LIT. D,23
PRIMER SEMESTRE DE 2023,CIENCIAS,QUIMICA,Diurna,Presencial,TUNJA,C.C.,1998-04-03,M,2,PERDIO CUPO A130/98 ART.80 LIT. E,SOGAMOSO,SOGAMOSO,LIT. E,26
PRIMER SEMESTRE DE 2023,CIENCIAS,QUIMICA,Diurna,Presencial,TUNJA,C.C.,2001-10-15,M,2,PERDIO CUPO A130/98 ART. 80 LIT. C,SOGAMOSO,SOGAMOSO,LIT. C,23
PRIMER SEMESTRE DE 2023,CIENCIAS,QUIMICA,Diurna,Presencial,TUNJA,T.I.,2003-11-13,F,1,PERDIO CUPO A130/98 ART. 80 LIT. C,PITALITO,PITALITO,LIT. C,21
PRIMER SEMESTRE DE 2023,CIENCIAS,QUIMICA,Diurna,Presencial,TUNJA,T.I.,2003-12-11,M,2,PERDIO CUPO A130/98 ART. 80 LIT. C,CHOCONTÁ,VILLAPINZÓN,LIT. C,21
PRIMER SEMESTRE DE 2023,CIENCIAS AGROPECUARIAS,INGENIERIA AGRONOMICA,Diurna,Presencial,TUNJA,C.C.,1997-09-22,M,2,PERDIO CUPO A130/98 ART. 80 LIT. B,LANDÁZURI,TUNJA,LIT. B,27
PRIMER SEMESTRE DE 2023,CIENCIAS AGROPECUARIAS,INGENIERIA AGRONOMICA,Diurna,Presencial,TUNJA,C.C.,1999-05-07,M,2,PERDIO CUPO A130/98 ART. 80 LIT. B,MADRID,PAIPA,LIT. B,25
PRIMER SEMESTRE DE 2023,CIENCIAS AGROPECUARIAS,INGENIERIA AGRONOMICA,Diurna,Presencial,TUNJA,C.C.,1998-06-18,M,1,PERDIO CUPO A130/98 ART. 80 LIT. B,TUNJA,TUNJA,LIT. B,26
PRIMER SEMESTRE DE 2023,CIENCIAS AGROPECUARIAS,MEDICINA VETERINARIA Y ZOOTECNIA,Diurna,Presencial,TUNJA,C.C.,1998-04-22,M,1,PERDIO CUPO A130/98 ART.80 LIT. E,CÚCUTA,TUNJA,LIT. E,26
PRIMER SEMESTRE DE 2023,CIENCIAS AGROPECUARIAS,MEDICINA VETERINARIA Y ZOOTECNIA,Diurna,Presencial,TUNJA,C.C.,1997-11-06,F,2,PERDIO CUPO A130/98 ART.80 LIT. E,PAIPA,PAIPA,LIT. E,27
PRIMER SEMESTRE DE 2023,CIENCIAS AGROPECUARIAS,MEDICINA VETERINARIA Y ZOOTECNIA,Diurna,Presencial,TUNJA,C.C.,1993-08-19,M,3,PERDIO CUPO A130/98 ART. 80 LIT. D,BOGOTÁ D.C.,BOGOTÁ D.C.,LIT. D,31
PRIMER SEMESTRE DE 2023,CIENCIAS DE LA EDUCACION,LICENCIATURA EN LENGUAS EXTRANJERAS,Diurna,Presencial,TUNJA,C.C.,1996-10-05,M,2,PERDIO CUPO A130/98 ART. 80 LIT. D,SOGAMOSO,SOGAMOSO,LIT. D,28
PRIMER SEMESTRE DE 2023,CIENCIAS DE LA EDUCACION,LICENCIATURA EN MATEMATICAS,Diurna,Presencial,TUNJA,C.C.,1999-05-30,F,2,PERDIO CUPO A130/98 ART.80 LIT. E,BELÉN,BELÉN,LIT. E,25
PRIMER SEMESTRE DE 2023,CIENCIAS DE LA EDUCACION,LICENCIATURA EN MATEMATICAS,Diurna,Presencial,TUNJA,C.C.,2004-02-24,F,1,PERDIO CUPO A130/98 ART. 80 LIT. C,TUNJA,TUNJA,LIT. C,20
PRIMER SEMESTRE DE 2023,CIENCIAS DE LA EDUCACION,LICENCIATURA  EN CIENCIAS NATURALES Y EDUCACION AMBIENTAL,Diurna,Presencial,TUNJA,C.C.,1997-09-23,M,3,PERDIO CUPO A130/98 ART.80 LIT. E,SOGAMOSO,TUNJA,LIT. E,27
PRIMER SEMESTRE DE 2023,CIENCIAS DE LA EDUCACION,LICENCIATURA  EN CIENCIAS NATURALES Y EDUCACION AMBIENTAL,Diurna,Presencial,TUNJA,C.C.,2001-11-18,F,2,PERDIO CUPO A130/98 ART. 80 LIT. C,VENTAQUEMADA,VENTAQUEMADA,LIT. C,23
PRIMER SEMESTRE DE 2023,CIENCIAS DE LA EDUCACION,LICENCIATURA  EN CIENCIAS NATURALES Y EDUCACION AMBIENTAL,Diurna,Presencial,TUNJA,C.C.,2003-06-05,M,2,PERDIO CUPO A130/98 ART. 80 LIT. C,BOGOTÁ D.C.,BOGOTÁ D.C.,LIT. C,21
PRIMER SEMESTRE DE 2023,CIENCIAS DE LA EDUCACION,LICENCIATURA  EN CIENCIAS NATURALES Y EDUCACION AMBIENTAL,Diurna,Presencial,TUNJA,C.C.,1996-04-01,F,2,PERDIO CUPO A130/98 ART.80 LIT. E,TURMEQUÉ,TURMEQUÉ,LIT. E,28
PRIMER SEMESTRE DE 2023,CIENCIAS DE LA EDUCACION,LICENCIATURA  EN CIENCIAS NATURALES Y EDUCACION AMBIENTAL,Diurna,Presencial,TUNJA,C.C.,1998-02-23,F,2,PERDIO CUPO A130/98 ART. 80 LIT. C,TUNJA,TUNJA,LIT. C,26
PRIMER SEMESTRE DE 2023,CIENCIAS DE LA EDUCACION,LICENCIATURA  EN CIENCIAS NATURALES Y EDUCACION AMBIENTAL,Diurna,Presencial,TUNJA,C.C.,1999-02-09,M,1,PERDIO CUPO A130/98 ART. 80 LIT. B,SOGAMOSO,SOGAMOSO,LIT. B,25
PRIMER SEMESTRE DE 2023,CIENCIAS DE LA EDUCACION,LICENCIATURA EN MATEMATICAS,Nocturna,Presencial,TUNJA,C.C.,1992-05-01,M,3,PERDIO CUPO A130/98 ART. 80 LIT. D,MONIQUIRÁ,MONIQUIRÁ,LIT. D,32
PRIMER SEMESTRE DE 2023,CIENCIAS DE LA EDUCACION,LICENCIATURA EN EDUCACION FISICA RECREACION Y DEPORTE,Diurna,Presencial,TUNJA,C.C.,2002-09-13,M,2,PERDIO CUPO A130/98 ART. 80 LIT. B,TUNJA,TUNJA,LIT. B,22
PRIMER SEMESTRE DE 2023,CIENCIAS DE LA EDUCACION,LICENCIATURA EN EDUCACION FISICA RECREACION Y DEPORTE,Diurna,Presencial,TUNJA,C.C.,1997-09-11,M,1,PERDIO CUPO A130/98 ART.80 LIT. E,PAIPA,DUITAMA,LIT. E,27
PRIMER SEMESTRE DE 2023,CIENCIAS DE LA EDUCACION,LICENCIATURA EN EDUCACION FISICA RECREACION Y DEPORTE,Diurna,Presencial,TUNJA,C.C.,1998-02-09,M,2,PERDIO CUPO A130/98 ART. 80 LIT. C,DUITAMA,SOGAMOSO,LIT. C,26
PRIMER SEMESTRE DE 2023,CIENCIAS DE LA EDUCACION,LICENCIATURA EN EDUCACION FISICA RECREACION Y DEPORTE,Diurna,Presencial,TUNJA,C.C.,1997-11-06,M,1,PERDIO CUPO A130/98 ART. 80 LIT. D,SAN GIL,SAN GIL,LIT. D,27
PRIMER SEMESTRE DE 2023,CIENCIAS DE LA EDUCACION,LICENCIATURA EN EDUCACION FISICA RECREACION Y DEPORTE,Diurna,Presencial,TUNJA,C.C.,1998-10-02,M,2,PERDIO CUPO A130/98 ART.80 LIT. E,DUITAMA,PAIPA,LIT. E,26
PRIMER SEMESTRE DE 2023,CIENCIAS DE LA EDUCACION,LIC. EN PSICOPEDAGOGIA ENFASIS ASESORIA EDUCATIVA,Diurna,Presencial,TUNJA,C.C.,2003-08-09,F,1,PERDIO CUPO A130/98 ART. 80 LIT. D,TUNJA,TUNJA,LIT. D,21
PRIMER SEMESTRE DE 2023,CIENCIAS DE LA EDUCACION,LIC. EN PSICOPEDAGOGIA ENFASIS ASESORIA EDUCATIVA,Diurna,Presencial,TUNJA,C.C.,2001-05-05,M,2,PERDIO CUPO A130/98 ART.80 LIT. E,TUNJA,TUNJA,LIT. E,23
PRIMER SEMESTRE DE 2023,CIENCIAS DE LA EDUCACION,LIC. EN PSICOPEDAGOGIA ENFASIS ASESORIA EDUCATIVA,Diurna,Presencial,TUNJA,C.C.,1994-09-05,F,SIN INFORMACIÓN,PERDIO CUPO A130/98 ART. 80 LIT. D,CÓMBITA,CÓMBITA,LIT. D,30
PRIMER SEMESTRE DE 2023,CIENCIAS DE LA EDUCACION,LICENCIATURA EN MUSICA,Diurna,Presencial,TUNJA,T.I.,2003-07-07,M,2,PERDIO CUPO A130/98 ART. 80 LIT. B,SOATÁ,GÜICÁN,LIT. B,21
PRIMER SEMESTRE DE 2023,CIENCIAS DE LA EDUCACION,LICENCIATURA EN ARTES PLASTICAS,Diurna,Presencial,TUNJA,C.C.,1993-01-16,M,SIN INFORMACIÓN,PERDIO CUPO A130/98 ART.80 LIT. E,DUITAMA,SOGAMOSO,LIT. E,31
PRIMER SEMESTRE DE 2023,CIENCIAS DE LA EDUCACION,LICENCIATURA EN FILOSOFIA,Extendida,Presencial,TUNJA,C.C.,2003-05-18,M,2,PERDIO CUPO A130/98 ART. 80 LIT. B,SOGAMOSO,DUITAMA,LIT. B,21
PRIMER SEMESTRE DE 2023,CIENCIAS DE LA EDUCACION,LICENCIATURA EN LENGUAS EXTRANJERAS CON ENFASIS EN INGLES Y EN FRANCES,Extendida,Presencial,TUNJA,C.C.,2000-08-05,M,3,PERDIO CUPO A130/98 ART. 80 LIT. D,TUNJA,TUNJA,LIT. D,24
PRIMER SEMESTRE DE 2023,CIENCIAS DE LA EDUCACION,LICENCIATURA EN LENGUAS EXTRANJERAS CON ENFASIS EN INGLES Y EN FRANCES,Extendida,Presencial,TUNJA,C.C.,1999-11-29,M,3,PERDIO CUPO A130/98 ART. 80 LIT. D,TUNJA,TUNJA,LIT. D,25
PRIMER SEMESTRE DE 2023,CIENCIAS DE LA EDUCACION,LICENCIATURA EN LENGUAS EXTRANJERAS CON ENFASIS EN INGLES Y EN FRANCES,Extendida,Presencial,TUNJA,C.C.,1999-12-22,M,2,PERDIO CUPO A130/98 ART. 80 LIT. B,MONIQUIRÁ,ARCABUCO,LIT. B,25
PRIMER SEMESTRE DE 2023,CIENCIAS DE LA EDUCACION,LICENCIATURA EN EDUCACIÓN INFANTIL,Extendida,Presencial,TUNJA,C.C.,2003-01-17,F,2,PERDIO CUPO A130/98 ART. 80 LIT. B,PANQUEBA,YOPAL,LIT. B,21
PRIMER SEMESTRE DE 2023,CIENCIAS DE LA EDUCACION,LICENCIATURA EN EDUCACIÓN INFANTIL,Extendida,Presencial,TUNJA,C.C.,1996-08-28,F,2,PERDIO CUPO A130/98 ART. 80 LIT. C,PAIPA,PAIPA,LIT. C,28
PRIMER SEMESTRE DE 2023,CIENCIAS DE LA EDUCACION,LICENCIATURA EN EDUCACIÓN INFANTIL,Extendida,Presencial,TUNJA,C.C.,2001-02-12,F,2,PERDIO CUPO A130/98 ART. 80 LIT. B,TUNJA,TUNJA,LIT. B,23
PRIMER SEMESTRE DE 2023,CIENCIAS DE LA EDUCACION,"LICENCIATURA EN LENGUAS MODERNAS, CON ENFASIS EN INGLES",Extendida,Presencial,TUNJA,T.I.,2004-08-24,F,2,PERDIO CUPO A130/98 ART. 80 LIT. B,DUITAMA,TAME,LIT. B,20
PRIMER SEMESTRE DE 2023,CIENCIAS DE LA EDUCACION,"LICENCIATURA EN LENGUAS MODERNAS, CON ENFASIS EN INGLES",Extendida,Presencial,TUNJA,C.C.,2002-09-28,F,2,PERDIO CUPO A130/98 ART. 80 LIT. C,BOGOTA D.E,TUNJA,LIT. C,22
PRIMER SEMESTRE DE 2023,CIENCIAS DE LA EDUCACION,LICENCIATURA EN LITERATURA Y LENGUA CASTELLANA,Extendida,Presencial,TUNJA,C.C.,1994-02-19,M,2,PERDIO CUPO A130/98 ART. 80 LIT. B,TUNJA,TUNJA,LIT. B,30
PRIMER SEMESTRE DE 2023,CIENCIAS DE LA EDUCACION,LICENCIATURA EN LITERATURA Y LENGUA CASTELLANA,Extendida,Presencial,TUNJA,C.C.,2000-12-08,M,2,PERDIO CUPO A130/98 ART. 80 LIT. D,DUITAMA,NOBSA,LIT. D,24
PRIMER SEMESTRE DE 2023,CIENCIAS DE LA EDUCACION,LICENCIATURA EN INFORMÁTICA,Diurna,Presencial,TUNJA,C.C.,2001-07-25,M,2,PERDIO CUPO A130/98 ART. 80 LIT. B,BOGOTA D.E,DUITAMA,LIT. B,23
PRIMER SEMESTRE DE 2023,CIENCIAS DE LA EDUCACION,LICENCIATURA EN INFORMÁTICA,Diurna,Presencial,TUNJA,T.I.,2004-08-04,M,2,PERDIO CUPO A130/98 ART. 80 LIT. B,NUEVO COLÓN,TUNJA,LIT. B,20
PRIMER SEMESTRE DE 2023,CIENCIAS DE LA EDUCACION,ARTES PLÁSTICAS Y VISUALES,Extendida,Presencial,TUNJA,C.C.,2001-05-14,M,2,PERDIO CUPO A130/98 ART. 80 LIT. B,TUNJA,TUNJA,LIT. B,23
PRIMER SEMESTRE DE 2023,CIENCIAS DE LA EDUCACION,ARTES PLÁSTICAS Y VISUALES,Extendida,Presencial,TUNJA,C.C.,1999-07-09,M,3,PERDIO CUPO A130/98 ART. 80 LIT. D,BOGOTA D.E,TUNJA,LIT. D,25
PRIMER SEMESTRE DE 2023,CIENCIAS DE LA EDUCACION,ARTES PLÁSTICAS Y VISUALES,Extendida,Presencial,TUNJA,C.C.,2003-01-09,F,2,PERDIO CUPO A130/98 ART. 80 LIT. C,TOCA,YOPAL,LIT. C,21
PRIMER SEMESTRE DE 2023,CIENCIAS DE LA EDUCACION,ARTES PLÁSTICAS Y VISUALES,Extendida,Presencial,TUNJA,T.I.,2004-06-15,M,2,PERDIO CUPO A130/98 ART. 80 LIT. C,TUNJA,TUNJA,LIT. C,20
PRIMER SEMESTRE DE 2023,CIENCIAS DE LA EDUCACION,"ESPECIALIZACION EN NECESIDADES  DE APRENDIZAJE EN LECTURA, ESCRITURA Y MATEMATICAS",Otra,Presencial,TUNJA,C.C.,1986-12-20,F,SIN INFORMACIÓN,PERDIO CUPO A 052/2012  ART 15 LIT.A.,TUNJA,TUNJA,LIT. A,38
PRIMER SEMESTRE DE 2023,CIENCIAS DE LA EDUCACION,MAESTRÍA EN PEDAGOGÍA DE LA CULTURA FÍSICA,Otra,Presencial,TUNJA,C.C.,1990-03-03,M,SIN INFORMACIÓN,PERDIO CUPO A 052/2012  ART 15 LIT.B.,TUNJA,TUNJA,LIT. B,34
PRIMER SEMESTRE DE 2023,CIENCIAS DE LA EDUCACION,MAESTRIA EN LITERATURA,Otra,Presencial,TUNJA,C.C.,1990-09-08,F,SIN INFORMACIÓN,PERDIO CUPO A 052/2012  ART 15 LIT.A.,SOGAMOSO,SOGAMOSO,LIT. A,34
PRIMER SEMESTRE DE 2023,CIENCIAS DE LA EDUCACION,MAESTRIA EN LITERATURA,Otra,Presencial,TUNJA,C.C.,1998-03-09,F,SIN INFORMACIÓN,PERDIO CUPO A 052/2012  ART 15 LIT.A.,VILLAVICENCIO,VILLAVICENCIO,LIT. A,26
PRIMER SEMESTRE DE 2023,CIENCIAS DE LA EDUCACION,LICENCIATURA EN EDUCACION BASICA PRIMARIA,Extendida,Distancia,TUNJA,C.C.,1998-01-07,M,1,PERDIO CUPO A130/98 ART. 80 LIT. D,DUITAMA,SOGAMOSO,LIT. D,26
PRIMER SEMESTRE DE 2023,CIENCIAS DE LA EDUCACION,LICENCIATURA EN EDUCACION BASICA PRIMARIA,Extendida,Distancia,TUNJA,C.C.,1997-02-09,F,1,PERDIO CUPO A130/98 ART. 80 LIT. D,SOATÁ,SOATÁ,LIT. D,27
PRIMER SEMESTRE DE 2023,CIENCIAS DE LA EDUCACION,LICENCIATURA EN EDUCACION BASICA PRIMARIA,Extendida,Distancia,TUNJA,T.I.,2005-01-07,F,1,PERDIO CUPO A130/98 ART. 80 LIT. C,TÁMARA,ZIPAQUIRÁ,LIT. C,19
PRIMER SEMESTRE DE 2023,CIENCIAS DE LA EDUCACION,LICENCIATURA EN EDUCACION BASICA PRIMARIA,Extendida,Distancia,TUNJA,C.C.,2002-05-20,F,2,PERDIO CUPO A130/98 ART.80 LIT. E,TUNJA,TUNJA,LIT. E,22
PRIMER SEMESTRE DE 2023,CIENCIAS DE LA EDUCACION,LICENCIATURA EN EDUCACION BASICA PRIMARIA,Extendida,Distancia,TUNJA,C.C.,1996-08-04,F,1,PERDIO CUPO A130/98 ART. 80 LIT. D,TUNJA,TUNJA,LIT. D,28
PRIMER SEMESTRE DE 2023,CIENCIAS DE LA EDUCACION,LICENCIATURA EN EDUCACION BASICA PRIMARIA,Extendida,Distancia,TUNJA,C.C.,1997-08-05,F,2,PERDIO CUPO A130/98 ART. 80 LIT. B,TUNJA,TUNJA,LIT. B,27
PRIMER SEMESTRE DE 2023,CIENCIAS DE LA EDUCACION,LICENCIATURA EN EDUCACION BASICA PRIMARIA,Extendida,Distancia,TUNJA,C.C.,2003-03-08,F,1,PERDIO CUPO A130/98 ART. 80 LIT. C,GAMBITA,GAMBITA,LIT. C,21
PRIMER SEMESTRE DE 2023,CIENCIAS DE LA EDUCACION,LICENCIATURA EN EDUCACION BASICA PRIMARIA,Extendida,Distancia,TUNJA,C.C.,1998-04-13,F,1,PERDIO CUPO A130/98 ART.80 LIT. E,TUNJA,VILLA DE LEYVA,LIT. E,26
PRIMER SEMESTRE DE 2023,CIENCIAS DE LA EDUCACION,LICENCIATURA EN EDUCACION BASICA PRIMARIA,Extendida,Distancia,SOGAMOSO,C.C.,1996-12-13,M,2,PERDIO CUPO A130/98 ART. 80 LIT. B,DUITAMA,SUBA (BOGOTA D.E.),LIT. B,28
PRIMER SEMESTRE DE 2023,CIENCIAS DE LA EDUCACION,LICENCIATURA EN EDUCACION BASICA PRIMARIA,Extendida,Distancia,SOGAMOSO,C.C.,1993-04-30,M,2,PERDIO CUPO A130/98 ART.80 LIT. E,PAYA,PAYA,LIT. E,31
PRIMER SEMESTRE DE 2023,CIENCIAS DE LA EDUCACION,LICENCIATURA EN EDUCACION BASICA PRIMARIA,Extendida,Distancia,SOGAMOSO,C.C.,1997-09-20,F,2,PERDIO CUPO A130/98 ART. 80 LIT. D,MONGUÍ,SOGAMOSO,LIT. D,27
PRIMER SEMESTRE DE 2023,CIENCIAS DE LA EDUCACION,LICENCIATURA EN EDUCACION BASICA PRIMARIA,Extendida,Distancia,SOGAMOSO,C.C.,1997-01-02,F,2,PERDIO CUPO A130/98 ART.80 LIT. E,SOGAMOSO,MONGUÍ,LIT. E,27
PRIMER SEMESTRE DE 2023,CIENCIAS DE LA EDUCACION,LICENCIATURA EN EDUCACION BASICA PRIMARIA,Extendida,Distancia,SOGAMOSO,C.C.,2000-02-12,F,2,PERDIO CUPO A130/98 ART.80 LIT. E,SOGAMOSO,SOGAMOSO,LIT. E,24
PRIMER SEMESTRE DE 2023,CIENCIAS DE LA EDUCACION,LICENCIATURA EN EDUCACION BASICA PRIMARIA,Extendida,Distancia,SOGAMOSO,T.I.,2002-06-04,F,2,PERDIO CUPO A130/98 ART. 80 LIT. D,AQUITANIA,AQUITANIA,LIT. D,22
PRIMER SEMESTRE DE 2023,CIENCIAS DE LA EDUCACION,LICENCIATURA EN EDUCACION BASICA PRIMARIA,Extendida,Distancia,DUITAMA,C.C.,2001-07-09,F,2,PERDIO CUPO A130/98 ART. 80 LIT. D,DUITAMA,SAN MATEO,LIT. D,23
PRIMER SEMESTRE DE 2023,CIENCIAS DE LA SALUD,PSICOLOGIA,Diurna,Presencial,TUNJA,C.C.,1999-01-26,M,3,PERDIO CUPO A130/98 ART.80 LIT. E,TUNJA,TUNJA,LIT. E,25
PRIMER SEMESTRE DE 2023,CIENCIAS DE LA SALUD,PSICOLOGIA,Diurna,Presencial,TUNJA,C.C.,1999-02-24,F,2,PERDIO CUPO A130/98 ART. 80 LIT. B,BOGOTÁ D.C.,BOGOTÁ D.C.,LIT. B,25
PRIMER SEMESTRE DE 2023,CIENCIAS DE LA SALUD,MEDICINA,Diurna,Presencial,TUNJA,C.C.,1992-05-06,M,2,PERDIO CUPO A130/98 ART. 80 LIT. D,SOGAMOSO,TIBASOSA,LIT. D,32
PRIMER SEMESTRE DE 2023,CIENCIAS DE LA SALUD,ESPECIALIZACION EN MEDICINA FAMILIAR,Extendida,Presencial,TUNJA,C.C.,1993-08-31,F,SIN INFORMACIÓN,PERDIO CUPO A 052/2012  ART 15 LIT.A.,TUNJA,TUNJA,LIT. A,31
PRIMER SEMESTRE DE 2023,CIENCIAS ECONOMICAS Y ADMINISTRATIVAS,ECONOMIA,Diurna,Presencial,TUNJA,C.C.,2003-12-31,M,2,PERDIO CUPO A130/98 ART. 80 LIT. B,PAUNA,TUNJA,LIT. B,21
PRIMER SEMESTRE DE 2023,CIENCIAS ECONOMICAS Y ADMINISTRATIVAS,ECONOMIA,Diurna,Presencial,TUNJA,T.I.,2004-11-27,F,2,PERDIO CUPO A130/98 ART.80 LIT. E,SAMACÁ,SAMACÁ,LIT. E,20
PRIMER SEMESTRE DE 2023,CIENCIAS ECONOMICAS Y ADMINISTRATIVAS,ECONOMIA,Diurna,Presencial,TUNJA,C.C.,2001-10-22,M,2,PERDIO CUPO A130/98 ART. 80 LIT. B,TUNJA,SORACÁ,LIT. B,23
PRIMER SEMESTRE DE 2023,CIENCIAS ECONOMICAS Y ADMINISTRATIVAS,ECONOMIA,Diurna,Presencial,TUNJA,T.I.,2004-09-07,M,1,PERDIO CUPO A130/98 ART. 80 LIT. B,YOPAL,PAZ DE ARIPORO,LIT. B,20
PRIMER SEMESTRE DE 2023,CIENCIAS ECONOMICAS Y ADMINISTRATIVAS,ECONOMIA,Nocturna,Presencial,TUNJA,C.C.,1998-10-19,M,3,PERDIO CUPO A130/98 ART. 80 LIT. B,LETICIA,DUITAMA,LIT. B,26
PRIMER SEMESTRE DE 2023,CIENCIAS ECONOMICAS Y ADMINISTRATIVAS,ECONOMIA,Nocturna,Presencial,TUNJA,C.C.,1999-07-14,M,2,PERDIO CUPO A130/98 ART.80 LIT. E,BOGOTÁ D.C.,BOGOTÁ D.C.,LIT. E,25
PRIMER SEMESTRE DE 2023,CIENCIAS ECONOMICAS Y ADMINISTRATIVAS,ECONOMIA,Nocturna,Presencial,TUNJA,C.C.,2001-12-10,M,1,PERDIO CUPO A130/98 ART. 80 LIT. D,CÓMBITA,CÓMBITA,LIT. D,23
PRIMER SEMESTRE DE 2023,CIENCIAS ECONOMICAS Y ADMINISTRATIVAS,ECONOMIA,Nocturna,Presencial,TUNJA,C.C.,2001-02-25,F,2,PERDIO CUPO A130/98 ART.80 LIT. E,SOGAMOSO,PESCA,LIT. E,23
PRIMER SEMESTRE DE 2023,CIENCIAS ECONOMICAS Y ADMINISTRATIVAS,ADMINISTRACION DE EMPRESAS,Diurna,Presencial,TUNJA,C.C.,1999-06-13,F,3,PERDIO CUPO A130/98 ART.80 LIT. E,SOGAMOSO,SOGAMOSO,LIT. E,25
PRIMER SEMESTRE DE 2023,CIENCIAS ECONOMICAS Y ADMINISTRATIVAS,ADMINISTRACION DE EMPRESAS,Diurna,Presencial,TUNJA,C.C.,2000-11-16,F,3,PERDIO CUPO A130/98 ART.80 LIT. E,TUNJA,TUNJA,LIT. E,24
PRIMER SEMESTRE DE 2023,CIENCIAS ECONOMICAS Y ADMINISTRATIVAS,ADMINISTRACION DE EMPRESAS,Nocturna,Presencial,TUNJA,C.C.,2000-10-26,M,2,PERDIO CUPO A130/98 ART. 80 LIT. B,BOGOTÁ D.C.,BOGOTÁ D.C.,LIT. B,24
PRIMER SEMESTRE DE 2023,CIENCIAS ECONOMICAS Y ADMINISTRATIVAS,ADMINISTRACION DE EMPRESAS,Nocturna,Presencial,TUNJA,C.C.,1995-04-04,M,2,PERDIO CUPO A130/98 ART.80 LIT. E,TUNJA,TUNJA,LIT. E,29
PRIMER SEMESTRE DE 2023,CIENCIAS ECONOMICAS Y ADMINISTRATIVAS,ADMINISTRACION DE EMPRESAS,Nocturna,Presencial,TUNJA,C.C.,1989-04-23,M,2,PERDIO CUPO A130/98 ART. 80 LIT. D,TUNJA,TUNJA,LIT. D,35
PRIMER SEMESTRE DE 2023,CIENCIAS ECONOMICAS Y ADMINISTRATIVAS,ADMINISTRACION DE EMPRESAS,Nocturna,Presencial,TUNJA,C.C.,2000-01-29,F,1,PERDIO CUPO A130/98 ART. 80 LIT. C,TUNJA,TUNJA,LIT. C,24
PRIMER SEMESTRE DE 2023,CIENCIAS ECONOMICAS Y ADMINISTRATIVAS,ADMINISTRACION DE EMPRESAS,Nocturna,Presencial,TUNJA,C.C.,1997-10-23,M,1,PERDIO CUPO A130/98 ART.80 LIT. E,CHÍQUIZA,MOTAVITA,LIT. E,27
PRIMER SEMESTRE DE 2023,CIENCIAS ECONOMICAS Y ADMINISTRATIVAS,CONTADURIA PUBLICA,Nocturna,Presencial,TUNJA,C.C.,1998-05-02,F,2,PERDIO CUPO A130/98 ART. 80 LIT. C,MOTAVITA,MOTAVITA,LIT. C,26
PRIMER SEMESTRE DE 2023,CIENCIAS ECONOMICAS Y ADMINISTRATIVAS,CONTADURIA PUBLICA,Nocturna,Presencial,TUNJA,C.C.,1999-05-31,F,2,PERDIO CUPO A130/98 ART.80 LIT. E,FACATATIVÁ,TUNJA,LIT. E,25
PRIMER SEMESTRE DE 2023,CIENCIAS ECONOMICAS Y ADMINISTRATIVAS,CONTADURIA PUBLICA,Nocturna,Presencial,TUNJA,C.C.,1997-11-06,M,2,PERDIO CUPO A130/98 ART.80 LIT. E,MIRAFLORES,BOGOTA D.E,LIT. E,27
PRIMER SEMESTRE DE 2023,CIENCIAS ECONOMICAS Y ADMINISTRATIVAS,MAESTRIA EN ECONOMIA,Otra,Presencial,TUNJA,C.C.,1998-10-12,F,SIN INFORMACIÓN,PERDIO CUPO A 052/2012  ART 15 LIT.A.,LENGUAZAQUE,LENGUAZAQUE,LIT. A,26
PRIMER SEMESTRE DE 2023,CIENCIAS ECONOMICAS Y ADMINISTRATIVAS,MAESTRIA EN ECONOMIA,Otra,Presencial,TUNJA,C.C.,1987-02-21,M,SIN INFORMACIÓN,PERDIO CUPO A 052/2012  ART 15 LIT.A.,DUITAMA,DUITAMA,LIT. A,37
PRIMER SEMESTRE DE 2023,CIENCIAS ECONOMICAS Y ADMINISTRATIVAS,MAESTRIA EN ECONOMIA,Otra,Presencial,TUNJA,C.C.,1992-05-23,M,SIN INFORMACIÓN,PERDIO CUPO A 052/2012  ART 15 LIT.A.,MONTERREY,TUNJA,LIT. A,32
PRIMER SEMESTRE DE 2023,CIENCIAS ECONOMICAS Y ADMINISTRATIVAS,MAESTRIA EN ECONOMIA,Otra,Presencial,TUNJA,C.C.,1983-10-08,F,SIN INFORMACIÓN,PERDIO CUPO A 052/2012  ART 15 LIT.A.,BELÉN,TUNJA,LIT. A,41
PRIMER SEMESTRE DE 2023,CIENCIAS ECONOMICAS Y ADMINISTRATIVAS,MAESTRÍA EN FINANZAS,Extendida,Presencial,TUNJA,C.C.,1991-01-03,M,SIN INFORMACIÓN,PERDIO CUPO A 052/2012  ART 15 LIT.A.,SOGAMOSO,TUNJA,LIT. A,33
PRIMER SEMESTRE DE 2023,DERECHO Y CIENCIAS  SOCIALES,DERECHO,Diurna,Presencial,TUNJA,C.C.,2003-09-13,M,2,PERDIO CUPO A130/98 ART. 80 LIT. B,TUNJA,TUNJA,LIT. B,21
PRIMER SEMESTRE DE 2023,DERECHO Y CIENCIAS  SOCIALES,DERECHO,Diurna,Presencial,TUNJA,T.I.,2003-01-02,F,3,PERDIO CUPO A130/98 ART. 80 LIT. D,TUNJA,YOPAL,LIT. D,21
PRIMER SEMESTRE DE 2023,DERECHO Y CIENCIAS  SOCIALES,DERECHO,Extendida,Presencial,AGUAZUL,C.C.,1997-12-01,F,2,PERDIO CUPO A130/98 ART. 80 LIT. D,SOGAMOSO,SOGAMOSO,LIT. D,27
PRIMER SEMESTRE DE 2023,DERECHO Y CIENCIAS  SOCIALES,DERECHO,Extendida,Presencial,AGUAZUL,C.C.,2000-01-13,M,2,PERDIO CUPO A130/98 ART. 80 LIT. C,TAME,YOPAL,LIT. C,24
PRIMER SEMESTRE DE 2023,DERECHO Y CIENCIAS  SOCIALES,DERECHO,Extendida,Presencial,AGUAZUL,C.C.,2000-08-17,F,2,PERDIO CUPO A130/98 ART. 80 LIT. D,SOGAMOSO,SOGAMOSO,LIT. D,24
PRIMER SEMESTRE DE 2023,ESTUDIOS A DISTANCIA,ESPECIALIZACION EN ALTA GERENCIA DE EMPRESAS,Otra,Virtual,TUNJA,C.C.,1996-01-13,F,SIN INFORMACIÓN,PERDIO CUPO A 052/2012  ART 15 LIT.A.,CAQUEZA,CAQUEZA,LIT. A,28
PRIMER SEMESTRE DE 2023,ESTUDIOS A DISTANCIA,ESPECIALIZACION EN ALTA GERENCIA DE EMPRESAS,Otra,Virtual,TUNJA,C.C.,1983-06-23,F,SIN INFORMACIÓN,PERDIO CUPO A 052/2012  ART 15 LIT.A.,BOGOTA D.E,BOGOTA D.E,LIT. A,41
PRIMER SEMESTRE DE 2023,ESTUDIOS A DISTANCIA,ESPECIALIZACION EN DIDACTICA DE LA MATEMATICA PARA LA EDUCACION BASICA,Otra,Virtual,TUNJA,C.C.,1988-10-19,F,SIN INFORMACIÓN,PERDIO CUPO A 052/2012  ART 15 LIT.A.,SESQUILÉ,SUESCA,LIT. A,36
PRIMER SEMESTRE DE 2023,ESTUDIOS A DISTANCIA,MAESTRIA EN DIDACTICA DE LA MATEMATICA,Extendida,Virtual,TUNJA,C.C.,1991-08-27,M,SIN INFORMACIÓN,PERDIO CUPO A 052/2012  ART 15 LIT.B.,SOGAMOSO,TUNJA,LIT. B,33
PRIMER SEMESTRE DE 2023,ESTUDIOS A DISTANCIA,MAESTRIA EN DIDACTICA DE LA MATEMATICA,Extendida,Virtual,TUNJA,C.C.,1987-08-10,F,SIN INFORMACIÓN,PERDIO CUPO A 052/2012  ART 15 LIT.B.,ZIPAQUIRÁ,UMBITA,LIT. B,37
PRIMER SEMESTRE DE 2023,ESTUDIOS A DISTANCIA,MAESTRIA EN DIDACTICA DE LA MATEMATICA,Extendida,Virtual,TUNJA,C.C.,1986-08-26,M,SIN INFORMACIÓN,PERDIO CUPO A 052/2012  ART 15 LIT.A.,TUNJA,TUNJA,LIT. A,38
PRIMER SEMESTRE DE 2023,ESTUDIOS A DISTANCIA,MAESTRIA EN DIDACTICA DE LA MATEMATICA,Extendida,Virtual,TUNJA,C.C.,1985-09-28,M,SIN INFORMACIÓN,PERDIO CUPO A 052/2012  ART 15 LIT.B.,TUNJA,TUNJA,LIT. B,39
PRIMER SEMESTRE DE 2023,ESTUDIOS A DISTANCIA,TECNOLOGIA EN OBRAS CIVILES,Otra,Distancia,TUNJA,C.C.,2000-05-27,M,2,PERDIO CUPO A130/98 ART.80 LIT. E,TUNJA,TUNJA,LIT. E,24
PRIMER SEMESTRE DE 2023,ESTUDIOS A DISTANCIA,TECNOLOGIA EN OBRAS CIVILES,Otra,Distancia,TUNJA,C.C.,2003-03-25,M,2,PERDIO CUPO A130/98 ART.80 LIT. E,TUNJA,TUNJA,LIT. E,21
PRIMER SEMESTRE DE 2023,ESTUDIOS A DISTANCIA,TECNOLOGIA EN OBRAS CIVILES,Otra,Distancia,TUNJA,C.C.,1998-10-16,M,2,PERDIO CUPO A130/98 ART. 80 LIT. C,DUITAMA,DUITAMA,LIT. C,26
PRIMER SEMESTRE DE 2023,ESTUDIOS A DISTANCIA,TECNOLOGIA EN OBRAS CIVILES,Otra,Distancia,TUNJA,C.C.,1995-07-24,M,2,PERDIO CUPO A130/98 ART. 80 LIT. C,CÓMBITA,CÓMBITA,LIT. C,29
PRIMER SEMESTRE DE 2023,ESTUDIOS A DISTANCIA,TECNOLOGIA EN OBRAS CIVILES,Otra,Distancia,TUNJA,C.C.,2003-12-06,M,3,PERDIO CUPO A130/98 ART.80 LIT. E,TUNJA,VILLA DE LEIVA,LIT. E,21
PRIMER SEMESTRE DE 2023,ESTUDIOS A DISTANCIA,TECNOLOGIA EN OBRAS CIVILES,Otra,Distancia,TUNJA,C.C.,1995-07-20,M,1,PERDIO CUPO A130/98 ART.80 LIT. E,TUNJA,BOGOTÁ D.C.,LIT. E,29
PRIMER SEMESTRE DE 2023,ESTUDIOS A DISTANCIA,TECNOLOGIA EN OBRAS CIVILES,Otra,Distancia,TUNJA,C.C.,2000-11-19,M,2,PERDIO CUPO A130/98 ART. 80 LIT. D,SOGAMOSO,SOGAMOSO,LIT. D,24
PRIMER SEMESTRE DE 2023,ESTUDIOS A DISTANCIA,TECNOLOGIA EN OBRAS CIVILES,Otra,Distancia,TUNJA,C.C.,1998-12-20,M,2,PERDIO CUPO A130/98 ART. 80 LIT. B,PAZ DE RÍO,PAZ DE RÍO,LIT. B,26
PRIMER SEMESTRE DE 2023,ESTUDIOS A DISTANCIA,TECNOLOGIA EN OBRAS CIVILES,Otra,Distancia,TUNJA,C.C.,1994-01-31,F,1,PERDIO CUPO A130/98 ART.80 LIT. E,MIRAFLORES,MIRAFLORES,LIT. E,30
PRIMER SEMESTRE DE 2023,ESTUDIOS A DISTANCIA,TECNOLOGIA EN OBRAS CIVILES,Otra,Distancia,TUNJA,C.C.,2001-11-23,M,2,PERDIO CUPO A130/98 ART.80 LIT. E,TUNJA,TUNJA,LIT. E,23
PRIMER SEMESTRE DE 2023,ESTUDIOS A DISTANCIA,TECNOLOGIA EN OBRAS CIVILES,Otra,Distancia,TUNJA,C.C.,1991-03-11,M,1,PERDIO CUPO A130/98 ART. 80 LIT. C,TUNJA,TUNJA,LIT. C,33
PRIMER SEMESTRE DE 2023,ESTUDIOS A DISTANCIA,TECNOLOGIA EN OBRAS CIVILES,Otra,Distancia,TUNJA,C.C.,1994-03-11,M,2,PERDIO CUPO A130/98 ART. 80 LIT. C,TUNJA,TUNJA,LIT. C,30
PRIMER SEMESTRE DE 2023,ESTUDIOS A DISTANCIA,TECNOLOGIA EN OBRAS CIVILES,Otra,Distancia,TUNJA,C.C.,1998-03-07,M,2,PERDIO CUPO A130/98 ART. 80 LIT. C,TUNJA,TUNJA,LIT. C,26
PRIMER SEMESTRE DE 2023,ESTUDIOS A DISTANCIA,TECNOLOGIA EN OBRAS CIVILES,Otra,Distancia,TUNJA,C.C.,1994-10-22,M,2,PERDIO CUPO A130/98 ART. 80 LIT. B,TUNJA,TUNJA,LIT. B,30
PRIMER SEMESTRE DE 2023,ESTUDIOS A DISTANCIA,TECNOLOGIA EN OBRAS CIVILES,Otra,Distancia,TUNJA,T.I.,2005-02-26,M,1,PERDIO CUPO A130/98 ART. 80 LIT. B,TUNJA,TUNJA,LIT. B,19
PRIMER SEMESTRE DE 2023,ESTUDIOS A DISTANCIA,TECNOLOGIA EN OBRAS CIVILES,Otra,Distancia,TUNJA,C.C.,2003-03-24,M,1,PERDIO CUPO A130/98 ART.80 LIT. E,MOTAVITA,MOTAVITA,LIT. E,21
PRIMER SEMESTRE DE 2023,ESTUDIOS A DISTANCIA,TECNOLOGIA EN OBRAS CIVILES,Otra,Distancia,TUNJA,C.C.,2001-04-27,F,2,PERDIO CUPO A130/98 ART. 80 LIT. C,GARAGOA,GUATEQUE,LIT. C,23
PRIMER SEMESTRE DE 2023,ESTUDIOS A DISTANCIA,TECNOLOGIA EN OBRAS CIVILES,Otra,Distancia,TUNJA,C.C.,1993-02-05,M,3,PERDIO CUPO A130/98 ART. 80 LIT. C,CHIQUINQUIRÁ,TUNJA,LIT. C,31
PRIMER SEMESTRE DE 2023,ESTUDIOS A DISTANCIA,TECNOLOGIA EN OBRAS CIVILES,Otra,Distancia,TUNJA,C.C.,2002-09-06,F,1,PERDIO CUPO A130/98 ART. 80 LIT. D,PAZ DE ARIPORO,PAZ DE ARIPORO,LIT. D,22
PRIMER SEMESTRE DE 2023,ESTUDIOS A DISTANCIA,TECNOLOGIA EN OBRAS CIVILES,Otra,Distancia,SOGAMOSO,C.C.,1997-05-13,M,2,PERDIO CUPO A130/98 ART. 80 LIT. D,SOGAMOSO,SOGAMOSO,LIT. D,27
PRIMER SEMESTRE DE 2023,ESTUDIOS A DISTANCIA,TECNOLOGIA EN OBRAS CIVILES,Otra,Distancia,SOGAMOSO,C.C.,1993-04-05,M,2,PERDIO CUPO A130/98 ART. 80 LIT. C,SOGAMOSO,SOGAMOSO,LIT. C,31
PRIMER SEMESTRE DE 2023,ESTUDIOS A DISTANCIA,TECNOLOGIA EN REGENCIA DE FARMACIA,Otra,Distancia,TUNJA,T.I.,2004-07-29,M,2,PERDIO CUPO A130/98 ART. 80 LIT. D,BOGOTA D.E,BOGOTA D.E,LIT. D,20
PRIMER SEMESTRE DE 2023,ESTUDIOS A DISTANCIA,TECNOLOGIA EN REGENCIA DE FARMACIA,Otra,Distancia,TUNJA,C.C.,2002-02-11,F,1,PERDIO CUPO A130/98 ART.80 LIT. E,TUNJA,MOTAVITA,LIT. E,22
PRIMER SEMESTRE DE 2023,ESTUDIOS A DISTANCIA,TECNOLOGIA EN REGENCIA DE FARMACIA,Otra,Distancia,CHIQUINQUIRA,C.C.,2001-05-18,M,2,PERDIO CUPO A130/98 ART.80 LIT. E,CHIQUINQUIRÁ,CHIQUINQUIRÁ,LIT. E,23
PRIMER SEMESTRE DE 2023,ESTUDIOS A DISTANCIA,TECNOLOGIA EN REGENCIA DE FARMACIA,Otra,Distancia,DUITAMA,C.C.,1995-07-28,F,1,PERDIO CUPO A130/98 ART.80 LIT. E,SOATÁ,SOATÁ,LIT. E,29
PRIMER SEMESTRE DE 2023,ESTUDIOS A DISTANCIA,TECNOLOGIA EN REGENCIA DE FARMACIA,Otra,Distancia,DUITAMA,C.C.,2001-10-25,F,2,PERDIO CUPO A130/98 ART. 80 LIT. C,PAIPA,PAIPA,LIT. C,23
PRIMER SEMESTRE DE 2023,ESTUDIOS A DISTANCIA,TECNOLOGIA EN REGENCIA DE FARMACIA,Otra,Distancia,DUITAMA,C.C.,2000-07-06,F,3,PERDIO CUPO A130/98 ART.80 LIT. E,DUITAMA,DUITAMA,LIT. E,24
PRIMER SEMESTRE DE 2023,ESTUDIOS A DISTANCIA,TECNOLOGIA EN REGENCIA DE FARMACIA,Otra,Distancia,SOGAMOSO,C.C.,1994-10-12,F,2,PERDIO CUPO A130/98 ART. 80 LIT. D,SOGAMOSO,SOGAMOSO,LIT. D,30
PRIMER SEMESTRE DE 2023,ESTUDIOS A DISTANCIA,TECNOLOGIA EN ELECTRICIDAD,Otra,Distancia,TUNJA,C.C.,1989-07-15,M,1,PERDIO CUPO A130/98 ART. 80 LIT. D,SOGAMOSO,SOGAMOSO,LIT. D,35
PRIMER SEMESTRE DE 2023,ESTUDIOS A DISTANCIA,TECNICA PROFESIONAL EN PROCESOS AGROINDUSTRIALES,Otra,Virtual,TUNJA,C.C.,1996-03-19,F,2,PERDIO CUPO A130/98 ART. 80 LIT. C,SOGAMOSO,PESCA,LIT. C,28
PRIMER SEMESTRE DE 2023,ESTUDIOS A DISTANCIA,TECNICA PROFESIONAL EN PROCESOS AGROINDUSTRIALES,Otra,Virtual,TUNJA,C.C.,1998-05-24,F,2,PERDIO CUPO A130/98 ART. 80 LIT. C,TENZA,LA CAPILLA,LIT. C,26
PRIMER SEMESTRE DE 2023,ESTUDIOS A DISTANCIA,TECNICA PROFESIONAL EN PROCESOS AGROINDUSTRIALES,Otra,Virtual,TUNJA,C.C.,1988-06-27,M,2,PERDIO CUPO A130/98 ART. 80 LIT. C,AGUAZUL,SOGAMOSO,LIT. C,36
PRIMER SEMESTRE DE 2023,ESTUDIOS A DISTANCIA,TECNICA PROFESIONAL EN PROCESOS ADMINISTRATIVOS DE SALUD,Otra,Virtual,RONDON,C.C.,2001-08-15,F,2,PERDIO CUPO A130/98 ART. 80 LIT. C,CIÉNAGA,CIÉNAGA,LIT. C,23
PRIMER SEMESTRE DE 2023,ESTUDIOS A DISTANCIA,TECNICA PROFESIONAL EN PROCESOS ADMINISTRATIVOS DE SALUD,Otra,Virtual,RONDON,C.C.,2003-03-18,M,1,PERDIO CUPO A130/98 ART. 80 LIT. C,TUNJA,PIVIJAY,LIT. C,21
PRIMER SEMESTRE DE 2023,ESTUDIOS A DISTANCIA,TECNOLOGIA DE  PROGRAMACION DE SISTEMAS INFORMATICOS,Otra,Distancia,TUNJA,C.C.,2001-11-07,M,1,PERDIO CUPO A130/98 ART.80 LIT. E,TUNJA,TUNJA,LIT. E,23
PRIMER SEMESTRE DE 2023,ESTUDIOS A DISTANCIA,TECNOLOGIA DE  PROGRAMACION DE SISTEMAS INFORMATICOS,Otra,Distancia,TUNJA,C.C.,2002-01-10,F,2,PERDIO CUPO A130/98 ART. 80 LIT. B,VILLA DE LEYVA,VILLA DE LEYVA,LIT. B,22
PRIMER SEMESTRE DE 2023,ESTUDIOS A DISTANCIA,TECNOLOGIA DE  PROGRAMACION DE SISTEMAS INFORMATICOS,Otra,Distancia,TUNJA,C.C.,1995-02-16,M,1,PERDIO CUPO A130/98 ART. 80 LIT. C,AQUITANIA,AQUITANIA,LIT. C,29
PRIMER SEMESTRE DE 2023,ESTUDIOS A DISTANCIA,TECNOLOGIA DE  PROGRAMACION DE SISTEMAS INFORMATICOS,Otra,Distancia,TUNJA,C.C.,2003-10-23,M,3,PERDIO CUPO A130/98 ART. 80 LIT. B,TUNJA,TUNJA,LIT. B,21
PRIMER SEMESTRE DE 2023,ESTUDIOS A DISTANCIA,TECNOLOGIA EN TELEMATICA,Otra,Distancia,TUNJA,C.C.,1987-12-27,M,2,PERDIO CUPO A130/98 ART. 80 LIT. D,YOPAL,YOPAL,LIT. D,37
PRIMER SEMESTRE DE 2023,ESTUDIOS A DISTANCIA,TECNICA PROFESIONAL EN PROCESOS ADMINISTRATIVOS DE SALUD,Otra,Virtual,TUNJA,C.C.,2001-10-15,M,2,PERDIO CUPO A130/98 ART. 80 LIT. B,YOPAL,YOPAL,LIT. B,23
PRIMER SEMESTRE DE 2023,ESTUDIOS A DISTANCIA,TECNICA PROFESIONAL EN PROCESOS ADMINISTRATIVOS DE SALUD,Otra,Virtual,TUNJA,C.C.,2002-06-08,F,2,PERDIO CUPO A130/98 ART. 80 LIT. C,MONIQUIRÁ,TUNJA,LIT. C,22
PRIMER SEMESTRE DE 2023,ESTUDIOS A DISTANCIA,TECNICA PROFESIONAL EN PROCESOS ADMINISTRATIVOS DE SALUD,Otra,Virtual,TUNJA,C.C.,1995-06-16,F,2,PERDIO CUPO A130/98 ART.80 LIT. E,BOGOTA D.E,BOGOTA D.E,LIT. E,29
PRIMER SEMESTRE DE 2023,ESTUDIOS A DISTANCIA,TECNICA PROFESIONAL EN PROCESOS ADMINISTRATIVOS DE SALUD,Otra,Virtual,TUNJA,C.C.,2002-10-13,F,2,PERDIO CUPO A130/98 ART. 80 LIT. C,TUNJA,CÓMBITA,LIT. C,22
PRIMER SEMESTRE DE 2023,ESTUDIOS A DISTANCIA,TECNICA PROFESIONAL EN PROCESOS ADMINISTRATIVOS DE SALUD,Otra,Virtual,TUNJA,C.C.,2001-06-06,F,2,PERDIO CUPO A130/98 ART. 80 LIT. C,CÚCUTA,ZIPAQUIRÁ,LIT. C,23
PRIMER SEMESTRE DE 2023,ESTUDIOS A DISTANCIA,TECNICA PROFESIONAL EN PROCESOS ADMINISTRATIVOS DE SALUD,Otra,Virtual,TUNJA,C.C.,1993-06-23,M,2,PERDIO CUPO A130/98 ART. 80 LIT. D,BOYACÁ,BOYACÁ,LIT. D,31
PRIMER SEMESTRE DE 2023,ESTUDIOS A DISTANCIA,TECNICA PROFESIONAL EN PROCESOS ADMINISTRATIVOS DE SALUD,Otra,Virtual,TUNJA,C.C.,2001-01-07,F,1,PERDIO CUPO A130/98 ART. 80 LIT. B,BUCARAMANGA,YOPAL,LIT. B,23
PRIMER SEMESTRE DE 2023,ESTUDIOS A DISTANCIA,TECNICA PROFESIONAL EN PROCESOS ADMINISTRATIVOS DE SALUD,Otra,Virtual,TUNJA,C.C.,1996-12-30,F,2,PERDIO CUPO A130/98 ART. 80 LIT. C,SAMACÁ,TUNJA,LIT. C,28
PRIMER SEMESTRE DE 2023,ESTUDIOS A DISTANCIA,TECNICA PROFESIONAL EN PROCESOS ADMINISTRATIVOS DE SALUD,Otra,Virtual,TUNJA,C.C.,2002-04-02,F,1,PERDIO CUPO A130/98 ART. 80 LIT. B,SOGAMOSO,YOPAL,LIT. B,22
PRIMER SEMESTRE DE 2023,ESTUDIOS A DISTANCIA,TECNICA PROFESIONAL EN PROCESOS ADMINISTRATIVOS DE SALUD,Otra,Virtual,TUNJA,C.C.,2000-05-16,M,2,PERDIO CUPO A130/98 ART. 80 LIT. C,URUMITA,URUMITA,LIT. C,24
PRIMER SEMESTRE DE 2023,ESTUDIOS A DISTANCIA,TECNICA PROFESIONAL EN PROCESOS ADMINISTRATIVOS DE SALUD,Otra,Virtual,TUNJA,C.C.,2002-12-20,M,1,PERDIO CUPO A130/98 ART. 80 LIT. C,TUNJA,TUNJA,LIT. C,22
PRIMER SEMESTRE DE 2023,ESTUDIOS A DISTANCIA,TECNOLOGIA EN GESTION ADMINISTRATIVA DE SERVICIOS DE SALUD,Otra,Virtual,TUNJA,C.C.,1995-08-24,M,1,PERDIO CUPO A130/98 ART.80 LIT. E,TRINIDAD,TRINIDAD,LIT. E,29
PRIMER SEMESTRE DE 2023,ESTUDIOS A DISTANCIA,TECNOLOGIA EN GESTION ADMINISTRATIVA DE SERVICIOS DE SALUD,Otra,Virtual,TUNJA,C.C.,1997-10-11,F,3,PERDIO CUPO A130/98 ART. 80 LIT. B,SAMACÁ,SAMACÁ,LIT. B,27
PRIMER SEMESTRE DE 2023,ESTUDIOS A DISTANCIA,TECNOLOGIA EN GESTION ADMINISTRATIVA DE SERVICIOS DE SALUD,Otra,Virtual,TUNJA,C.C.,1986-10-08,F,3,PERDIO CUPO A130/98 ART.80 LIT. E,CHIQUINQUIRÁ,CHIQUINQUIRÁ,LIT. E,38
PRIMER SEMESTRE DE 2023,ESTUDIOS A DISTANCIA,TECNOLOGIA EN GESTION ADMINISTRATIVA DE SERVICIOS DE SALUD,Otra,Virtual,TUNJA,C.C.,1988-04-30,F,3,PERDIO CUPO A130/98 ART.80 LIT. E,CHIQUINQUIRÁ,CHIQUINQUIRÁ,LIT. E,36
PRIMER SEMESTRE DE 2023,ESTUDIOS A DISTANCIA,ADMINISTRACION DE SERVICIOS DE SALUD,Otra,Virtual,TUNJA,C.C.,1996-01-09,F,1,PERDIO CUPO A130/98 ART. 80 LIT. D,SOGAMOSO,SOGAMOSO,LIT. D,28
PRIMER SEMESTRE DE 2023,ESTUDIOS A DISTANCIA,ADMINISTRACION DE SERVICIOS DE SALUD,Otra,Virtual,TUNJA,C.C.,1994-12-14,F,2,PERDIO CUPO A130/98 ART. 80 LIT. D,LANDÁZURI,JESÚS MARÍA,LIT. D,30
PRIMER SEMESTRE DE 2023,ESTUDIOS A DISTANCIA,TECNICA PROFESIONAL  EN PROCESOS COMERCIALES Y FINANCIEROS,Otra,Virtual,TUNJA,C.C.,1998-07-16,F,2,PERDIO CUPO A130/98 ART.80 LIT. E,BOGOTA D.E,BOGOTA D.E,LIT. E,26
PRIMER SEMESTRE DE 2023,ESTUDIOS A DISTANCIA,TECNICA PROFESIONAL  EN PROCESOS COMERCIALES Y FINANCIEROS,Otra,Virtual,TUNJA,C.C.,1986-06-03,M,3,PERDIO CUPO A130/98 ART.80 LIT. E,CHIQUINQUIRÁ,CHIQUINQUIRÁ,LIT. E,38
PRIMER SEMESTRE DE 2023,ESTUDIOS A DISTANCIA,TECNICA PROFESIONAL  EN PROCESOS COMERCIALES Y FINANCIEROS,Otra,Virtual,TUNJA,C.C.,1998-03-05,M,1,PERDIO CUPO A130/98 ART. 80 LIT. B,TUNJA,TUNJA,LIT. B,26
PRIMER SEMESTRE DE 2023,ESTUDIOS A DISTANCIA,TECNICA PROFESIONAL  EN PROCESOS COMERCIALES Y FINANCIEROS,Otra,Virtual,TUNJA,C.C.,1993-03-12,F,2,PERDIO CUPO A130/98 ART.80 LIT. E,TUNJA,TUNJA,LIT. E,31
PRIMER SEMESTRE DE 2023,ESTUDIOS A DISTANCIA,TECNICA PROFESIONAL  EN PROCESOS COMERCIALES Y FINANCIEROS,Otra,Virtual,TUNJA,C.C.,1987-10-21,F,2,PERDIO CUPO A130/98 ART.80 LIT. E,TUNJA,TUNJA,LIT. E,37
PRIMER SEMESTRE DE 2023,ESTUDIOS A DISTANCIA,TECNICA PROFESIONAL  EN PROCESOS COMERCIALES Y FINANCIEROS,Otra,Virtual,TUNJA,T.I.,2003-02-28,F,2,PERDIO CUPO A130/98 ART.80 LIT. E,TUNJA,AQUITANIA,LIT. E,21
PRIMER SEMESTRE DE 2023,ESTUDIOS A DISTANCIA,TECNICA PROFESIONAL  EN PROCESOS COMERCIALES Y FINANCIEROS,Otra,Virtual,TUNJA,C.C.,2000-04-11,F,2,PERDIO CUPO A130/98 ART. 80 LIT. B,BOGOTÁ D.C.,BOGOTÁ D.C.,LIT. B,24
PRIMER SEMESTRE DE 2023,ESTUDIOS A DISTANCIA,TECNICA PROFESIONAL  EN PROCESOS COMERCIALES Y FINANCIEROS,Otra,Virtual,TUNJA,C.C.,1999-03-05,F,1,PERDIO CUPO A130/98 ART. 80 LIT. C,AQUITANIA,AQUITANIA,LIT. C,25
PRIMER SEMESTRE DE 2023,ESTUDIOS A DISTANCIA,TECNICA PROFESIONAL  EN PROCESOS COMERCIALES Y FINANCIEROS,Otra,Virtual,TUNJA,C.C.,2003-02-07,F,1,PERDIO CUPO A130/98 ART. 80 LIT. B,PAUNA,FLORIÁN,LIT. B,21
PRIMER SEMESTRE DE 2023,ESTUDIOS A DISTANCIA,TECNICA PROFESIONAL  EN PROCESOS COMERCIALES Y FINANCIEROS,Otra,Virtual,TUNJA,T.I.,2003-07-26,M,2,PERDIO CUPO A130/98 ART. 80 LIT. C,PAUNA,PAUNA,LIT. C,21
PRIMER SEMESTRE DE 2023,ESTUDIOS A DISTANCIA,TECNICA PROFESIONAL  EN PROCESOS COMERCIALES Y FINANCIEROS,Otra,Virtual,TUNJA,C.C.,2000-11-17,F,3,PERDIO CUPO A130/98 ART. 80 LIT. B,LA CALERA,LA CALERA,LIT. B,24
PRIMER SEMESTRE DE 2023,ESTUDIOS A DISTANCIA,TECNICA PROFESIONAL  EN PROCESOS COMERCIALES Y FINANCIEROS,Otra,Virtual,TUNJA,C.C.,2002-12-06,F,1,PERDIO CUPO A130/98 ART. 80 LIT. B,TAURAMENA,TAURAMENA,LIT. B,22
PRIMER SEMESTRE DE 2023,ESTUDIOS A DISTANCIA,TECNICA PROFESIONAL  EN PROCESOS COMERCIALES Y FINANCIEROS,Otra,Virtual,TUNJA,C.C.,1998-07-15,M,1,PERDIO CUPO A130/98 ART. 80 LIT. C,VILLAPINZÓN,VILLAPINZÓN,LIT. C,26
PRIMER SEMESTRE DE 2023,ESTUDIOS A DISTANCIA,TECNOLOGIA EN GESTION COMERCIAL Y FINANCIERA,Otra,Virtual,TUNJA,C.C.,2002-10-26,F,2,PERDIO CUPO A130/98 ART.80 LIT. E,SABOYÁ,BOGOTA D.E,LIT. E,22
PRIMER SEMESTRE DE 2023,ESTUDIOS A DISTANCIA,TECNOLOGIA EN GESTION COMERCIAL Y FINANCIERA,Otra,Virtual,TUNJA,C.C.,1995-04-30,F,2,PERDIO CUPO A130/98 ART. 80 LIT. D,YOPAL,YOPAL,LIT. D,29
PRIMER SEMESTRE DE 2023,ESTUDIOS A DISTANCIA,ADMINISTRACION COMERCIAL Y FINANCIERA,Otra,Virtual,TUNJA,C.C.,1994-12-08,F,2,PERDIO CUPO A130/98 ART. 80 LIT. D,GARAGOA,BOGOTA D.E,LIT. D,30
PRIMER SEMESTRE DE 2023,ESTUDIOS A DISTANCIA,TECNICA PROFESIONAL EN PROCESOS ADMINISTRATIVOS DE SALUD,Otra,Virtual,SOGAMOSO,T.I.,2004-12-13,F,2,PERDIO CUPO A130/98 ART. 80 LIT. B,SOGAMOSO,MONGUA,LIT. B,20
PRIMER SEMESTRE DE 2023,ESTUDIOS A DISTANCIA,TECNICA PROFESIONAL EN PROCESOS ADMINISTRATIVOS DE SALUD,Otra,Virtual,DUITAMA,C.C.,1993-01-05,F,2,PERDIO CUPO A130/98 ART.80 LIT. E,PAZ DE ARIPORO,SOGAMOSO,LIT. E,31
PRIMER SEMESTRE DE 2023,ESTUDIOS A DISTANCIA,TECNICA PROFESIONAL EN PROCESOS ADMINISTRATIVOS DE SALUD,Otra,Virtual,DUITAMA,C.C.,1994-12-11,F,2,PERDIO CUPO A130/98 ART. 80 LIT. C,DUITAMA,SANTA FE DE BOGOTA D.C,LIT. C,30
PRIMER SEMESTRE DE 2023,ESTUDIOS A DISTANCIA,TECNICA PROFESIONAL EN PROCESOS ADMINISTRATIVOS DE SALUD,Otra,Virtual,CHIQUINQUIRA,C.C.,1998-06-12,F,2,PERDIO CUPO A130/98 ART. 80 LIT. D,CHIQUINQUIRÁ,CHIQUINQUIRÁ,LIT. D,26
PRIMER SEMESTRE DE 2023,ESTUDIOS A DISTANCIA,TECNICA PROFESIONAL EN PROCESOS ADMINISTRATIVOS DE SALUD,Otra,Virtual,CHIQUINQUIRA,C.C.,2001-06-07,F,2,PERDIO CUPO A130/98 ART. 80 LIT. B,SIMIJACA,SIMIJACA,LIT. B,23
PRIMER SEMESTRE DE 2023,ESTUDIOS A DISTANCIA,TECNICA PROFESIONAL EN PROCESOS ADMINISTRATIVOS DE SALUD,Otra,Virtual,SANTA FE DE BOGOTA,T.I.,2004-07-17,F,1,PERDIO CUPO A130/98 ART. 80 LIT. C,GARAGOA,GUATEQUE,LIT. C,20
PRIMER SEMESTRE DE 2023,ESTUDIOS A DISTANCIA,TECNICA PROFESIONAL EN PROCESOS ADMINISTRATIVOS DE SALUD,Otra,Virtual,SANTA FE DE BOGOTA,C.C.,1991-11-17,F,1,PERDIO CUPO A130/98 ART.80 LIT. E,LA VEGA,LA VEGA,LIT. E,33
PRIMER SEMESTRE DE 2023,ESTUDIOS A DISTANCIA,TECNICA PROFESIONAL EN PROCESOS ADMINISTRATIVOS DE SALUD,Otra,Virtual,GARAGOA,C.C.,1997-01-16,F,2,PERDIO CUPO A130/98 ART. 80 LIT. D,OTANCHE,MOTAVITA,LIT. D,27
PRIMER SEMESTRE DE 2023,ESTUDIOS A DISTANCIA,TECNICA PROFESIONAL EN PROCESOS ADMINISTRATIVOS DE SALUD,Otra,Virtual,GARAGOA,C.C.,2003-06-14,F,1,PERDIO CUPO A130/98 ART. 80 LIT. B,GARAGOA,PACHAVITA,LIT. B,21
PRIMER SEMESTRE DE 2023,ESTUDIOS A DISTANCIA,TECNICA PROFESIONAL EN PROCESOS ADMINISTRATIVOS DE SALUD,Otra,Virtual,RIONEGRO,C.C.,2001-09-17,F,1,PERDIO CUPO A130/98 ART. 80 LIT. C,CONCORDIA,CONCORDIA,LIT. C,23
PRIMER SEMESTRE DE 2023,ESTUDIOS A DISTANCIA,TECNICA PROFESIONAL EN PROCESOS ADMINISTRATIVOS DE SALUD,Otra,Virtual,RIONEGRO,C.C.,2001-08-23,F,2,PERDIO CUPO A130/98 ART. 80 LIT. C,SANTA MARTA,SANTA MARTA,LIT. C,23
PRIMER SEMESTRE DE 2023,ESTUDIOS A DISTANCIA,TECNICA PROFESIONAL EN PROCESOS ADMINISTRATIVOS DE SALUD,Otra,Virtual,YOPAL,C.C.,1993-10-07,F,2,PERDIO CUPO A130/98 ART.80 LIT. E,YOPAL,YOPAL,LIT. E,31
PRIMER SEMESTRE DE 2023,ESTUDIOS A DISTANCIA,TECNICA PROFESIONAL  EN PROCESOS COMERCIALES Y FINANCIEROS,Otra,Virtual,GARAGOA,T.I.,2003-07-11,F,1,PERDIO CUPO A130/98 ART. 80 LIT. C,BOGOTÁ D.C.,TENZA,LIT. C,21
PRIMER SEMESTRE DE 2023,ESTUDIOS A DISTANCIA,TECNICA PROFESIONAL  EN PROCESOS COMERCIALES Y FINANCIEROS,Otra,Virtual,DUITAMA,C.C.,1982-05-14,M,2,PERDIO CUPO A130/98 ART. 80 LIT. D,DUITAMA,DUITAMA,LIT. D,42
PRIMER SEMESTRE DE 2023,ESTUDIOS A DISTANCIA,TECNICA PROFESIONAL  EN PROCESOS COMERCIALES Y FINANCIEROS,Otra,Virtual,DUITAMA,C.C.,1993-05-15,M,2,PERDIO CUPO A130/98 ART. 80 LIT. B,DUITAMA,DUITAMA,LIT. B,31
PRIMER SEMESTRE DE 2023,ESTUDIOS A DISTANCIA,TECNICA PROFESIONAL  EN PROCESOS COMERCIALES Y FINANCIEROS,Otra,Virtual,DUITAMA,C.C.,2001-05-02,M,2,PERDIO CUPO A130/98 ART. 80 LIT. B,DUITAMA,DUITAMA,LIT. B,23
PRIMER SEMESTRE DE 2023,ESTUDIOS A DISTANCIA,TECNICA PROFESIONAL  EN PROCESOS COMERCIALES Y FINANCIEROS,Otra,Virtual,DUITAMA,C.C.,1995-12-09,F,2,PERDIO CUPO A130/98 ART. 80 LIT. B,DUITAMA,DUITAMA,LIT. B,29
PRIMER SEMESTRE DE 2023,ESTUDIOS A DISTANCIA,TECNICA PROFESIONAL  EN PROCESOS COMERCIALES Y FINANCIEROS,Otra,Virtual,DUITAMA,C.C.,2001-02-20,F,1,PERDIO CUPO A130/98 ART. 80 LIT. B,DUITAMA,DUITAMA,LIT. B,23
PRIMER SEMESTRE DE 2023,ESTUDIOS A DISTANCIA,TECNICA PROFESIONAL  EN PROCESOS COMERCIALES Y FINANCIEROS,Otra,Virtual,DUITAMA,C.C.,1995-03-09,F,2,PERDIO CUPO A130/98 ART. 80 LIT. C,TIBASOSA,TIBASOSA,LIT. C,29
PRIMER SEMESTRE DE 2023,ESTUDIOS A DISTANCIA,TECNICA PROFESIONAL  EN PROCESOS COMERCIALES Y FINANCIEROS,Otra,Virtual,DUITAMA,C.C.,1984-05-05,F,2,PERDIO CUPO A130/98 ART. 80 LIT. B,FIRAVITOBA,DUITAMA,LIT. B,40
PRIMER SEMESTRE DE 2023,ESTUDIOS A DISTANCIA,TECNICA PROFESIONAL  EN PROCESOS COMERCIALES Y FINANCIEROS,Otra,Virtual,DUITAMA,C.C.,1995-07-21,F,2,PERDIO CUPO A130/98 ART.80 LIT. E,DUITAMA,DUITAMA,LIT. E,29
PRIMER SEMESTRE DE 2023,ESTUDIOS A DISTANCIA,TECNICA PROFESIONAL  EN PROCESOS COMERCIALES Y FINANCIEROS,Otra,Virtual,CHIQUINQUIRA,C.C.,2001-04-04,F,2,PERDIO CUPO A130/98 ART. 80 LIT. C,BUCARAMANGA,BUCARAMANGA,LIT. C,23
PRIMER SEMESTRE DE 2023,ESTUDIOS A DISTANCIA,TECNICA PROFESIONAL  EN PROCESOS COMERCIALES Y FINANCIEROS,Otra,Virtual,CHIQUINQUIRA,C.C.,1997-10-18,F,2,PERDIO CUPO A130/98 ART. 80 LIT. D,CHIQUINQUIRÁ,CHIQUINQUIRÁ,LIT. D,27
PRIMER SEMESTRE DE 2023,ESTUDIOS A DISTANCIA,TECNICA PROFESIONAL  EN PROCESOS COMERCIALES Y FINANCIEROS,Otra,Virtual,CHIQUINQUIRA,C.C.,1995-06-16,M,3,PERDIO CUPO A130/98 ART. 80 LIT. C,BOGOTÁ D.C.,CHIQUINQUIRÁ,LIT. C,29
PRIMER SEMESTRE DE 2023,ESTUDIOS A DISTANCIA,TECNICA PROFESIONAL  EN PROCESOS COMERCIALES Y FINANCIEROS,Otra,Virtual,YOPAL,C.C.,2003-05-17,F,2,PERDIO CUPO A130/98 ART. 80 LIT. B,BOGOTÁ D.C.,YOPAL,LIT. B,21
PRIMER SEMESTRE DE 2023,ESTUDIOS A DISTANCIA,TECNICA PROFESIONAL  EN PROCESOS COMERCIALES Y FINANCIEROS,Otra,Virtual,YOPAL,C.C.,1996-05-16,F,3,PERDIO CUPO A130/98 ART.80 LIT. E,AGUAZUL,YOPAL,LIT. E,28
PRIMER SEMESTRE DE 2023,ESTUDIOS A DISTANCIA,TECNICA PROFESIONAL  EN PROCESOS COMERCIALES Y FINANCIEROS,Otra,Virtual,YOPAL,C.C.,2002-09-04,F,1,PERDIO CUPO A130/98 ART. 80 LIT. D,SOGAMOSO,SOGAMOSO,LIT. D,22
PRIMER SEMESTRE DE 2023,ESTUDIOS A DISTANCIA,TECNICA PROFESIONAL  EN PROCESOS COMERCIALES Y FINANCIEROS,Otra,Virtual,YOPAL,C.C.,2001-05-26,M,1,PERDIO CUPO A130/98 ART. 80 LIT. C,BOGOTA D.E,YOPAL,LIT. C,23
PRIMER SEMESTRE DE 2023,ESTUDIOS A DISTANCIA,TECNICA PROFESIONAL  EN PROCESOS COMERCIALES Y FINANCIEROS,Otra,Virtual,YOPAL,T.I.,2004-11-04,F,1,PERDIO CUPO A130/98 ART. 80 LIT. B,YOPAL,YOPAL,LIT. B,20
PRIMER SEMESTRE DE 2023,ESTUDIOS A DISTANCIA,TECNICA PROFESIONAL  EN PROCESOS COMERCIALES Y FINANCIEROS,Otra,Virtual,SOGAMOSO,C.C.,1990-05-17,F,2,PERDIO CUPO A130/98 ART. 80 LIT. B,DUITAMA,DUITAMA,LIT. B,34
PRIMER SEMESTRE DE 2023,ESTUDIOS A DISTANCIA,TECNICA PROFESIONAL  EN PROCESOS COMERCIALES Y FINANCIEROS,Otra,Virtual,SOGAMOSO,C.C.,1992-10-04,F,2,PERDIO CUPO A130/98 ART. 80 LIT. B,SOGAMOSO,SOGAMOSO,LIT. B,32
PRIMER SEMESTRE DE 2023,ESTUDIOS A DISTANCIA,TECNICA PROFESIONAL  EN PROCESOS COMERCIALES Y FINANCIEROS,Otra,Virtual,SOGAMOSO,T.I.,2004-06-11,F,2,PERDIO CUPO A130/98 ART. 80 LIT. B,FLORESTA,FLORESTA,LIT. B,20
PRIMER SEMESTRE DE 2023,ESTUDIOS A DISTANCIA,TECNOLOGIA EN GESTION COMERCIAL Y FINANCIERA,Otra,Virtual,GARAGOA,C.C.,2000-05-23,F,1,PERDIO CUPO A130/98 ART. 80 LIT. D,LORICA,SANTA MARÍA,LIT. D,24
PRIMER SEMESTRE DE 2023,ESTUDIOS A DISTANCIA,TECNOLOGIA EN GESTION COMERCIAL Y FINANCIERA,Otra,Virtual,SOGAMOSO,C.C.,1998-08-09,F,2,PERDIO CUPO A130/98 ART. 80 LIT. C,BOGOTÁ D.C.,DUITAMA,LIT. C,26
PRIMER SEMESTRE DE 2023,ESTUDIOS A DISTANCIA,ADMINISTRACION COMERCIAL Y FINANCIERA,Otra,Virtual,SOGAMOSO,C.C.,1991-06-07,F,2,PERDIO CUPO A130/98 ART.80 LIT. E,EL CARMEN DE ATRATO,SANTA ROSA DE VITERBO,LIT. E,33
PRIMER SEMESTRE DE 2023,ESTUDIOS A DISTANCIA,ADMINISTRACION COMERCIAL Y FINANCIERA,Otra,Virtual,SOGAMOSO,C.C.,1987-10-14,F,2,PERDIO CUPO A130/98 ART. 80 LIT. C,SOGAMOSO,SOGAMOSO,LIT. C,37
PRIMER SEMESTRE DE 2023,ESTUDIOS A DISTANCIA,ADMINISTRACION COMERCIAL Y FINANCIERA,Otra,Virtual,SOGAMOSO,C.C.,1990-07-03,F,2,PERDIO CUPO A130/98 ART. 80 LIT. D,SOGAMOSO,SOGAMOSO,LIT. D,34
PRIMER SEMESTRE DE 2023,ESTUDIOS A DISTANCIA,TECNICA PROFESIONAL  EN PROCESOS COMERCIALES Y FINANCIEROS,Otra,Virtual,RONDON,C.C.,2002-12-20,F,1,PERDIO CUPO A130/98 ART. 80 LIT. C,SAN JUAN DEL CESAR,SANTA MARTA,LIT. C,22
PRIMER SEMESTRE DE 2023,ESTUDIOS A DISTANCIA,TECNOLOGIA EN GESTION ADMINISTRATIVA DE SERVICIOS DE SALUD,Otra,Virtual,SOGAMOSO,C.C.,1984-06-18,F,2,PERDIO CUPO A130/98 ART. 80 LIT. D,SOGAMOSO,FIRAVITOBA,LIT. D,40
PRIMER SEMESTRE DE 2023,ESTUDIOS A DISTANCIA,TECNOLOGIA EN ELECTRICIDAD INDUSTRIAL,Otra,Distancia,TUNJA,C.C.,2000-08-04,M,2,PERDIO CUPO A130/98 ART.80 LIT. E,TUNJA,TUNJA,LIT. E,24
PRIMER SEMESTRE DE 2023,ESTUDIOS A DISTANCIA,TECNOLOGIA EN ELECTRICIDAD INDUSTRIAL,Otra,Distancia,RIONEGRO,C.C.,1998-09-03,M,2,PERDIO CUPO A130/98 ART. 80 LIT. D,PUERTO BOYACÁ,MEDELLÍN,LIT. D,26
PRIMER SEMESTRE DE 2023,ESTUDIOS A DISTANCIA,TECNOLOGIA EN ELECTRICIDAD INDUSTRIAL,Otra,Distancia,RIONEGRO,C.C.,1995-12-08,M,2,PERDIO CUPO A130/98 ART.80 LIT. E,MEDELLÍN,MEDELLÍN,LIT. E,29
PRIMER SEMESTRE DE 2023,ESTUDIOS A DISTANCIA,TECNOLOGIA EN ELECTRICIDAD INDUSTRIAL,Otra,Distancia,SANTA FE DE BOGOTA,C.C.,1993-02-26,M,2,PERDIO CUPO A130/98 ART. 80 LIT. B,BOGOTÁ D.C.,BOGOTÁ D.C.,LIT. B,31
PRIMER SEMESTRE DE 2023,INGENIERIA,INGENIERIA CIVIL,Diurna,Presencial,TUNJA,C.C.,2003-09-12,M,2,PERDIO CUPO A130/98 ART. 80 LIT. B,BOGOTÁ D.C.,BOGOTÁ D.C.,LIT. B,21
PRIMER SEMESTRE DE 2023,INGENIERIA,INGENIERIA CIVIL,Diurna,Presencial,TUNJA,C.C.,1999-10-18,M,2,PERDIO CUPO A130/98 ART. 80 LIT. B,TUNJA,TUNJA,LIT. B,25
PRIMER SEMESTRE DE 2023,INGENIERIA,INGENIERIA CIVIL,Diurna,Presencial,TUNJA,C.C.,2002-05-11,M,2,PERDIO CUPO A130/98 ART. 80 LIT. C,RAMIRIQUÍ,RONDÓN,LIT. C,22
PRIMER SEMESTRE DE 2023,INGENIERIA,INGENIERIA CIVIL,Diurna,Presencial,TUNJA,C.C.,2002-08-11,M,2,PERDIO CUPO A130/98 ART. 80 LIT. D,SAN LUIS DE PALENQUE,ZETAQUIRA,LIT. D,22
PRIMER SEMESTRE DE 2023,INGENIERIA,INGENIERIA CIVIL,Diurna,Presencial,TUNJA,C.C.,1996-01-22,M,2,PERDIO CUPO A130/98 ART.80 LIT. E,SOGAMOSO,SOGAMOSO,LIT. E,28
PRIMER SEMESTRE DE 2023,INGENIERIA,INGENIERIA CIVIL,Diurna,Presencial,TUNJA,C.C.,1997-05-10,M,2,PERDIO CUPO A130/98 ART.80 LIT. E,PAIPA,PAIPA,LIT. E,27
PRIMER SEMESTRE DE 2023,INGENIERIA,INGENIERIA METALURGICA,Diurna,Presencial,TUNJA,C.C.,2004-09-13,M,2,PERDIO CUPO A130/98 ART.80 LIT. E,SANTA MARTA,CUCAITA,LIT. E,20
PRIMER SEMESTRE DE 2023,INGENIERIA,INGENIERIA METALURGICA,Diurna,Presencial,TUNJA,C.C.,2004-08-26,M,1,PERDIO CUPO A130/98 ART. 80 LIT. C,TUNJA,TUNJA,LIT. C,20
PRIMER SEMESTRE DE 2023,INGENIERIA,INGENIERIA METALURGICA,Diurna,Presencial,TUNJA,C.C.,2003-07-18,M,3,PERDIO CUPO A130/98 ART. 80 LIT. C,TUNJA,TUNJA,LIT. C,21
PRIMER SEMESTRE DE 2023,INGENIERIA,INGENIERIA DE TRANSPORTE Y VIAS,Diurna,Presencial,TUNJA,C.C.,1999-04-01,M,2,PERDIO CUPO A130/98 ART. 80 LIT. C,SOGAMOSO,CORRALES,LIT. C,25
PRIMER SEMESTRE DE 2023,INGENIERIA,INGENIERIA DE TRANSPORTE Y VIAS,Diurna,Presencial,TUNJA,T.I.,2002-05-11,F,2,PERDIO CUPO A130/98 ART. 80 LIT. D,SOGAMOSO,SOGAMOSO,LIT. D,22
PRIMER SEMESTRE DE 2023,INGENIERIA,INGENIERIA DE TRANSPORTE Y VIAS,Diurna,Presencial,TUNJA,C.C.,2000-08-24,M,1,PERDIO CUPO A130/98 ART. 80 LIT. B,TUNJA,TUNJA,LIT. B,24
PRIMER SEMESTRE DE 2023,INGENIERIA,INGENIERIA DE TRANSPORTE Y VIAS,Diurna,Presencial,TUNJA,C.C.,2000-04-11,M,2,PERDIO CUPO A130/98 ART. 80 LIT. C,PUERTO LIBERTADOR,TOCA,LIT. C,24
PRIMER SEMESTRE DE 2023,INGENIERIA,INGENIERIA DE TRANSPORTE Y VIAS,Diurna,Presencial,TUNJA,C.C.,2000-03-24,M,2,PERDIO CUPO A130/98 ART. 80 LIT. D,TURMEQUÉ,VENTAQUEMADA,LIT. D,24
PRIMER SEMESTRE DE 2023,INGENIERIA,INGENIERIA DE TRANSPORTE Y VIAS,Diurna,Presencial,TUNJA,C.C.,2002-06-10,F,3,PERDIO CUPO A130/98 ART. 80 LIT. C,TUNJA,TUNJA,LIT. C,22
PRIMER SEMESTRE DE 2023,INGENIERIA,INGENIERIA DE SISTEMAS Y COMPUTACION,Diurna,Presencial,TUNJA,C.C.,1999-11-06,M,2,PERDIO CUPO A130/98 ART. 80 LIT. C,DUITAMA,DUITAMA,LIT. C,25
PRIMER SEMESTRE DE 2023,INGENIERIA,INGENIERIA DE SISTEMAS Y COMPUTACION,Diurna,Presencial,TUNJA,C.C.,1993-05-16,M,2,PERDIO CUPO A130/98 ART.80 LIT. E,TURMEQUÉ,TURMEQUÉ,LIT. E,31
PRIMER SEMESTRE DE 2023,INGENIERIA,INGENIERIA DE SISTEMAS Y COMPUTACION,Diurna,Presencial,TUNJA,T.I.,2004-07-31,M,4,PERDIO CUPO A130/98 ART. 80 LIT. C,DUITAMA,DUITAMA,LIT. C,20
PRIMER SEMESTRE DE 2023,INGENIERIA,INGENIERIA DE SISTEMAS Y COMPUTACION,Diurna,Presencial,TUNJA,C.C.,2000-11-24,M,2,PERDIO CUPO A130/98 ART.80 LIT. E,TUNJA,NUEVO COLÓN,LIT. E,24
PRIMER SEMESTRE DE 2023,INGENIERIA,INGENIERIA DE SISTEMAS Y COMPUTACION,Diurna,Presencial,TUNJA,C.C.,2003-09-12,F,1,PERDIO CUPO A130/98 ART. 80 LIT. C,TUNJA,TUNJA,LIT. C,21
PRIMER SEMESTRE DE 2023,INGENIERIA,INGENIERIA AMBIENTAL,Diurna,Presencial,TUNJA,C.C.,2002-09-25,M,2,PERDIO CUPO A130/98 ART. 80 LIT. B,SOGAMOSO,SOGAMOSO,LIT. B,22
PRIMER SEMESTRE DE 2023,INGENIERIA,INGENIERIA AMBIENTAL,Diurna,Presencial,TUNJA,T.I.,2005-01-31,M,1,PERDIO CUPO A130/98 ART. 80 LIT. C,CHIQUINQUIRÁ,CHIQUINQUIRÁ,LIT. C,19
PRIMER SEMESTRE DE 2023,INGENIERIA,INGENIERIA AMBIENTAL,Diurna,Presencial,TUNJA,T.I.,2005-02-27,M,2,PERDIO CUPO A130/98 ART. 80 LIT. B,TUNJA,TUNJA,LIT. B,19
PRIMER SEMESTRE DE 2023,INGENIERIA,ARQUITECTURA,Extendida,Presencial,TUNJA,T.I.,2004-02-16,F,2,PERDIO CUPO A130/98 ART. 80 LIT. C,TUNJA,TUNJA,LIT. C,20
PRIMER SEMESTRE DE 2023,INGENIERIA,ARQUITECTURA,Extendida,Presencial,TUNJA,C.C.,2004-08-21,F,3,PERDIO CUPO A130/98 ART. 80 LIT. C,TUNJA,TUNJA,LIT. C,20
PRIMER SEMESTRE DE 2023,INGENIERIA,ARQUITECTURA,Extendida,Presencial,TUNJA,C.C.,2002-05-31,M,SIN INFORMACIÓN,PERDIO CUPO A130/98 ART. 80 LIT. D,MÁLAGA,MÁLAGA,LIT. D,22
PRIMER SEMESTRE DE 2023,INGENIERIA,ESPECIALIZACION EN ESTRUCTURAS,Otra,Presencial,TUNJA,C.C.,1976-08-02,M,SIN INFORMACIÓN,PERDIO CUPO A 052/2012  ART 15 LIT.A.,BOGOTA D.E,CAJICÁ,LIT. A,48
PRIMER SEMESTRE DE 2023,INGENIERIA,ESPECIALIZACION EN ESTRUCTURAS,Otra,Presencial,TUNJA,C.C.,1996-09-27,M,SIN INFORMACIÓN,PERDIO CUPO A 052/2012  ART 15 LIT.A.,SOGAMOSO,TUNJA,LIT. A,28
PRIMER SEMESTRE DE 2023,INGENIERIA,ESPECIALIZACION EN ESTRUCTURAS,Otra,Presencial,TUNJA,C.C.,1997-09-25,M,SIN INFORMACIÓN,PERDIO CUPO A 052/2012  ART 15 LIT.A.,BOGOTÁ D.C.,VILLAVICENCIO,LIT. A,27
PRIMER SEMESTRE DE 2023,INGENIERIA,ESPECIALIZACION EN ESTRUCTURAS,Otra,Presencial,TUNJA,C.C.,1994-05-21,M,SIN INFORMACIÓN,PERDIO CUPO A 052/2012  ART 15 LIT.A.,SOATÁ,SOATÁ,LIT. A,30
PRIMER SEMESTRE DE 2023,INGENIERIA,ESPECIALIZACION EN ESTRUCTURAS,Otra,Presencial,TUNJA,C.C.,1997-03-21,F,SIN INFORMACIÓN,PERDIO CUPO A 052/2012  ART 15 LIT.A.,SOATÁ,SOATÁ,LIT. A,27
PRIMER SEMESTRE DE 2023,INGENIERIA,ESPECIALIZACION EN ESTRUCTURAS,Otra,Presencial,TUNJA,C.C.,1999-10-31,M,SIN INFORMACIÓN,PERDIO CUPO A 052/2012  ART 15 LIT.A.,TUNJA,TUNJA,LIT. A,25
PRIMER SEMESTRE DE 2023,INGENIERIA,ESPECIALIZACION EN ESTRUCTURAS,Otra,Presencial,TUNJA,C.C.,1997-06-23,F,SIN INFORMACIÓN,PERDIO CUPO A 052/2012  ART 15 LIT.A.,TUNJA,TUNJA,LIT. A,27
PRIMER SEMESTRE DE 2023,INGENIERIA,ESPECIALIZACION EN GESTION DE INTEGRIDAD Y CORROSIÓN,Extendida,Virtual,TUNJA,C.C.,1995-09-20,M,SIN INFORMACIÓN,PERDIO CUPO A 052/2012  ART 15 LIT.A.,ZIPAQUIRÁ,BOGOTÁ D.C.,LIT. A,29
PRIMER SEMESTRE DE 2023,INGENIERIA,ESPECIALIZACION EN GESTION DE INTEGRIDAD Y CORROSIÓN,Extendida,Virtual,TUNJA,C.C.,1987-02-09,F,SIN INFORMACIÓN,PERDIO CUPO A 052/2012  ART 15 LIT.B.,SANTANDER DE QUILICHAO,SANTANDER DE QUILICHAO,LIT. B,37
PRIMER SEMESTRE DE 2023,INGENIERIA,MAESTRIA EN GEOTECNIA,Diurna,Presencial,TUNJA,C.C.,1997-04-22,M,SIN INFORMACIÓN,PERDIO CUPO A 052/2012  ART 15 LIT.A.,DUITAMA,DUITAMA,LIT. A,27
PRIMER SEMESTRE DE 2023,INGENIERIA,DOCTORADO EN INGENIERIA Y CIENCIA DE LOS MATERIALES,Diurna,Presencial,TUNJA,C.C.,1989-12-03,M,SIN INFORMACIÓN,PERDIO CUPO A 052/2012  ART 15 LIT.B.,VALLEDUPAR,VALLEDUPAR,LIT. B,35
PRIMER SEMESTRE DE 2023,SECCIONAL DUITAMA,LICENCIATURA EN TECNOLOGIA,Diurna,Presencial,DUITAMA,C.C.,1990-06-24,M,1,PERDIO CUPO A130/98 ART.80 LIT. E,DUITAMA,DUITAMA,LIT. E,34
PRIMER SEMESTRE DE 2023,SECCIONAL DUITAMA,LICENCIATURA EN TECNOLOGIA,Diurna,Presencial,DUITAMA,C.C.,2002-06-05,M,2,PERDIO CUPO A130/98 ART.80 LIT. E,CÚCUTA,CRAVO NORTE,LIT. E,22
PRIMER SEMESTRE DE 2023,SECCIONAL DUITAMA,LICENCIATURA EN TECNOLOGIA,Diurna,Presencial,DUITAMA,C.C.,1997-09-20,F,2,PERDIO CUPO A130/98 ART.80 LIT. E,DUITAMA,PAIPA,LIT. E,27
PRIMER SEMESTRE DE 2023,SECCIONAL DUITAMA,LICENCIATURA EN TECNOLOGIA,Diurna,Presencial,DUITAMA,C.C.,2002-05-15,M,2,PERDIO CUPO A130/98 ART. 80 LIT. B,BOGOTÁ D.C.,PAIPA,LIT. B,22
PRIMER SEMESTRE DE 2023,SECCIONAL DUITAMA,LICENCIATURA EN TECNOLOGIA,Diurna,Presencial,DUITAMA,T.I.,2005-05-30,F,2,PERDIO CUPO A130/98 ART. 80 LIT. C,DUITAMA,DUITAMA,LIT. C,19
PRIMER SEMESTRE DE 2023,SECCIONAL DUITAMA,INGENIERIA ELECTROMECANICA,Diurna,Presencial,DUITAMA,C.C.,1995-12-12,M,1,PERDIO CUPO A130/98 ART. 80 LIT. D,MONIQUIRÁ,MONIQUIRÁ,LIT. D,29
PRIMER SEMESTRE DE 2023,SECCIONAL DUITAMA,INGENIERIA ELECTROMECANICA,Diurna,Presencial,DUITAMA,C.C.,2002-01-02,M,2,PERDIO CUPO A130/98 ART.80 LIT. E,DUITAMA,PAIPA,LIT. E,22
PRIMER SEMESTRE DE 2023,SECCIONAL DUITAMA,INGENIERIA ELECTROMECANICA,Diurna,Presencial,DUITAMA,C.C.,1989-09-27,M,1,PERDIO CUPO A130/98 ART.80 LIT. E,DUITAMA,DUITAMA,LIT. E,35
PRIMER SEMESTRE DE 2023,SECCIONAL DUITAMA,INGENIERIA ELECTROMECANICA,Diurna,Presencial,DUITAMA,C.C.,1990-10-26,M,3,PERDIO CUPO A130/98 ART. 80 LIT. D,DUITAMA,DUITAMA,LIT. D,34
PRIMER SEMESTRE DE 2023,SECCIONAL DUITAMA,INGENIERIA ELECTROMECANICA,Diurna,Presencial,DUITAMA,C.C.,1999-03-09,M,2,PERDIO CUPO A130/98 ART. 80 LIT. B,DUITAMA,DUITAMA,LIT. B,25
PRIMER SEMESTRE DE 2023,SECCIONAL DUITAMA,INGENIERIA ELECTROMECANICA,Diurna,Presencial,DUITAMA,C.C.,1995-11-25,F,1,PERDIO CUPO A130/98 ART.80 LIT. E,AGUSTÍN CODAZZI,BECERRIL,LIT. E,29
PRIMER SEMESTRE DE 2023,SECCIONAL DUITAMA,INGENIERIA ELECTROMECANICA,Diurna,Presencial,DUITAMA,C.C.,2001-03-18,M,2,PERDIO CUPO A130/98 ART. 80 LIT. D,TUNJA,TUNJA,LIT. D,23
PRIMER SEMESTRE DE 2023,SECCIONAL DUITAMA,INGENIERIA ELECTROMECANICA,Diurna,Presencial,DUITAMA,C.C.,2001-04-05,F,2,PERDIO CUPO A130/98 ART.80 LIT. E,SOGAMOSO,NOBSA,LIT. E,23
PRIMER SEMESTRE DE 2023,SECCIONAL DUITAMA,INGENIERIA ELECTROMECANICA,Diurna,Presencial,DUITAMA,C.C.,2004-09-19,M,2,PERDIO CUPO A130/98 ART. 80 LIT. C,DUITAMA,DUITAMA,LIT. C,20
PRIMER SEMESTRE DE 2023,SECCIONAL DUITAMA,ADMINISTRACION TURISTICA Y HOTELERA,Diurna,Presencial,DUITAMA,C.C.,2001-05-05,M,2,PERDIO CUPO A130/98 ART.80 LIT. E,LÍBANO,DUITAMA,LIT. E,23
PRIMER SEMESTRE DE 2023,SECCIONAL DUITAMA,ADMINISTRACION TURISTICA Y HOTELERA,Diurna,Presencial,DUITAMA,C.C.,1996-04-13,F,1,PERDIO CUPO A130/98 ART.80 LIT. E,DUITAMA,BOGOTA D.E,LIT. E,28
PRIMER SEMESTRE DE 2023,SECCIONAL DUITAMA,ADMINISTRACION INDUSTRIAL,Diurna,Presencial,DUITAMA,C.C.,1999-10-28,M,2,PERDIO CUPO A130/98 ART. 80 LIT. C,DUITAMA,DUITAMA,LIT. C,25
PRIMER SEMESTRE DE 2023,SECCIONAL DUITAMA,ADMINISTRACION INDUSTRIAL,Diurna,Presencial,DUITAMA,C.C.,2002-03-22,M,2,PERDIO CUPO A130/98 ART. 80 LIT. D,SOGAMOSO,SOGAMOSO,LIT. D,22
PRIMER SEMESTRE DE 2023,SECCIONAL DUITAMA,ADMINISTRACION INDUSTRIAL,Diurna,Presencial,DUITAMA,C.C.,1997-04-09,M,2,PERDIO CUPO A130/98 ART.80 LIT. E,SOGAMOSO,SOGAMOSO,LIT. E,27
PRIMER SEMESTRE DE 2023,SECCIONAL DUITAMA,ADMINISTRACION INDUSTRIAL,Diurna,Presencial,DUITAMA,C.C.,1998-07-09,M,2,PERDIO CUPO A130/98 ART. 80 LIT. B,LA JAGUA DE IBIRICO,PAIPA,LIT. B,26
PRIMER SEMESTRE DE 2023,SECCIONAL DUITAMA,ADMINISTRACION INDUSTRIAL,Diurna,Presencial,DUITAMA,C.C.,1998-01-07,M,2,PERDIO CUPO A130/98 ART. 80 LIT. D,CHITA,DUITAMA,LIT. D,26
PRIMER SEMESTRE DE 2023,SECCIONAL DUITAMA,DISEÑO INDUSTRIAL,Diurna,Presencial,DUITAMA,C.C.,1999-10-05,M,2,PERDIO CUPO A130/98 ART.80 LIT. E,DUITAMA,DUITAMA,LIT. E,25
PRIMER SEMESTRE DE 2023,SECCIONAL DUITAMA,DISEÑO INDUSTRIAL,Diurna,Presencial,DUITAMA,C.C.,2004-01-03,M,1,PERDIO CUPO A130/98 ART. 80 LIT. C,SAN JOSÉ DEL GUAVIARE,DUITAMA,LIT. C,20
PRIMER SEMESTRE DE 2023,SECCIONAL DUITAMA,DISEÑO INDUSTRIAL,Diurna,Presencial,DUITAMA,C.C.,2004-06-18,M,2,PERDIO CUPO A130/98 ART. 80 LIT. C,TUNJA,DUITAMA,LIT. C,20
PRIMER SEMESTRE DE 2023,SECCIONAL DUITAMA,DISEÑO INDUSTRIAL,Diurna,Presencial,DUITAMA,C.C.,1998-10-20,F,2,PERDIO CUPO A130/98 ART. 80 LIT. C,SOGAMOSO,SOGAMOSO,LIT. C,26
PRIMER SEMESTRE DE 2023,SECCIONAL DUITAMA,DISEÑO INDUSTRIAL,Diurna,Presencial,DUITAMA,C.C.,2002-08-25,M,2,PERDIO CUPO A130/98 ART. 80 LIT. C,PAIPA,PAIPA,LIT. C,22
PRIMER SEMESTRE DE 2023,SECCIONAL DUITAMA,LICENCIATURA EN MATEMATICAS,Diurna,Presencial,DUITAMA,C.C.,2001-03-09,F,2,PERDIO CUPO A130/98 ART. 80 LIT. B,AQUITANIA,DUITAMA,LIT. B,23
PRIMER SEMESTRE DE 2023,SECCIONAL DUITAMA,LICENCIATURA EN MATEMATICAS,Diurna,Presencial,DUITAMA,C.C.,1998-06-23,M,3,PERDIO CUPO A130/98 ART. 80 LIT. C,DUITAMA,DUITAMA,LIT. C,26
PRIMER SEMESTRE DE 2023,SECCIONAL DUITAMA,LICENCIATURA EN MATEMATICAS,Diurna,Presencial,DUITAMA,C.C.,2003-05-19,M,1,PERDIO CUPO A130/98 ART.80 LIT. E,MONGUÍ,MONGUÍ,LIT. E,21
PRIMER SEMESTRE DE 2023,SECCIONAL DUITAMA,LICENCIATURA EN MATEMATICAS,Diurna,Presencial,DUITAMA,T.I.,2004-09-05,M,1,PERDIO CUPO A130/98 ART. 80 LIT. D,SARAVENA,CUBARÁ,LIT. D,20
PRIMER SEMESTRE DE 2023,SECCIONAL DUITAMA,ESPECIALIZACION EN GESTION ESTRATEGICA DE PROYECTOS,Otra,Presencial,DUITAMA,C.C.,1994-02-24,M,SIN INFORMACIÓN,PERDIO CUPO A 052/2012  ART 15 LIT.A.,BOGOTÁ D.C.,AGUACHICA,LIT. A,30
PRIMER SEMESTRE DE 2023,SECCIONAL DUITAMA,MAESTRIA EN ENERGIAS RENOVABLES,Extendida,Presencial,DUITAMA,C.C.,1998-08-12,M,SIN INFORMACIÓN,PERDIO CUPO A 052/2012  ART 15 LIT.A.,TUNJA,TUNJA,LIT. A,26
PRIMER SEMESTRE DE 2023,SECCIONAL SOGAMOSO,INGENIERIA ELECTRONICA,Diurna,Presencial,TUNJA,C.C.,1994-12-16,M,3,PERDIO CUPO A130/98 ART. 80 LIT. C,CALI,TUNJA,LIT. C,30
PRIMER SEMESTRE DE 2023,SECCIONAL SOGAMOSO,ESPECIALIZACION EN INGENIERIA DE PRODUCCION Y OPERACIONES,Otra,Presencial,SOGAMOSO,C.C.,1994-09-21,M,SIN INFORMACIÓN,PERDIO CUPO A 052/2012  ART 15 LIT.B.,PAIPA,TUNJA,LIT. B,30
SEGUNDO SEMESTRE DE 2023,CIENCIAS,FISICA,Diurna,Presencial,TUNJA,C.C.,2004-08-07,M,2,PERDIO CUPO A130/98 ART. 80 LIT. C,DUITAMA,DUITAMA,LIT. C,20
SEGUNDO SEMESTRE DE 2023,CIENCIAS,FISICA,Diurna,Presencial,TUNJA,C.C.,2002-08-18,M,1,PERDIO CUPO A130/98 ART. 80 LIT. B,TUNJA,TUNJA,LIT. B,22
SEGUNDO SEMESTRE DE 2023,CIENCIAS,FISICA,Diurna,Presencial,TUNJA,C.C.,2001-03-28,F,2,PERDIO CUPO A130/98 ART. 80 LIT. B,SANTA ROSA DE VITERBO,SANTA ROSA DE VITERBO,LIT. B,23
SEGUNDO SEMESTRE DE 2023,CIENCIAS,FISICA,Diurna,Presencial,TUNJA,C.C.,2003-01-12,M,2,PERDIO CUPO A130/98 ART. 80 LIT. D,SOGAMOSO,SOGAMOSO,LIT. D,21
SEGUNDO SEMESTRE DE 2023,CIENCIAS,FISICA,Diurna,Presencial,TUNJA,T.I.,2005-08-23,M,3,PERDIO CUPO A130/98 ART. 80 LIT. C,SOGAMOSO,SOGAMOSO,LIT. C,19
SEGUNDO SEMESTRE DE 2023,CIENCIAS,BIOLOGIA,Diurna,Presencial,TUNJA,C.C.,2002-02-14,F,2,PERDIO CUPO A130/98 ART. 80 LIT. C,SOGAMOSO,SOGAMOSO,LIT. C,22
SEGUNDO SEMESTRE DE 2023,CIENCIAS,BIOLOGIA,Diurna,Presencial,TUNJA,C.C.,2001-09-26,M,3,PERDIO CUPO A130/98 ART. 80 LIT. C,FLORIDABLANCA,DUITAMA,LIT. C,23
SEGUNDO SEMESTRE DE 2023,CIENCIAS,BIOLOGIA,Diurna,Presencial,TUNJA,T.I.,2005-07-03,M,2,PERDIO CUPO A130/98 ART. 80 LIT. B,SAMACÁ,SAMACÁ,LIT. B,19
SEGUNDO SEMESTRE DE 2023,CIENCIAS,BIOLOGIA,Diurna,Presencial,TUNJA,C.C.,2002-10-31,M,3,PERDIO CUPO A130/98 ART. 80 LIT. C,TUNJA,PAIPA,LIT. C,22
SEGUNDO SEMESTRE DE 2023,CIENCIAS,BIOLOGIA,Diurna,Presencial,TUNJA,C.C.,1999-12-03,M,2,PERDIO CUPO A130/98 ART.80 LIT. E,TUNJA,TUNJA,LIT. E,25
SEGUNDO SEMESTRE DE 2023,CIENCIAS,MATEMATICAS,Diurna,Presencial,TUNJA,T.I.,2004-12-13,M,2,PERDIO CUPO A130/98 ART. 80 LIT. C,TURMEQUÉ,TURMEQUÉ,LIT. C,20
SEGUNDO SEMESTRE DE 2023,CIENCIAS,MATEMATICAS,Diurna,Presencial,TUNJA,C.C.,2003-06-14,M,2,PERDIO CUPO A130/98 ART. 80 LIT. C,SOGAMOSO,SOGAMOSO,LIT. C,21
SEGUNDO SEMESTRE DE 2023,CIENCIAS,MATEMATICAS,Diurna,Presencial,TUNJA,C.C.,2001-11-12,M,2,PERDIO CUPO A130/98 ART. 80 LIT. C,SOCHA,SOCHA,LIT. C,23
SEGUNDO SEMESTRE DE 2023,CIENCIAS,MATEMATICAS,Diurna,Presencial,TUNJA,C.C.,1992-08-10,M,2,PERDIO CUPO A130/98 ART. 80 LIT. D,TUTA,TUTA,LIT. D,32
SEGUNDO SEMESTRE DE 2023,CIENCIAS,MATEMATICAS,Diurna,Presencial,TUNJA,C.C.,2003-05-29,F,2,PERDIO CUPO A130/98 ART. 80 LIT. C,YOPAL,PAZ DE ARIPORO,LIT. C,21
SEGUNDO SEMESTRE DE 2023,CIENCIAS,MATEMATICAS,Diurna,Presencial,TUNJA,C.C.,2004-08-09,M,2,PERDIO CUPO A130/98 ART. 80 LIT. C,RAMIRIQUÍ,PAIPA,LIT. C,20
SEGUNDO SEMESTRE DE 2023,CIENCIAS,MATEMATICAS,Diurna,Presencial,TUNJA,T.I.,2005-08-05,M,2,PERDIO CUPO A130/98 ART. 80 LIT. C,VILLAVICENCIO,CUMARAL,LIT. C,19
SEGUNDO SEMESTRE DE 2023,CIENCIAS,QUIMICA,Diurna,Presencial,TUNJA,C.C.,1998-10-04,F,2,PERDIO CUPO A130/98 ART. 80 LIT. C,SOGAMOSO,TUNJA,LIT. C,26
SEGUNDO SEMESTRE DE 2023,CIENCIAS,QUIMICA,Diurna,Presencial,TUNJA,C.C.,2002-01-02,F,2,PERDIO CUPO A130/98 ART. 80 LIT. C,VILLAPINZÓN,VILLAPINZÓN,LIT. C,22
SEGUNDO SEMESTRE DE 2023,CIENCIAS,QUIMICA,Diurna,Presencial,TUNJA,C.C.,2002-06-12,F,1,PERDIO CUPO A130/98 ART. 80 LIT. C,YOPAL,PAZ DE ARIPORO,LIT. C,22
SEGUNDO SEMESTRE DE 2023,CIENCIAS AGROPECUARIAS,INGENIERIA AGRONOMICA,Diurna,Presencial,TUNJA,C.C.,2003-01-03,M,2,PERDIO CUPO A130/98 ART. 80 LIT. C,IBAGUÉ,IBAGUÉ,LIT. C,21
SEGUNDO SEMESTRE DE 2023,CIENCIAS AGROPECUARIAS,INGENIERIA AGRONOMICA,Diurna,Presencial,TUNJA,C.C.,1999-11-21,M,2,PERDIO CUPO A130/98 ART. 80 LIT. C,SANTA ROSA DE VITERBO,TUNJA,LIT. C,25
SEGUNDO SEMESTRE DE 2023,CIENCIAS AGROPECUARIAS,INGENIERIA AGRONOMICA,Diurna,Presencial,TUNJA,C.C.,1998-08-17,M,2,PERDIO CUPO A130/98 ART. 80 LIT. B,PAIPA,PAIPA,LIT. B,26
SEGUNDO SEMESTRE DE 2023,CIENCIAS AGROPECUARIAS,INGENIERIA AGRONOMICA,Diurna,Presencial,TUNJA,T.I.,2005-12-22,M,1,PERDIO CUPO A130/98 ART. 80 LIT. C,BOGOTÁ D.C.,BOGOTÁ D.C.,LIT. C,19
SEGUNDO SEMESTRE DE 2023,CIENCIAS AGROPECUARIAS,INGENIERIA AGRONOMICA,Diurna,Presencial,TUNJA,T.I.,2005-12-08,M,2,PERDIO CUPO A130/98 ART. 80 LIT. C,ARAUCA,ARAUCA,LIT. C,19
SEGUNDO SEMESTRE DE 2023,CIENCIAS AGROPECUARIAS,INGENIERIA AGRONOMICA,Diurna,Presencial,TUNJA,C.C.,1998-05-12,M,2,PERDIO CUPO A130/98 ART. 80 LIT. B,SAN GIL,MOGOTES,LIT. B,26
SEGUNDO SEMESTRE DE 2023,CIENCIAS AGROPECUARIAS,INGENIERIA AGRONOMICA,Diurna,Presencial,TUNJA,T.I.,2004-06-27,M,2,PERDIO CUPO A130/98 ART. 80 LIT. D,BELÉN,BELÉN,LIT. D,20
SEGUNDO SEMESTRE DE 2023,CIENCIAS AGROPECUARIAS,MEDICINA VETERINARIA Y ZOOTECNIA,Diurna,Presencial,TUNJA,C.C.,2002-05-19,F,2,PERDIO CUPO A130/98 ART. 80 LIT. D,TUNJA,SORACÁ,LIT. D,22
SEGUNDO SEMESTRE DE 2023,CIENCIAS AGROPECUARIAS,MEDICINA VETERINARIA Y ZOOTECNIA,Diurna,Presencial,TUNJA,C.C.,2003-05-17,F,1,PERDIO CUPO A130/98 ART. 80 LIT. D,VILLAVICENCIO,VILLAVICENCIO,LIT. D,21
SEGUNDO SEMESTRE DE 2023,CIENCIAS AGROPECUARIAS,MEDICINA VETERINARIA Y ZOOTECNIA,Diurna,Presencial,TUNJA,T.I.,2004-09-02,F,2,PERDIO CUPO A130/98 ART. 80 LIT. D,TUNJA,TUNJA,LIT. D,20
SEGUNDO SEMESTRE DE 2023,CIENCIAS AGROPECUARIAS,MEDICINA VETERINARIA Y ZOOTECNIA,Diurna,Presencial,TUNJA,C.C.,2002-02-10,F,2,PERDIO CUPO A130/98 ART. 80 LIT. C,VILLAPINZÓN,BOGOTÁ D.C.,LIT. C,22
SEGUNDO SEMESTRE DE 2023,CIENCIAS AGROPECUARIAS,MEDICINA VETERINARIA Y ZOOTECNIA,Diurna,Presencial,TUNJA,C.C.,2003-11-09,M,1,PERDIO CUPO A130/98 ART. 80 LIT. B,ARAUCA,ARAUCA,LIT. B,21
SEGUNDO SEMESTRE DE 2023,CIENCIAS DE LA EDUCACION,LICENCIATURA EN INFORMATICA Y TECNOLOGIA,Nocturna,Presencial,TUNJA,C.C.,1997-04-04,M,2,PERDIO CUPO A130/98 ART. 80 LIT. D,TUNJA,TUNJA,LIT. D,27
SEGUNDO SEMESTRE DE 2023,CIENCIAS DE LA EDUCACION,LICENCIATURA EN MATEMATICAS,Diurna,Presencial,TUNJA,T.I.,2005-03-13,F,2,PERDIO CUPO A130/98 ART. 80 LIT. B,TUNJA,TIBANÁ,LIT. B,19
SEGUNDO SEMESTRE DE 2023,CIENCIAS DE LA EDUCACION,LICENCIATURA EN MATEMATICAS,Diurna,Presencial,TUNJA,C.C.,2001-11-13,F,2,PERDIO CUPO A130/98 ART. 80 LIT. C,ACACÍAS,PORE,LIT. C,23
SEGUNDO SEMESTRE DE 2023,CIENCIAS DE LA EDUCACION,LICENCIATURA EN MATEMATICAS,Diurna,Presencial,TUNJA,C.C.,2003-08-27,M,2,PERDIO CUPO A130/98 ART. 80 LIT. C,TUNJA,TUNJA,LIT. C,21
SEGUNDO SEMESTRE DE 2023,CIENCIAS DE LA EDUCACION,LICENCIATURA EN CIENCIAS NATURALES Y EDUCACION AMBIENTAL,Diurna,Presencial,TUNJA,C.C.,1999-06-18,F,1,PERDIO CUPO A130/98 ART. 80 LIT. B,CHIQUINQUIRÁ,CHIQUINQUIRÁ,LIT. B,25
SEGUNDO SEMESTRE DE 2023,CIENCIAS DE LA EDUCACION,LICENCIATURA EN EDUCACION FISICA RECREACION Y DEPORTE,Diurna,Presencial,TUNJA,T.I.,2005-02-02,M,2,PERDIO CUPO A130/98 ART. 80 LIT. C,PAIPA,PAIPA,LIT. C,19
SEGUNDO SEMESTRE DE 2023,CIENCIAS DE LA EDUCACION,LICENCIATURA EN EDUCACION FISICA RECREACION Y DEPORTE,Diurna,Presencial,TUNJA,C.C.,2001-05-09,M,2,PERDIO CUPO A130/98 ART. 80 LIT. C,BOGOTA D.E,BOGOTA D.E,LIT. C,23
SEGUNDO SEMESTRE DE 2023,CIENCIAS DE LA EDUCACION,LICENCIATURA EN EDUCACION FISICA RECREACION Y DEPORTE,Diurna,Presencial,TUNJA,T.I.,2005-06-17,M,2,PERDIO CUPO A130/98 ART. 80 LIT. C,VILLAVICENCIO,TUNJA,LIT. C,19
SEGUNDO SEMESTRE DE 2023,CIENCIAS DE LA EDUCACION,LICENCIATURA EN EDUCACION FISICA RECREACION Y DEPORTE,Diurna,Presencial,TUNJA,C.C.,2003-09-26,M,2,PERDIO CUPO A130/98 ART. 80 LIT. C,DUITAMA,DUITAMA,LIT. C,21
SEGUNDO SEMESTRE DE 2023,CIENCIAS DE LA EDUCACION,LICENCIATURA EN EDUCACION FISICA RECREACION Y DEPORTE,Diurna,Presencial,TUNJA,T.I.,2005-10-11,M,2,PERDIO CUPO A130/98 ART. 80 LIT. C,DUITAMA,DUITAMA,LIT. C,19
SEGUNDO SEMESTRE DE 2023,CIENCIAS DE LA EDUCACION,LICENCIATURA EN EDUCACION FISICA RECREACION Y DEPORTE,Diurna,Presencial,TUNJA,T.I.,2002-01-07,M,2,PERDIO CUPO A130/98 ART. 80 LIT. C,SOGAMOSO,NOBSA,LIT. C,22
SEGUNDO SEMESTRE DE 2023,CIENCIAS DE LA EDUCACION,LICENCIATURA EN EDUCACION FISICA RECREACION Y DEPORTE,Diurna,Presencial,TUNJA,C.C.,2001-01-08,M,2,PERDIO CUPO A130/98 ART. 80 LIT. B,CHÍQUIZA,CHÍQUIZA,LIT. B,23
SEGUNDO SEMESTRE DE 2023,CIENCIAS DE LA EDUCACION,LICENCIATURA EN CIENCIAS SOCIALES,Diurna,Presencial,TUNJA,C.C.,2000-04-20,M,1,PERDIO CUPO A130/98 ART. 80 LIT. D,DUITAMA,DUITAMA,LIT. D,24
SEGUNDO SEMESTRE DE 2023,CIENCIAS DE LA EDUCACION,LICENCIATURA EN CIENCIAS SOCIALES,Diurna,Presencial,TUNJA,T.I.,2006-05-03,F,3,PERDIO CUPO A130/98 ART. 80 LIT. C,DUITAMA,DUITAMA,LIT. C,18
SEGUNDO SEMESTRE DE 2023,CIENCIAS DE LA EDUCACION,LIC. EN PSICOPEDAGOGIA ENFASIS ASESORIA EDUCATIVA,Diurna,Presencial,TUNJA,C.C.,2000-04-12,F,1,PERDIO CUPO A130/98 ART. 80 LIT. C,TUNJA,TUNJA,LIT. C,24
SEGUNDO SEMESTRE DE 2023,CIENCIAS DE LA EDUCACION,LICENCIATURA EN MUSICA,Diurna,Presencial,TUNJA,T.I.,2004-05-16,M,2,PERDIO CUPO A130/98 ART. 80 LIT. C,TUTA,PESCA,LIT. C,20
SEGUNDO SEMESTRE DE 2023,CIENCIAS DE LA EDUCACION,LICENCIATURA EN MUSICA,Diurna,Presencial,TUNJA,C.C.,1997-08-26,M,2,PERDIO CUPO A130/98 ART.80 LIT. E,YOPAL,YOPAL,LIT. E,27
SEGUNDO SEMESTRE DE 2023,CIENCIAS DE LA EDUCACION,LICENCIATURA EN MUSICA,Diurna,Presencial,TUNJA,C.C.,2004-07-20,M,2,PERDIO CUPO A130/98 ART. 80 LIT. D,VILLA DE LEYVA,VILLA DE LEYVA,LIT. D,20
SEGUNDO SEMESTRE DE 2023,CIENCIAS DE LA EDUCACION,LICENCIATURA EN FILOSOFIA,Extendida,Presencial,TUNJA,C.C.,2004-09-19,M,2,PERDIO CUPO A130/98 ART. 80 LIT. B,SOGAMOSO,SOGAMOSO,LIT. B,20
SEGUNDO SEMESTRE DE 2023,CIENCIAS DE LA EDUCACION,LICENCIATURA EN FILOSOFIA,Extendida,Presencial,TUNJA,C.C.,2004-02-13,M,3,PERDIO CUPO A130/98 ART. 80 LIT. C,TUNJA,TUNJA,LIT. C,20
SEGUNDO SEMESTRE DE 2023,CIENCIAS DE LA EDUCACION,LICENCIATURA EN FILOSOFIA,Extendida,Presencial,TUNJA,C.C.,1996-06-20,M,2,PERDIO CUPO A130/98 ART.80 LIT. E,CAQUEZA,CAQUEZA,LIT. E,28
SEGUNDO SEMESTRE DE 2023,CIENCIAS DE LA EDUCACION,LICENCIATURA EN EDUCACION FISICA RECREACION Y DEPORTE,Diurna,Presencial,CHIQUINQUIRA,T.I.,2005-08-17,M,2,PERDIO CUPO A130/98 ART. 80 LIT. B,VILLA DE LEYVA,SUTAMARCHÁN,LIT. B,19
SEGUNDO SEMESTRE DE 2023,CIENCIAS DE LA EDUCACION,LICENCIATURA EN LENGUAS EXTRANJERAS CON ENFASIS EN INGLES Y EN FRANCES,Extendida,Presencial,TUNJA,C.C.,2001-10-22,M,2,PERDIO CUPO A130/98 ART. 80 LIT. D,BOGOTA D.E,DUITAMA,LIT. D,23
SEGUNDO SEMESTRE DE 2023,CIENCIAS DE LA EDUCACION,LICENCIATURA EN LENGUAS EXTRANJERAS CON ENFASIS EN INGLES Y EN FRANCES,Extendida,Presencial,TUNJA,C.C.,2003-03-24,M,1,PERDIO CUPO A130/98 ART. 80 LIT. C,TUNJA,TUNJA,LIT. C,21
SEGUNDO SEMESTRE DE 2023,CIENCIAS DE LA EDUCACION,LICENCIATURA EN LENGUAS EXTRANJERAS CON ENFASIS EN INGLES Y EN FRANCES,Extendida,Presencial,TUNJA,T.I.,2005-07-25,F,1,PERDIO CUPO A130/98 ART. 80 LIT. C,CHAMEZA,CHAMEZA,LIT. C,19
SEGUNDO SEMESTRE DE 2023,CIENCIAS DE LA EDUCACION,LICENCIATURA EN LENGUAS EXTRANJERAS CON ENFASIS EN INGLES Y EN FRANCES,Extendida,Presencial,TUNJA,C.C.,2001-10-18,M,2,PERDIO CUPO A130/98 ART. 80 LIT. B,TUNJA,TUNJA,LIT. B,23
SEGUNDO SEMESTRE DE 2023,CIENCIAS DE LA EDUCACION,LICENCIATURA EN LENGUAS EXTRANJERAS CON ENFASIS EN INGLES Y EN FRANCES,Extendida,Presencial,TUNJA,C.C.,2002-11-27,M,3,PERDIO CUPO A130/98 ART. 80 LIT. C,DUITAMA,DUITAMA,LIT. C,22
SEGUNDO SEMESTRE DE 2023,CIENCIAS DE LA EDUCACION,LICENCIATURA EN INFORMATICA,Diurna,Presencial,TUNJA,C.C.,2002-09-29,M,2,PERDIO CUPO A130/98 ART. 80 LIT. C,TUNJA,NUEVO COLÓN,LIT. C,22
SEGUNDO SEMESTRE DE 2023,CIENCIAS DE LA EDUCACION,LICENCIATURA EN INFORMATICA,Diurna,Presencial,TUNJA,C.C.,2004-04-01,M,2,PERDIO CUPO A130/98 ART. 80 LIT. C,SOGAMOSO,TUNJA,LIT. C,20
SEGUNDO SEMESTRE DE 2023,CIENCIAS DE LA EDUCACION,LICENCIATURA EN INFORMATICA,Diurna,Presencial,TUNJA,C.C.,2002-01-22,M,2,PERDIO CUPO A130/98 ART. 80 LIT. C,TUNJA,TUNJA,LIT. C,22
SEGUNDO SEMESTRE DE 2023,CIENCIAS DE LA EDUCACION,ARTES PLASTICAS Y VISUALES,Extendida,Presencial,TUNJA,T.I.,2005-01-27,F,2,PERDIO CUPO A130/98 ART. 80 LIT. C,TIBASOSA,TIBASOSA,LIT. C,19
SEGUNDO SEMESTRE DE 2023,CIENCIAS DE LA EDUCACION,MAESTRIA EN EDUCACION,Otra,Presencial,TUNJA,C.C.,1971-02-28,M,SIN INFORMACION,PERDIO CUPO A 052/2012  ART 15 LIT.A.,SAMACÁ,SAMACÁ,LIT. A,53
SEGUNDO SEMESTRE DE 2023,CIENCIAS DE LA EDUCACION,DOCTORADO EN HISTORIA,Otra,Presencial,TUNJA,C.C.,1984-11-22,F,SIN INFORMACION,PERDIO CUPO A 052/2012  ART 15 LIT.A.,GARAGOA,DUITAMA,LIT. A,40
SEGUNDO SEMESTRE DE 2023,CIENCIAS DE LA EDUCACION,DOCTORADO EN LENGUAJE Y CULTURA,Diurna,Presencial,TUNJA,C.C.,1978-09-05,F,SIN INFORMACION,PERDIO CUPO A 052/2012  ART 15 LIT.A.,FLORENCIA,BOGOTÁ D.C.,LIT. A,46
SEGUNDO SEMESTRE DE 2023,CIENCIAS DE LA EDUCACION,DOCTORADO EN LENGUAJE Y CULTURA,Diurna,Presencial,TUNJA,C.C.,1965-05-05,F,SIN INFORMACION,PERDIO CUPO A 052/2012  ART 15 LIT.A.,LA MESA,BOGOTÁ D.C.,LIT. A,59
SEGUNDO SEMESTRE DE 2023,CIENCIAS DE LA EDUCACION,DOCTORADO EN LENGUAJE Y CULTURA,Diurna,Presencial,TUNJA,C.C.,1988-06-16,F,SIN INFORMACION,PERDIO CUPO A 052/2012  ART 15 LIT.A.,SOGAMOSO,SOGAMOSO,LIT. A,36
SEGUNDO SEMESTRE DE 2023,CIENCIAS DE LA EDUCACION,MAESTRIA EN LITERATURA,Otra,Presencial,TUNJA,C.C.,1996-01-06,F,SIN INFORMACION,PERDIO CUPO A 052/2012  ART 15 LIT.B.,SOGAMOSO,SOGAMOSO,LIT. B,28
SEGUNDO SEMESTRE DE 2023,CIENCIAS DE LA EDUCACION,MAESTRIA EN LITERATURA,Otra,Presencial,TUNJA,C.C.,1995-07-19,M,SIN INFORMACION,PERDIO CUPO A 052/2012  ART 15 LIT.A.,TUNJA,TUNJA,LIT. A,29
SEGUNDO SEMESTRE DE 2023,CIENCIAS DE LA EDUCACION,MAESTRIA EN LITERATURA,Otra,Presencial,TUNJA,C.C.,1985-11-16,F,SIN INFORMACION,PERDIO CUPO A 052/2012  ART 15 LIT.A.,BUCARAMANGA,BUCARAMANGA,LIT. A,39
SEGUNDO SEMESTRE DE 2023,CIENCIAS DE LA EDUCACION,MAESTRIA EN LITERATURA,Otra,Presencial,TUNJA,C.C.,1984-09-11,M,SIN INFORMACION,PERDIO CUPO A 052/2012  ART 15 LIT.B.,SUTATENZA,PAIPA,LIT. B,40
SEGUNDO SEMESTRE DE 2023,CIENCIAS DE LA EDUCACION,"LICENCIATURA EN EDUCACION BASICA CON ENFASIS EN MATEMATICAS, HUMANIDADES Y LENGUA CASTELLANA",Otra,Distancia,TUNJA,C.C.,1986-05-18,M,SIN INFORMACION,PERDIO CUPO A130/98 ART. 80 LIT. D,SOGAMOSO,SOGAMOSO,LIT. D,38
SEGUNDO SEMESTRE DE 2023,CIENCIAS DE LA EDUCACION,LICENCIATURA EN EDUCACION BASICA PRIMARIA,Extendida,Distancia,TUNJA,C.C.,1997-10-04,F,2,PERDIO CUPO A130/98 ART. 80 LIT. C,EL COCUY,TUNJA,LIT. C,27
SEGUNDO SEMESTRE DE 2023,CIENCIAS DE LA EDUCACION,LICENCIATURA EN EDUCACION BASICA PRIMARIA,Extendida,Distancia,TUNJA,C.C.,2001-05-17,F,2,PERDIO CUPO A130/98 ART. 80 LIT. C,VILLAVICENCIO,BOGOTÁ D.C.,LIT. C,23
SEGUNDO SEMESTRE DE 2023,CIENCIAS DE LA EDUCACION,LICENCIATURA EN EDUCACION BASICA PRIMARIA,Extendida,Distancia,TUNJA,C.C.,1998-02-21,F,2,PERDIO CUPO A130/98 ART. 80 LIT. D,DUITAMA,DUITAMA,LIT. D,26
SEGUNDO SEMESTRE DE 2023,CIENCIAS DE LA EDUCACION,LICENCIATURA EN EDUCACION BASICA PRIMARIA,Extendida,Distancia,SOGAMOSO,T.I.,2004-08-30,F,1,PERDIO CUPO A130/98 ART. 80 LIT. B,AGUAZUL,AGUAZUL,LIT. B,20
SEGUNDO SEMESTRE DE 2023,CIENCIAS DE LA EDUCACION,LICENCIATURA EN EDUCACION BASICA PRIMARIA,Extendida,Distancia,SOGAMOSO,C.C.,1990-04-21,F,3,PERDIO CUPO A130/98 ART. 80 LIT. B,SOGAMOSO,SOGAMOSO,LIT. B,34
SEGUNDO SEMESTRE DE 2023,CIENCIAS DE LA EDUCACION,LICENCIATURA EN EDUCACION BASICA PRIMARIA,Extendida,Distancia,DUITAMA,C.C.,1995-11-11,M,1,PERDIO CUPO A130/98 ART. 80 LIT. B,BOGOTÁ D.C.,BOGOTÁ D.C.,LIT. B,29
SEGUNDO SEMESTRE DE 2023,CIENCIAS DE LA EDUCACION,LICENCIATURA EN EDUCACION BASICA PRIMARIA,Extendida,Distancia,DUITAMA,C.C.,2003-07-02,F,1,PERDIO CUPO A130/98 ART.80 LIT. E,DUITAMA,DUITAMA,LIT. E,21
SEGUNDO SEMESTRE DE 2023,CIENCIAS DE LA EDUCACION,LICENCIATURA EN EDUCACION BASICA PRIMARIA,Extendida,Distancia,DUITAMA,C.C.,1996-10-27,M,2,PERDIO CUPO A130/98 ART. 80 LIT. C,TUNJA,TUNJA,LIT. C,28
SEGUNDO SEMESTRE DE 2023,CIENCIAS DE LA EDUCACION,LICENCIATURA EN EDUCACION BASICA PRIMARIA,Extendida,Distancia,CHIQUINQUIRA,C.C.,1998-01-14,M,2,PERDIO CUPO A130/98 ART. 80 LIT. C,CHIQUINQUIRÁ,CHIQUINQUIRÁ,LIT. C,26
SEGUNDO SEMESTRE DE 2023,CIENCIAS DE LA SALUD,PSICOLOGIA,Diurna,Presencial,TUNJA,C.C.,1997-06-13,F,1,PERDIO CUPO A130/98 ART. 80 LIT. C,TUNJA,IBAGUÉ,LIT. C,27
SEGUNDO SEMESTRE DE 2023,CIENCIAS DE LA SALUD,PSICOLOGIA,Diurna,Presencial,TUNJA,T.I.,2005-03-25,M,2,PERDIO CUPO A130/98 ART. 80 LIT. C,TUNJA,TUNJA,LIT. C,19
SEGUNDO SEMESTRE DE 2023,CIENCIAS ECONOMICAS Y ADMINISTRATIVAS,ECONOMIA,Diurna,Presencial,TUNJA,T.I.,2003-11-08,M,2,PERDIO CUPO A130/98 ART.80 LIT. E,CHOCONTÁ,TOCANCIPÁ,LIT. E,21
SEGUNDO SEMESTRE DE 2023,CIENCIAS ECONOMICAS Y ADMINISTRATIVAS,ECONOMIA,Diurna,Presencial,TUNJA,C.C.,1996-07-02,M,2,PERDIO CUPO A130/98 ART. 80 LIT. B,SOGAMOSO,SOGAMOSO,LIT. B,28
SEGUNDO SEMESTRE DE 2023,CIENCIAS ECONOMICAS Y ADMINISTRATIVAS,ECONOMIA,Diurna,Presencial,TUNJA,T.I.,2003-09-17,F,2,PERDIO CUPO A130/98 ART.80 LIT. E,BOGOTÁ D.C.,CHIVOR,LIT. E,21
SEGUNDO SEMESTRE DE 2023,CIENCIAS ECONOMICAS Y ADMINISTRATIVAS,ECONOMIA,Nocturna,Presencial,TUNJA,C.C.,1999-03-12,F,2,PERDIO CUPO A130/98 ART. 80 LIT. C,SOGAMOSO,BOGOTA D.E,LIT. C,25
SEGUNDO SEMESTRE DE 2023,CIENCIAS ECONOMICAS Y ADMINISTRATIVAS,ECONOMIA,Nocturna,Presencial,TUNJA,C.C.,1996-09-17,M,1,PERDIO CUPO A130/98 ART. 80 LIT. B,DUITAMA,DUITAMA,LIT. B,28
SEGUNDO SEMESTRE DE 2023,CIENCIAS ECONOMICAS Y ADMINISTRATIVAS,ECONOMIA,Nocturna,Presencial,TUNJA,C.C.,2000-02-21,F,3,PERDIO CUPO A130/98 ART. 80 LIT. B,TUNJA,TUNJA,LIT. B,24
SEGUNDO SEMESTRE DE 2023,CIENCIAS ECONOMICAS Y ADMINISTRATIVAS,ECONOMIA,Nocturna,Presencial,TUNJA,C.C.,1999-05-19,M,1,PERDIO CUPO A130/98 ART. 80 LIT. C,DUITAMA,DUITAMA,LIT. C,25
SEGUNDO SEMESTRE DE 2023,CIENCIAS ECONOMICAS Y ADMINISTRATIVAS,ECONOMIA,Nocturna,Presencial,TUNJA,C.C.,2000-11-30,M,2,PERDIO CUPO A130/98 ART. 80 LIT. C,PAIPA,PAIPA,LIT. C,24
SEGUNDO SEMESTRE DE 2023,CIENCIAS ECONOMICAS Y ADMINISTRATIVAS,ECONOMIA,Nocturna,Presencial,TUNJA,C.C.,2001-05-29,M,2,PERDIO CUPO A130/98 ART. 80 LIT. B,TUNJA,TUNJA,LIT. B,23
SEGUNDO SEMESTRE DE 2023,CIENCIAS ECONOMICAS Y ADMINISTRATIVAS,ECONOMIA,Nocturna,Presencial,TUNJA,C.C.,2004-02-28,F,2,PERDIO CUPO A130/98 ART. 80 LIT. B,TUNJA,SORA,LIT. B,20
SEGUNDO SEMESTRE DE 2023,CIENCIAS ECONOMICAS Y ADMINISTRATIVAS,ADMINISTRACION DE EMPRESAS,Diurna,Presencial,TUNJA,C.C.,2001-01-26,F,2,PERDIO CUPO A130/98 ART.80 LIT. E,VILLA DE LEYVA,SUTAMARCHÁN,LIT. E,23
SEGUNDO SEMESTRE DE 2023,CIENCIAS ECONOMICAS Y ADMINISTRATIVAS,ADMINISTRACION DE EMPRESAS,Nocturna,Presencial,TUNJA,C.C.,1997-09-14,M,2,PERDIO CUPO A130/98 ART.80 LIT. E,TUNJA,TUNJA,LIT. E,27
SEGUNDO SEMESTRE DE 2023,CIENCIAS ECONOMICAS Y ADMINISTRATIVAS,ADMINISTRACION DE EMPRESAS,Nocturna,Presencial,TUNJA,C.C.,2000-12-31,M,2,PERDIO CUPO A130/98 ART. 80 LIT. D,TUNJA,TUNJA,LIT. D,24
SEGUNDO SEMESTRE DE 2023,CIENCIAS ECONOMICAS Y ADMINISTRATIVAS,ADMINISTRACION DE EMPRESAS,Nocturna,Presencial,TUNJA,C.C.,2002-07-12,F,2,PERDIO CUPO A130/98 ART. 80 LIT. C,BOGOTÁ D.C.,TUNJA,LIT. C,22
SEGUNDO SEMESTRE DE 2023,CIENCIAS ECONOMICAS Y ADMINISTRATIVAS,CONTADURIA PUBLICA,Nocturna,Presencial,TUNJA,C.C.,1997-04-12,F,3,PERDIO CUPO A130/98 ART. 80 LIT. D,MIRAFLORES,TUNJA,LIT. D,27
SEGUNDO SEMESTRE DE 2023,CIENCIAS ECONOMICAS Y ADMINISTRATIVAS,CONTADURIA PUBLICA,Nocturna,Presencial,TUNJA,C.C.,2001-02-02,M,2,PERDIO CUPO A130/98 ART. 80 LIT. D,TIBANÁ,TIBANÁ,LIT. D,23
SEGUNDO SEMESTRE DE 2023,CIENCIAS ECONOMICAS Y ADMINISTRATIVAS,CONTADURIA PUBLICA,Nocturna,Presencial,TUNJA,C.C.,2002-05-27,F,2,PERDIO CUPO A130/98 ART. 80 LIT. D,GARAGOA,TUNJA,LIT. D,22
SEGUNDO SEMESTRE DE 2023,CIENCIAS ECONOMICAS Y ADMINISTRATIVAS,MAESTRIA EN ECONOMIA,Otra,Presencial,TUNJA,C.C.,1995-12-08,F,SIN INFORMACION,PERDIO CUPO A 052/2012  ART 15 LIT.A.,DUITAMA,DUITAMA,LIT. A,29
SEGUNDO SEMESTRE DE 2023,CIENCIAS ECONOMICAS Y ADMINISTRATIVAS,MAESTRIA EN ECONOMIA,Otra,Presencial,TUNJA,C.C.,1996-08-30,M,SIN INFORMACION,PERDIO CUPO A 052/2012  ART 15 LIT.A.,SAMACÁ,SAMACÁ,LIT. A,28
SEGUNDO SEMESTRE DE 2023,CIENCIAS ECONOMICAS Y ADMINISTRATIVAS,MAESTRIA EN ECONOMIA,Otra,Presencial,TUNJA,C.C.,1990-09-01,F,SIN INFORMACION,PERDIO CUPO A 052/2012  ART 15 LIT.A.,SOGAMOSO,TUNJA,LIT. A,34
SEGUNDO SEMESTRE DE 2023,DERECHO Y CIENCIAS  SOCIALES,DERECHO,Diurna,Presencial,TUNJA,T.I.,2003-10-22,M,3,PERDIO CUPO A130/98 ART. 80 LIT. B,SOGAMOSO,SOGAMOSO,LIT. B,21
SEGUNDO SEMESTRE DE 2023,DERECHO Y CIENCIAS  SOCIALES,DERECHO,Extendida,Presencial,AGUAZUL,T.I.,2005-01-28,F,1,PERDIO CUPO A130/98 ART.80 LIT. E,AGUAZUL,AGUAZUL,LIT. E,19
SEGUNDO SEMESTRE DE 2023,ESTUDIOS A DISTANCIA,ESPECIALIZACION EN ALTA GERENCIA DE EMPRESAS,Otra,Virtual,TUNJA,C.C.,1989-07-10,M,SIN INFORMACION,PERDIO CUPO A 052/2012  ART 15 LIT.A.,TASCO,TASCO,LIT. A,35
SEGUNDO SEMESTRE DE 2023,ESTUDIOS A DISTANCIA,MAESTRIA EN DIDACTICA DE LA MATEMATICA,Extendida,Virtual,TUNJA,C.C.,1985-01-02,M,SIN INFORMACION,PERDIO CUPO A 052/2012  ART 15 LIT.A.,BARBACOAS,BARBACOAS,LIT. A,39
SEGUNDO SEMESTRE DE 2023,ESTUDIOS A DISTANCIA,TECNOLOGIA EN OBRAS CIVILES,Otra,Distancia,TUNJA,C.C.,2001-08-13,M,2,PERDIO CUPO A130/98 ART. 80 LIT. C,SOGAMOSO,DUITAMA,LIT. C,23
SEGUNDO SEMESTRE DE 2023,ESTUDIOS A DISTANCIA,TECNOLOGIA EN OBRAS CIVILES,Otra,Distancia,TUNJA,C.C.,2000-01-20,M,2,PERDIO CUPO A130/98 ART. 80 LIT. B,CHÍQUIZA,MOTAVITA,LIT. B,24
SEGUNDO SEMESTRE DE 2023,ESTUDIOS A DISTANCIA,TECNOLOGIA EN OBRAS CIVILES,Otra,Distancia,TUNJA,C.C.,2001-05-05,M,2,PERDIO CUPO A130/98 ART. 80 LIT. C,TUNJA,TUNJA,LIT. C,23
SEGUNDO SEMESTRE DE 2023,ESTUDIOS A DISTANCIA,TECNOLOGIA EN OBRAS CIVILES,Otra,Distancia,TUNJA,C.C.,2003-05-09,F,2,PERDIO CUPO A130/98 ART. 80 LIT. B,TUNJA,TUNJA,LIT. B,21
SEGUNDO SEMESTRE DE 2023,ESTUDIOS A DISTANCIA,TECNOLOGIA EN OBRAS CIVILES,Otra,Distancia,TUNJA,C.C.,1998-09-18,M,2,PERDIO CUPO A130/98 ART. 80 LIT. B,TUNJA,TUNJA,LIT. B,26
SEGUNDO SEMESTRE DE 2023,ESTUDIOS A DISTANCIA,TECNOLOGIA EN OBRAS CIVILES,Otra,Distancia,TUNJA,C.C.,2000-07-14,F,2,PERDIO CUPO A130/98 ART. 80 LIT. C,GUATEQUE,SUTATENZA,LIT. C,24
SEGUNDO SEMESTRE DE 2023,ESTUDIOS A DISTANCIA,TECNOLOGIA EN OBRAS CIVILES,Otra,Distancia,SOGAMOSO,C.C.,1997-07-12,F,2,PERDIO CUPO A130/98 ART. 80 LIT. C,AGUAZUL,SOGAMOSO,LIT. C,27
SEGUNDO SEMESTRE DE 2023,ESTUDIOS A DISTANCIA,TECNOLOGIA EN OBRAS CIVILES,Otra,Distancia,SOGAMOSO,C.C.,1981-07-18,M,2,PERDIO CUPO A130/98 ART. 80 LIT. C,BOGOTÁ D.C.,BOGOTÁ D.C.,LIT. C,43
SEGUNDO SEMESTRE DE 2023,ESTUDIOS A DISTANCIA,TECNOLOGIA EN OBRAS CIVILES,Otra,Distancia,CHIQUINQUIRA,C.C.,2005-09-12,M,2,PERDIO CUPO A130/98 ART. 80 LIT. B,CHIQUINQUIRÁ,CHIQUINQUIRÁ,LIT. B,19
SEGUNDO SEMESTRE DE 2023,ESTUDIOS A DISTANCIA,TECNOLOGIA EN OBRAS CIVILES,Otra,Distancia,CHIQUINQUIRA,T.I.,2005-12-16,M,1,PERDIO CUPO A130/98 ART. 80 LIT. B,MUZO,MUZO,LIT. B,19
SEGUNDO SEMESTRE DE 2023,ESTUDIOS A DISTANCIA,TECNOLOGIA EN OBRAS CIVILES,Otra,Distancia,CHIQUINQUIRA,C.C.,1994-04-24,F,2,PERDIO CUPO A130/98 ART. 80 LIT. B,CHIQUINQUIRÁ,CHIQUINQUIRÁ,LIT. B,30
SEGUNDO SEMESTRE DE 2023,ESTUDIOS A DISTANCIA,TECNOLOGIA EN OBRAS CIVILES,Otra,Distancia,CHIQUINQUIRA,C.C.,2001-05-08,M,2,PERDIO CUPO A130/98 ART. 80 LIT. B,CHIQUINQUIRÁ,COPER,LIT. B,23
SEGUNDO SEMESTRE DE 2023,ESTUDIOS A DISTANCIA,TECNOLOGIA EN OBRAS CIVILES,Otra,Distancia,DUITAMA,C.C.,1999-04-22,M,2,PERDIO CUPO A130/98 ART. 80 LIT. C,DUITAMA,DUITAMA,LIT. C,25
SEGUNDO SEMESTRE DE 2023,ESTUDIOS A DISTANCIA,TECNOLOGIA EN REGENCIA DE FARMACIA,Otra,Distancia,TUNJA,C.C.,2000-10-05,F,2,PERDIO CUPO A130/98 ART. 80 LIT. B,TURMEQUÉ,VENTAQUEMADA,LIT. B,24
SEGUNDO SEMESTRE DE 2023,ESTUDIOS A DISTANCIA,TECNOLOGIA EN REGENCIA DE FARMACIA,Otra,Distancia,TUNJA,C.C.,1997-10-22,M,3,PERDIO CUPO A130/98 ART. 80 LIT. B,SOGAMOSO,SOGAMOSO,LIT. B,27
SEGUNDO SEMESTRE DE 2023,ESTUDIOS A DISTANCIA,TECNOLOGIA EN REGENCIA DE FARMACIA,Otra,Distancia,TUNJA,C.C.,2001-09-17,F,3,PERDIO CUPO A130/98 ART. 80 LIT. C,TUNJA,TUNJA,LIT. C,23
SEGUNDO SEMESTRE DE 2023,ESTUDIOS A DISTANCIA,TECNOLOGIA EN REGENCIA DE FARMACIA,Otra,Distancia,TUNJA,C.C.,2002-06-04,F,2,PERDIO CUPO A130/98 ART. 80 LIT. C,TUNJA,TUNJA,LIT. C,22
SEGUNDO SEMESTRE DE 2023,ESTUDIOS A DISTANCIA,TECNOLOGIA EN REGENCIA DE FARMACIA,Otra,Distancia,DUITAMA,C.C.,1995-11-30,F,2,PERDIO CUPO A130/98 ART. 80 LIT. B,CHITA,BOGOTA D.E,LIT. B,29
SEGUNDO SEMESTRE DE 2023,ESTUDIOS A DISTANCIA,TECNOLOGIA EN REGENCIA DE FARMACIA,Otra,Distancia,DUITAMA,C.C.,1994-05-30,F,2,PERDIO CUPO A130/98 ART. 80 LIT. C,UMBITA,UMBITA,LIT. C,30
SEGUNDO SEMESTRE DE 2023,ESTUDIOS A DISTANCIA,TECNOLOGIA EN REGENCIA DE FARMACIA,Otra,Distancia,SOGAMOSO,C.C.,2003-06-20,F,2,PERDIO CUPO A130/98 ART.80 LIT. E,SOGAMOSO,MONGUA,LIT. E,21
SEGUNDO SEMESTRE DE 2023,ESTUDIOS A DISTANCIA,TECNOLOGIA EN REGENCIA DE FARMACIA,Otra,Distancia,SOGAMOSO,T.I.,2005-02-25,F,2,PERDIO CUPO A130/98 ART. 80 LIT. B,SOGAMOSO,PESCA,LIT. B,19
SEGUNDO SEMESTRE DE 2023,ESTUDIOS A DISTANCIA,TECNOLOGIA EN REGENCIA DE FARMACIA,Otra,Distancia,SOGAMOSO,C.C.,1994-07-06,F,2,PERDIO CUPO A130/98 ART. 80 LIT. D,PESCA,PESCA,LIT. D,30
SEGUNDO SEMESTRE DE 2023,ESTUDIOS A DISTANCIA,TECNOLOGIA EN REGENCIA DE FARMACIA,Otra,Distancia,YOPAL,T.I.,2002-04-27,M,1,PERDIO CUPO A130/98 ART.80 LIT. E,YOPAL,OCAÑA,LIT. E,22
SEGUNDO SEMESTRE DE 2023,ESTUDIOS A DISTANCIA,TECNOLOGIA EN REGENCIA DE FARMACIA,Otra,Distancia,SANTA FE DE BOGOTA,C.C.,1999-04-12,M,2,PERDIO CUPO A130/98 ART.80 LIT. E,BOGOTÁ D.C.,SUBACHOQUE,LIT. E,25
SEGUNDO SEMESTRE DE 2023,ESTUDIOS A DISTANCIA,TECNOLOGIA EN ELECTRICIDAD,Otra,Distancia,YOPAL,C.C.,1977-11-25,M,2,PERDIO CUPO A130/98 ART. 80 LIT. D,CARTAGENA,CARTAGENA,LIT. D,47
SEGUNDO SEMESTRE DE 2023,ESTUDIOS A DISTANCIA,TECNOLOGIA EN ELECTRICIDAD,Otra,Distancia,YOPAL,C.C.,1997-11-22,M,2,PERDIO CUPO A130/98 ART. 80 LIT. D,YOPAL,AGUAZUL,LIT. D,27
SEGUNDO SEMESTRE DE 2023,ESTUDIOS A DISTANCIA,TECNICA PROFESIONAL EN PROCESOS AGROINDUSTRIALES,Otra,Virtual,TUNJA,T.I.,2005-09-17,F,1,PERDIO CUPO A130/98 ART. 80 LIT. B,TRINIDAD,TRINIDAD,LIT. B,19
SEGUNDO SEMESTRE DE 2023,ESTUDIOS A DISTANCIA,TECNICA PROFESIONAL EN PROCESOS AGROINDUSTRIALES,Otra,Virtual,TUNJA,C.C.,1998-11-16,M,2,PERDIO CUPO A130/98 ART.80 LIT. E,VÉLEZ,LA BELLEZA,LIT. E,26
SEGUNDO SEMESTRE DE 2023,ESTUDIOS A DISTANCIA,ADMINISTRACION AGROINDUSTRIAL,Otra,Virtual,TUNJA,C.C.,1986-10-04,F,2,PERDIO CUPO A130/98 ART. 80 LIT. B,MIRAFLORES,MIRAFLORES,LIT. B,38
SEGUNDO SEMESTRE DE 2023,ESTUDIOS A DISTANCIA,TECNICA PROFESIONAL EN PROCESOS AGROINDUSTRIALES,Otra,Virtual,DUITAMA,C.C.,2002-04-23,F,1,PERDIO CUPO A130/98 ART. 80 LIT. C,ZONA BANANERA,ZONA BANANERA,LIT. C,22
SEGUNDO SEMESTRE DE 2023,ESTUDIOS A DISTANCIA,TECNICA PROFESIONAL EN PROCESOS ADMINISTRATIVOS DE SALUD,Otra,Virtual,RONDON,C.C.,1993-10-03,F,2,PERDIO CUPO A130/98 ART. 80 LIT. C,ZETAQUIRA,TUNJA,LIT. C,31
SEGUNDO SEMESTRE DE 2023,ESTUDIOS A DISTANCIA,TECNICA PROFESIONAL EN PROCESOS ADMINISTRATIVOS DE SALUD,Otra,Virtual,RONDON,C.C.,2001-08-31,F,1,PERDIO CUPO A130/98 ART. 80 LIT. C,EL BANCO,CHIMICHAGUA,LIT. C,23
SEGUNDO SEMESTRE DE 2023,ESTUDIOS A DISTANCIA,TECNICA PROFESIONAL EN PROCESOS ADMINISTRATIVOS DE SALUD,Otra,Virtual,RONDON,C.C.,1997-05-19,F,1,PERDIO CUPO A130/98 ART. 80 LIT. C,TUNJA,SITIONUEVO,LIT. C,27
SEGUNDO SEMESTRE DE 2023,ESTUDIOS A DISTANCIA,TECNOLOGIA DE PROGRAMACION DE SISTEMAS INFORMATICOS,Otra,Distancia,TUNJA,T.I.,2005-02-13,M,1,PERDIO CUPO A130/98 ART. 80 LIT. B,RAMIRIQUÍ,RAMIRIQUÍ,LIT. B,19
SEGUNDO SEMESTRE DE 2023,ESTUDIOS A DISTANCIA,TECNOLOGIA DE PROGRAMACION DE SISTEMAS INFORMATICOS,Otra,Distancia,TUNJA,C.C.,1992-07-01,M,1,PERDIO CUPO A130/98 ART.80 LIT. E,VILLAPINZÓN,VILLAPINZÓN,LIT. E,32
SEGUNDO SEMESTRE DE 2023,ESTUDIOS A DISTANCIA,TECNOLOGIA DE PROGRAMACION DE SISTEMAS INFORMATICOS,Otra,Distancia,TUNJA,T.I.,2005-10-12,M,2,PERDIO CUPO A130/98 ART.80 LIT. E,YOPAL,YOPAL,LIT. E,19
SEGUNDO SEMESTRE DE 2023,ESTUDIOS A DISTANCIA,TECNOLOGIA DE PROGRAMACION DE SISTEMAS INFORMATICOS,Otra,Distancia,TUNJA,C.C.,1994-12-18,M,1,PERDIO CUPO A130/98 ART. 80 LIT. B,OICATÁ,OICATÁ,LIT. B,30
SEGUNDO SEMESTRE DE 2023,ESTUDIOS A DISTANCIA,TECNOLOGIA DE PROGRAMACION DE SISTEMAS INFORMATICOS,Otra,Distancia,TUNJA,C.E,1991-09-01,M,3,PERDIO CUPO A130/98 ART. 80 LIT. C,TUNJA,BOGOTÁ D.C.,LIT. C,33
SEGUNDO SEMESTRE DE 2023,ESTUDIOS A DISTANCIA,TECNOLOGIA DE PROGRAMACION DE SISTEMAS INFORMATICOS,Otra,Distancia,TUNJA,C.C.,2002-01-30,M,2,PERDIO CUPO A130/98 ART. 80 LIT. B,TUNJA,ARCABUCO,LIT. B,22
SEGUNDO SEMESTRE DE 2023,ESTUDIOS A DISTANCIA,TECNOLOGIA DE PROGRAMACION DE SISTEMAS INFORMATICOS,Otra,Distancia,TUNJA,C.C.,1994-07-10,F,2,PERDIO CUPO A130/98 ART. 80 LIT. C,BOGOTÁ D.C.,BOGOTÁ D.C.,LIT. C,30
SEGUNDO SEMESTRE DE 2023,ESTUDIOS A DISTANCIA,TECNOLOGIA DE PROGRAMACION DE SISTEMAS INFORMATICOS,Otra,Distancia,TUNJA,C.C.,2004-10-25,M,2,PERDIO CUPO A130/98 ART. 80 LIT. B,TUNJA,TUNJA,LIT. B,20
SEGUNDO SEMESTRE DE 2023,ESTUDIOS A DISTANCIA,TECNICA PROFESIONAL EN INSTALACION Y MANTENIMIENTO DE REDES Y COMPUTADORES,Otra,Distancia,TUNJA,T.I.,2003-08-27,M,3,PERDIO CUPO A130/98 ART. 80 LIT. C,TUNJA,TUNJA,LIT. C,21
SEGUNDO SEMESTRE DE 2023,ESTUDIOS A DISTANCIA,TECNICA PROFESIONAL EN INSTALACION Y MANTENIMIENTO DE REDES Y COMPUTADORES,Otra,Distancia,TUNJA,C.C.,2004-06-15,F,2,PERDIO CUPO A130/98 ART. 80 LIT. B,SORACÁ,SORACÁ,LIT. B,20
SEGUNDO SEMESTRE DE 2023,ESTUDIOS A DISTANCIA,TECNICA PROFESIONAL EN PROCESOS ADMINISTRATIVOS DE SALUD,Otra,Virtual,TUNJA,C.C.,1990-12-26,F,1,PERDIO CUPO A130/98 ART. 80 LIT. B,TUNJA,TUNJA,LIT. B,34
SEGUNDO SEMESTRE DE 2023,ESTUDIOS A DISTANCIA,TECNICA PROFESIONAL EN PROCESOS ADMINISTRATIVOS DE SALUD,Otra,Virtual,TUNJA,T.I.,2005-08-11,F,2,PERDIO CUPO A130/98 ART. 80 LIT. C,CÚCUTA,TUNJA,LIT. C,19
SEGUNDO SEMESTRE DE 2023,ESTUDIOS A DISTANCIA,TECNOLOGIA EN GESTION ADMINISTRATIVA DE SERVICIOS DE SALUD,Otra,Virtual,TUNJA,C.C.,1986-12-29,F,2,PERDIO CUPO A130/98 ART.80 LIT. E,DUITAMA,PAIPA,LIT. E,38
SEGUNDO SEMESTRE DE 2023,ESTUDIOS A DISTANCIA,TECNICA PROFESIONAL EN PROCESOS COMERCIALES Y FINANCIEROS,Otra,Virtual,TUNJA,C.C.,1999-03-11,M,2,PERDIO CUPO A130/98 ART. 80 LIT. C,TUNJA,PAIPA,LIT. C,25
SEGUNDO SEMESTRE DE 2023,ESTUDIOS A DISTANCIA,TECNICA PROFESIONAL EN PROCESOS COMERCIALES Y FINANCIEROS,Otra,Virtual,TUNJA,C.C.,2002-04-22,F,1,PERDIO CUPO A130/98 ART. 80 LIT. B,TUNJA,TUNJA,LIT. B,22
SEGUNDO SEMESTRE DE 2023,ESTUDIOS A DISTANCIA,TECNICA PROFESIONAL EN PROCESOS COMERCIALES Y FINANCIEROS,Otra,Virtual,TUNJA,T.I.,2003-04-26,F,2,PERDIO CUPO A130/98 ART. 80 LIT. C,TUNJA,TUNJA,LIT. C,21
SEGUNDO SEMESTRE DE 2023,ESTUDIOS A DISTANCIA,TECNICA PROFESIONAL EN PROCESOS COMERCIALES Y FINANCIEROS,Otra,Virtual,TUNJA,C.C.,1993-09-05,F,2,PERDIO CUPO A130/98 ART. 80 LIT. C,TUNJA,TUNJA,LIT. C,31
SEGUNDO SEMESTRE DE 2023,ESTUDIOS A DISTANCIA,TECNICA PROFESIONAL EN PROCESOS COMERCIALES Y FINANCIEROS,Otra,Virtual,TUNJA,C.C.,2001-01-30,F,1,PERDIO CUPO A130/98 ART. 80 LIT. B,TUNJA,TUNJA,LIT. B,23
SEGUNDO SEMESTRE DE 2023,ESTUDIOS A DISTANCIA,TECNOLOGIA EN GESTION COMERCIAL Y FINANCIERA,Otra,Virtual,TUNJA,C.C.,1990-07-13,M,2,PERDIO CUPO A130/98 ART. 80 LIT. D,BOGOTÁ D.C.,BOGOTÁ D.C.,LIT. D,34
SEGUNDO SEMESTRE DE 2023,ESTUDIOS A DISTANCIA,ADMINISTRACION COMERCIAL Y FINANCIERA,Otra,Virtual,TUNJA,C.C.,1995-03-10,F,1,PERDIO CUPO A130/98 ART.80 LIT. E,CHIQUINQUIRÁ,SIMIJACA,LIT. E,29
SEGUNDO SEMESTRE DE 2023,ESTUDIOS A DISTANCIA,ADMINISTRACION COMERCIAL Y FINANCIERA,Otra,Virtual,TUNJA,C.C.,1982-02-24,M,2,PERDIO CUPO A130/98 ART. 80 LIT. D,TUNJA,TUNJA,LIT. D,42
SEGUNDO SEMESTRE DE 2023,ESTUDIOS A DISTANCIA,TECNICA PROFESIONAL EN PROCESOS ADMINISTRATIVOS DE SALUD,Otra,Virtual,SOGAMOSO,C.C.,2001-01-07,M,2,PERDIO CUPO A130/98 ART.80 LIT. E,SOGAMOSO,PAYA,LIT. E,23
SEGUNDO SEMESTRE DE 2023,ESTUDIOS A DISTANCIA,TECNICA PROFESIONAL EN PROCESOS ADMINISTRATIVOS DE SALUD,Otra,Virtual,SOGAMOSO,C.C.,2001-09-26,F,2,PERDIO CUPO A130/98 ART. 80 LIT. B,SOGAMOSO,TUNJA,LIT. B,23
SEGUNDO SEMESTRE DE 2023,ESTUDIOS A DISTANCIA,TECNICA PROFESIONAL EN PROCESOS ADMINISTRATIVOS DE SALUD,Otra,Virtual,SOGAMOSO,T.I.,2004-11-30,F,2,PERDIO CUPO A130/98 ART. 80 LIT. B,DUITAMA,DUITAMA,LIT. B,20
SEGUNDO SEMESTRE DE 2023,ESTUDIOS A DISTANCIA,TECNICA PROFESIONAL EN PROCESOS ADMINISTRATIVOS DE SALUD,Otra,Virtual,SOGAMOSO,C.C.,1995-08-08,F,2,PERDIO CUPO A130/98 ART. 80 LIT. C,SOGAMOSO,SOGAMOSO,LIT. C,29
SEGUNDO SEMESTRE DE 2023,ESTUDIOS A DISTANCIA,TECNICA PROFESIONAL EN PROCESOS ADMINISTRATIVOS DE SALUD,Otra,Virtual,SOGAMOSO,C.C.,1999-11-15,F,2,PERDIO CUPO A130/98 ART. 80 LIT. C,SOGAMOSO,SOGAMOSO,LIT. C,25
SEGUNDO SEMESTRE DE 2023,ESTUDIOS A DISTANCIA,TECNICA PROFESIONAL EN PROCESOS ADMINISTRATIVOS DE SALUD,Otra,Virtual,SOGAMOSO,C.C.,2002-01-17,F,1,PERDIO CUPO A130/98 ART. 80 LIT. B,DUITAMA,DUITAMA,LIT. B,22
SEGUNDO SEMESTRE DE 2023,ESTUDIOS A DISTANCIA,TECNICA PROFESIONAL EN PROCESOS ADMINISTRATIVOS DE SALUD,Otra,Virtual,CHIQUINQUIRA,T.I.,2004-05-30,F,1,PERDIO CUPO A130/98 ART. 80 LIT. C,CHIQUINQUIRÁ,CHIQUINQUIRÁ,LIT. C,20
SEGUNDO SEMESTRE DE 2023,ESTUDIOS A DISTANCIA,TECNICA PROFESIONAL EN PROCESOS ADMINISTRATIVOS DE SALUD,Otra,Virtual,SANTA FE DE BOGOTA,C.C.,1993-05-03,F,2,PERDIO CUPO A130/98 ART.80 LIT. E,BOGOTÁ D.C.,DUITAMA,LIT. E,31
SEGUNDO SEMESTRE DE 2023,ESTUDIOS A DISTANCIA,TECNICA PROFESIONAL EN PROCESOS ADMINISTRATIVOS DE SALUD,Otra,Virtual,GARAGOA,C.C.,1996-05-12,F,1,PERDIO CUPO A130/98 ART.80 LIT. E,CIÉNAGA,ZONA BANANERA,LIT. E,28
SEGUNDO SEMESTRE DE 2023,ESTUDIOS A DISTANCIA,TECNICA PROFESIONAL EN PROCESOS ADMINISTRATIVOS DE SALUD,Otra,Virtual,GARAGOA,C.C.,2000-09-19,F,2,PERDIO CUPO A130/98 ART. 80 LIT. C,MELGAR,ALMEIDA,LIT. C,24
SEGUNDO SEMESTRE DE 2023,ESTUDIOS A DISTANCIA,TECNICA PROFESIONAL EN PROCESOS ADMINISTRATIVOS DE SALUD,Otra,Virtual,GARAGOA,C.C.,2001-05-24,F,1,PERDIO CUPO A130/98 ART. 80 LIT. D,FUNDACIÓN,FUNDACIÓN,LIT. D,23
SEGUNDO SEMESTRE DE 2023,ESTUDIOS A DISTANCIA,TECNICA PROFESIONAL EN PROCESOS ADMINISTRATIVOS DE SALUD,Otra,Virtual,RIONEGRO,C.C.,2002-04-27,F,1,PERDIO CUPO A130/98 ART. 80 LIT. C,PIVIJAY,CHIVOLO,LIT. C,22
SEGUNDO SEMESTRE DE 2023,ESTUDIOS A DISTANCIA,TECNICA PROFESIONAL EN PROCESOS ADMINISTRATIVOS DE SALUD,Otra,Virtual,RIONEGRO,C.C.,1997-02-16,M,2,PERDIO CUPO A130/98 ART. 80 LIT. C,SANTA MARTA,SANTA MARTA,LIT. C,27
SEGUNDO SEMESTRE DE 2023,ESTUDIOS A DISTANCIA,TECNICA PROFESIONAL EN PROCESOS ADMINISTRATIVOS DE SALUD,Otra,Virtual,RIONEGRO,C.C.,1998-12-09,F,1,PERDIO CUPO A130/98 ART. 80 LIT. C,EL RETÉN,EL RETÉN,LIT. C,26
SEGUNDO SEMESTRE DE 2023,ESTUDIOS A DISTANCIA,TECNICA PROFESIONAL EN PROCESOS ADMINISTRATIVOS DE SALUD,Otra,Virtual,SOATA,C.C.,1999-01-03,M,2,PERDIO CUPO A130/98 ART. 80 LIT. C,SANTA MARTA,SANTA MARTA,LIT. C,25
SEGUNDO SEMESTRE DE 2023,ESTUDIOS A DISTANCIA,TECNICA PROFESIONAL EN PROCESOS ADMINISTRATIVOS DE SALUD,Otra,Virtual,SOATA,C.C.,1995-09-30,F,1,PERDIO CUPO A130/98 ART. 80 LIT. C,PEDRAZA,PEDRAZA,LIT. C,29
SEGUNDO SEMESTRE DE 2023,ESTUDIOS A DISTANCIA,TECNICA PROFESIONAL EN PROCESOS ADMINISTRATIVOS DE SALUD,Otra,Virtual,SOATA,C.C.,1995-05-23,M,2,PERDIO CUPO A130/98 ART. 80 LIT. C,CÚCUTA,LOS PATIOS,LIT. C,29
SEGUNDO SEMESTRE DE 2023,ESTUDIOS A DISTANCIA,TECNICA PROFESIONAL EN PROCESOS ADMINISTRATIVOS DE SALUD,Otra,Virtual,SOATA,C.C.,2000-09-14,F,2,PERDIO CUPO A130/98 ART. 80 LIT. C,PIVIJAY,PIVIJAY,LIT. C,24
SEGUNDO SEMESTRE DE 2023,ESTUDIOS A DISTANCIA,TECNICA PROFESIONAL EN PROCESOS ADMINISTRATIVOS DE SALUD,Otra,Virtual,SOATA,C.C.,1999-11-14,F,1,PERDIO CUPO A130/98 ART. 80 LIT. C,BARRANQUILLA,PIVIJAY,LIT. C,25
SEGUNDO SEMESTRE DE 2023,ESTUDIOS A DISTANCIA,TECNICA PROFESIONAL EN PROCESOS ADMINISTRATIVOS DE SALUD,Otra,Virtual,YOPAL,C.C.,1995-09-13,F,1,PERDIO CUPO A130/98 ART. 80 LIT. C,YOPAL,YOPAL,LIT. C,29
SEGUNDO SEMESTRE DE 2023,ESTUDIOS A DISTANCIA,TECNICA PROFESIONAL EN PROCESOS ADMINISTRATIVOS DE SALUD,Otra,Virtual,YOPAL,C.C.,1997-06-18,F,1,PERDIO CUPO A130/98 ART. 80 LIT. C,YOPAL,YOPAL,LIT. C,27
SEGUNDO SEMESTRE DE 2023,ESTUDIOS A DISTANCIA,TECNICA PROFESIONAL EN PROCESOS ADMINISTRATIVOS DE SALUD,Otra,Virtual,YOPAL,C.C.,1999-04-23,F,1,PERDIO CUPO A130/98 ART. 80 LIT. C,IBAGUÉ,YOPAL,LIT. C,25
SEGUNDO SEMESTRE DE 2023,ESTUDIOS A DISTANCIA,TECNICA PROFESIONAL EN PROCESOS ADMINISTRATIVOS DE SALUD,Otra,Virtual,YOPAL,C.C.,1996-10-24,F,2,PERDIO CUPO A130/98 ART. 80 LIT. B,BOGOTÁ D.C.,PAZ DE ARIPORO,LIT. B,28
SEGUNDO SEMESTRE DE 2023,ESTUDIOS A DISTANCIA,TECNOLOGIA EN GESTION ADMINISTRATIVA DE SERVICIOS DE SALUD,Otra,Virtual,SANTA FE DE BOGOTA,C.C.,1998-02-14,F,2,PERDIO CUPO A130/98 ART. 80 LIT. D,MUZO,CHIQUINQUIRÁ,LIT. D,26
SEGUNDO SEMESTRE DE 2023,ESTUDIOS A DISTANCIA,TECNICA PROFESIONAL EN PROCESOS COMERCIALES Y FINANCIEROS,Otra,Virtual,GARAGOA,T.I.,2005-01-30,F,2,PERDIO CUPO A130/98 ART. 80 LIT. B,BOGOTÁ D.C.,GUATEQUE,LIT. B,19
SEGUNDO SEMESTRE DE 2023,ESTUDIOS A DISTANCIA,TECNICA PROFESIONAL EN PROCESOS COMERCIALES Y FINANCIEROS,Otra,Virtual,GARAGOA,C.C.,1993-01-19,M,2,PERDIO CUPO A130/98 ART. 80 LIT. C,GARAGOA,GARAGOA,LIT. C,31
SEGUNDO SEMESTRE DE 2023,ESTUDIOS A DISTANCIA,TECNICA PROFESIONAL EN PROCESOS COMERCIALES Y FINANCIEROS,Otra,Virtual,GARAGOA,C.C.,1998-07-22,F,2,PERDIO CUPO A130/98 ART. 80 LIT. B,GARAGOA,GARAGOA,LIT. B,26
SEGUNDO SEMESTRE DE 2023,ESTUDIOS A DISTANCIA,TECNICA PROFESIONAL EN PROCESOS COMERCIALES Y FINANCIEROS,Otra,Virtual,BARRANCABERMEJA,C.C.,1998-08-31,M,1,PERDIO CUPO A130/98 ART.80 LIT. E,FUNDACIÓN,FUNDACIÓN,LIT. E,26
SEGUNDO SEMESTRE DE 2023,ESTUDIOS A DISTANCIA,TECNICA PROFESIONAL EN PROCESOS COMERCIALES Y FINANCIEROS,Otra,Virtual,DUITAMA,T.I.,2004-01-09,M,2,PERDIO CUPO A130/98 ART.80 LIT. E,SANTA ROSA DE VITERBO,SANTA ROSA DE VITERBO,LIT. E,20
SEGUNDO SEMESTRE DE 2023,ESTUDIOS A DISTANCIA,TECNICA PROFESIONAL EN PROCESOS COMERCIALES Y FINANCIEROS,Otra,Virtual,DUITAMA,T.I.,2005-08-24,F,2,PERDIO CUPO A130/98 ART. 80 LIT. B,SANTA ROSA DE VITERBO,SANTA ROSA DE VITERBO,LIT. B,19
SEGUNDO SEMESTRE DE 2023,ESTUDIOS A DISTANCIA,TECNICA PROFESIONAL EN PROCESOS COMERCIALES Y FINANCIEROS,Otra,Virtual,CHIQUINQUIRA,C.C.,1999-05-08,F,2,PERDIO CUPO A130/98 ART.80 LIT. E,CHIQUINQUIRÁ,CHIQUINQUIRÁ,LIT. E,25
SEGUNDO SEMESTRE DE 2023,ESTUDIOS A DISTANCIA,TECNICA PROFESIONAL EN PROCESOS COMERCIALES Y FINANCIEROS,Otra,Virtual,CHIQUINQUIRA,C.C.,1998-11-11,F,2,PERDIO CUPO A130/98 ART.80 LIT. E,CHIQUINQUIRÁ,SIMIJACA,LIT. E,26
SEGUNDO SEMESTRE DE 2023,ESTUDIOS A DISTANCIA,TECNICA PROFESIONAL EN PROCESOS COMERCIALES Y FINANCIEROS,Otra,Virtual,CHIQUINQUIRA,C.C.,1997-01-30,M,2,PERDIO CUPO A130/98 ART. 80 LIT. B,BOGOTÁ D.C.,QUÍPAMA,LIT. B,27
SEGUNDO SEMESTRE DE 2023,ESTUDIOS A DISTANCIA,TECNICA PROFESIONAL EN PROCESOS COMERCIALES Y FINANCIEROS,Otra,Virtual,CHIQUINQUIRA,C.C.,1997-09-28,M,1,PERDIO CUPO A130/98 ART. 80 LIT. B,CHIQUINQUIRÁ,CHIQUINQUIRÁ,LIT. B,27
SEGUNDO SEMESTRE DE 2023,ESTUDIOS A DISTANCIA,TECNICA PROFESIONAL EN PROCESOS COMERCIALES Y FINANCIEROS,Otra,Virtual,YOPAL,C.C.,1997-09-14,F,2,PERDIO CUPO A130/98 ART. 80 LIT. B,PUERTO LÓPEZ,PUERTO LÓPEZ,LIT. B,27
SEGUNDO SEMESTRE DE 2023,ESTUDIOS A DISTANCIA,TECNICA PROFESIONAL EN PROCESOS COMERCIALES Y FINANCIEROS,Otra,Virtual,SOGAMOSO,C.C.,1993-07-10,F,3,PERDIO CUPO A130/98 ART.80 LIT. E,SOGAMOSO,SOGAMOSO,LIT. E,31
SEGUNDO SEMESTRE DE 2023,ESTUDIOS A DISTANCIA,TECNICA PROFESIONAL EN PROCESOS COMERCIALES Y FINANCIEROS,Otra,Virtual,SOGAMOSO,C.C.,1998-01-21,F,2,PERDIO CUPO A130/98 ART. 80 LIT. B,SOGAMOSO,SOGAMOSO,LIT. B,26
SEGUNDO SEMESTRE DE 2023,ESTUDIOS A DISTANCIA,TECNICA PROFESIONAL EN PROCESOS COMERCIALES Y FINANCIEROS,Otra,Virtual,SOGAMOSO,T.I.,2004-01-31,M,3,PERDIO CUPO A130/98 ART. 80 LIT. B,BOGOTA D.E,SOGAMOSO,LIT. B,20
SEGUNDO SEMESTRE DE 2023,ESTUDIOS A DISTANCIA,TECNICA PROFESIONAL EN PROCESOS COMERCIALES Y FINANCIEROS,Otra,Virtual,SOGAMOSO,C.C.,1991-02-15,F,2,PERDIO CUPO A130/98 ART. 80 LIT. C,SOGAMOSO,SOGAMOSO,LIT. C,33
SEGUNDO SEMESTRE DE 2023,ESTUDIOS A DISTANCIA,TECNOLOGIA EN GESTION COMERCIAL Y FINANCIERA,Otra,Virtual,SOGAMOSO,C.C.,1996-10-24,F,2,PERDIO CUPO A130/98 ART. 80 LIT. D,SOGAMOSO,SOGAMOSO,LIT. D,28
SEGUNDO SEMESTRE DE 2023,ESTUDIOS A DISTANCIA,TECNOLOGIA EN GESTION COMERCIAL Y FINANCIERA,Otra,Virtual,CHIQUINQUIRA,C.C.,1997-09-01,F,2,PERDIO CUPO A130/98 ART. 80 LIT. D,BOGOTÁ D.C.,CHIQUINQUIRÁ,LIT. D,27
SEGUNDO SEMESTRE DE 2023,ESTUDIOS A DISTANCIA,ADMINISTRACION COMERCIAL Y FINANCIERA,Otra,Virtual,DUITAMA,C.C.,1995-08-07,F,1,PERDIO CUPO A130/98 ART. 80 LIT. D,GAMEZA,GAMEZA,LIT. D,29
SEGUNDO SEMESTRE DE 2023,ESTUDIOS A DISTANCIA,TECNICA PROFESIONAL EN PROCESOS COMERCIALES Y FINANCIEROS,Otra,Virtual,RONDON,C.C.,1995-05-15,M,1,PERDIO CUPO A130/98 ART. 80 LIT. B,BOSCONIA,FUNDACIÓN,LIT. B,29
SEGUNDO SEMESTRE DE 2023,ESTUDIOS A DISTANCIA,TECNOLOGIA EN ELECTRICIDAD INDUSTRIAL,Otra,Distancia,TUNJA,C.C.,2000-04-03,M,1,PERDIO CUPO A130/98 ART. 80 LIT. C,GARAGOA,SANTA MARÍA,LIT. C,24
SEGUNDO SEMESTRE DE 2023,ESTUDIOS A DISTANCIA,TECNOLOGIA EN ELECTRICIDAD INDUSTRIAL,Otra,Distancia,RIONEGRO,C.C.,1992-05-28,M,1,PERDIO CUPO A130/98 ART. 80 LIT. C,LA DORADA,MANIZALES,LIT. C,32
SEGUNDO SEMESTRE DE 2023,ESTUDIOS A DISTANCIA,TECNOLOGIA EN ELECTRICIDAD INDUSTRIAL,Otra,Distancia,DUITAMA,C.C.,2003-08-13,M,2,PERDIO CUPO A130/98 ART. 80 LIT. B,MONGUÍ,MONGUÍ,LIT. B,21
SEGUNDO SEMESTRE DE 2023,ESTUDIOS A DISTANCIA,TECNOLOGIA EN ELECTRICIDAD INDUSTRIAL,Otra,Distancia,SANTA FE DE BOGOTA,C.C.,1990-11-12,M,3,PERDIO CUPO A130/98 ART. 80 LIT. B,DUITAMA,DUITAMA,LIT. B,34
SEGUNDO SEMESTRE DE 2023,ESTUDIOS A DISTANCIA,TECNOLOGIA EN ELECTRICIDAD INDUSTRIAL,Otra,Distancia,SANTA FE DE BOGOTA,C.C.,1993-09-15,M,3,PERDIO CUPO A130/98 ART. 80 LIT. C,ARAUCA,ALTOS DEL ROSARIO,LIT. C,31
SEGUNDO SEMESTRE DE 2023,ESTUDIOS A DISTANCIA,TECNICA PROFESIONAL EN PROCESOS COMERCIALES Y FINANCIEROS,Otra,Virtual,AGUAZUL,C.C.,1994-07-28,F,2,PERDIO CUPO A130/98 ART. 80 LIT. B,AGUAZUL,AGUAZUL,LIT. B,30
SEGUNDO SEMESTRE DE 2023,ESTUDIOS A DISTANCIA,TECNOLOGIA EN GESTION COMERCIAL Y FINANCIERA,Otra,Virtual,AGUAZUL,C.C.,1999-08-21,F,1,PERDIO CUPO A130/98 ART. 80 LIT. D,YOPAL,YOPAL,LIT. D,25
SEGUNDO SEMESTRE DE 2023,ESTUDIOS A DISTANCIA,TECNICA PROFESIONAL EN PROCESOS ADMINISTRATIVOS DE SALUD,Otra,Virtual,AGUAZUL,C.C.,1996-10-27,F,2,PERDIO CUPO A130/98 ART. 80 LIT. C,BARRANQUILLA,AGUAZUL,LIT. C,28
SEGUNDO SEMESTRE DE 2023,INGENIERIA,INGENIERIA CIVIL,Diurna,Presencial,TUNJA,C.C.,1999-07-27,M,2,PERDIO CUPO A130/98 ART.80 LIT. E,SOCHA,SOCHA,LIT. E,25
SEGUNDO SEMESTRE DE 2023,INGENIERIA,INGENIERIA CIVIL,Diurna,Presencial,TUNJA,C.C.,2000-07-03,F,3,PERDIO CUPO A130/98 ART.80 LIT. E,BOGOTA D.E,SAMACÁ,LIT. E,24
SEGUNDO SEMESTRE DE 2023,INGENIERIA,INGENIERIA CIVIL,Diurna,Presencial,TUNJA,C.C.,2005-03-12,M,1,PERDIO CUPO A130/98 ART. 80 LIT. C,TUNJA,TUNJA,LIT. C,19
SEGUNDO SEMESTRE DE 2023,INGENIERIA,INGENIERIA CIVIL,Diurna,Presencial,TUNJA,C.C.,2002-07-23,M,2,PERDIO CUPO A130/98 ART. 80 LIT. C,TUNJA,TUNJA,LIT. C,22
SEGUNDO SEMESTRE DE 2023,INGENIERIA,INGENIERIA CIVIL,Diurna,Presencial,TUNJA,C.C.,1998-06-15,M,2,PERDIO CUPO A130/98 ART.80 LIT. E,TUNJA,TUNJA,LIT. E,26
SEGUNDO SEMESTRE DE 2023,INGENIERIA,INGENIERIA CIVIL,Diurna,Presencial,TUNJA,C.C.,2000-07-27,M,2,PERDIO CUPO A130/98 ART. 80 LIT. D,DUITAMA,DUITAMA,LIT. D,24
SEGUNDO SEMESTRE DE 2023,INGENIERIA,INGENIERIA CIVIL,Diurna,Presencial,TUNJA,C.C.,2000-09-27,M,2,PERDIO CUPO A130/98 ART. 80 LIT. D,SOGAMOSO,DUITAMA,LIT. D,24
SEGUNDO SEMESTRE DE 2023,INGENIERIA,INGENIERIA METALURGICA,Diurna,Presencial,TUNJA,C.C.,2005-02-10,M,2,PERDIO CUPO A130/98 ART. 80 LIT. B,TUNJA,TUNJA,LIT. B,19
SEGUNDO SEMESTRE DE 2023,INGENIERIA,INGENIERIA METALURGICA,Diurna,Presencial,TUNJA,C.C.,2004-09-27,M,2,PERDIO CUPO A130/98 ART. 80 LIT. C,TUNJA,TUNJA,LIT. C,20
SEGUNDO SEMESTRE DE 2023,INGENIERIA,INGENIERIA METALURGICA,Diurna,Presencial,TUNJA,C.C.,2003-09-23,F,2,PERDIO CUPO A130/98 ART. 80 LIT. C,TUNJA,CIÉNEGA,LIT. C,21
SEGUNDO SEMESTRE DE 2023,INGENIERIA,INGENIERIA METALURGICA,Diurna,Presencial,TUNJA,C.C.,2001-06-24,F,1,PERDIO CUPO A130/98 ART.80 LIT. E,TUNJA,CÓMBITA,LIT. E,23
SEGUNDO SEMESTRE DE 2023,INGENIERIA,INGENIERIA METALURGICA,Diurna,Presencial,TUNJA,C.C.,1999-09-08,M,2,PERDIO CUPO A130/98 ART. 80 LIT. B,TUNJA,TUNJA,LIT. B,25
SEGUNDO SEMESTRE DE 2023,INGENIERIA,INGENIERIA METALURGICA,Diurna,Presencial,TUNJA,C.C.,2004-06-05,M,3,PERDIO CUPO A130/98 ART. 80 LIT. B,TUNJA,TUNJA,LIT. B,20
SEGUNDO SEMESTRE DE 2023,INGENIERIA,INGENIERIA METALURGICA,Diurna,Presencial,TUNJA,C.C.,2000-10-31,M,2,PERDIO CUPO A130/98 ART. 80 LIT. B,TUNJA,TUNJA,LIT. B,24
SEGUNDO SEMESTRE DE 2023,INGENIERIA,INGENIERIA METALURGICA,Diurna,Presencial,TUNJA,C.C.,2003-02-05,M,2,PERDIO CUPO A130/98 ART. 80 LIT. D,TUNJA,TUNJA,LIT. D,21
SEGUNDO SEMESTRE DE 2023,INGENIERIA,INGENIERIA METALURGICA,Diurna,Presencial,TUNJA,C.C.,2005-06-04,M,2,PERDIO CUPO A130/98 ART. 80 LIT. B,MONIQUIRÁ,MONIQUIRÁ,LIT. B,19
SEGUNDO SEMESTRE DE 2023,INGENIERIA,INGENIERIA METALURGICA,Diurna,Presencial,TUNJA,C.C.,2005-06-22,M,3,PERDIO CUPO A130/98 ART. 80 LIT. B,TUNJA,TUNJA,LIT. B,19
SEGUNDO SEMESTRE DE 2023,INGENIERIA,INGENIERIA METALURGICA,Diurna,Presencial,TUNJA,C.C.,2001-05-03,M,1,PERDIO CUPO A130/98 ART. 80 LIT. D,DUITAMA,PAIPA,LIT. D,23
SEGUNDO SEMESTRE DE 2023,INGENIERIA,INGENIERIA DE TRANSPORTE Y VIAS,Diurna,Presencial,TUNJA,C.C.,2000-03-28,F,2,PERDIO CUPO A130/98 ART. 80 LIT. D,DUITAMA,PAIPA,LIT. D,24
SEGUNDO SEMESTRE DE 2023,INGENIERIA,INGENIERIA DE TRANSPORTE Y VIAS,Diurna,Presencial,TUNJA,T.I.,2005-11-23,M,1,PERDIO CUPO A130/98 ART. 80 LIT. C,TUNJA,TUTA,LIT. C,19
SEGUNDO SEMESTRE DE 2023,INGENIERIA,INGENIERIA DE TRANSPORTE Y VIAS,Diurna,Presencial,TUNJA,C.C.,2002-12-08,M,2,PERDIO CUPO A130/98 ART. 80 LIT. C,DUITAMA,DUITAMA,LIT. C,22
SEGUNDO SEMESTRE DE 2023,INGENIERIA,INGENIERIA DE TRANSPORTE Y VIAS,Diurna,Presencial,TUNJA,C.C.,2001-01-18,M,2,PERDIO CUPO A130/98 ART. 80 LIT. C,MIRAFLORES,MIRAFLORES,LIT. C,23
SEGUNDO SEMESTRE DE 2023,INGENIERIA,INGENIERIA DE TRANSPORTE Y VIAS,Diurna,Presencial,TUNJA,C.C.,2002-04-14,M,2,PERDIO CUPO A130/98 ART. 80 LIT. B,BOGOTÁ D.C.,MIRAFLORES,LIT. B,22
SEGUNDO SEMESTRE DE 2023,INGENIERIA,INGENIERIA DE TRANSPORTE Y VIAS,Diurna,Presencial,TUNJA,C.C.,2004-06-01,M,1,PERDIO CUPO A130/98 ART. 80 LIT. C,RONDÓN,RONDÓN,LIT. C,20
SEGUNDO SEMESTRE DE 2023,INGENIERIA,INGENIERIA DE TRANSPORTE Y VIAS,Diurna,Presencial,TUNJA,T.I.,2005-02-08,M,2,PERDIO CUPO A130/98 ART. 80 LIT. B,SANTA ROSA DE VITERBO,SANTA ROSA DE VITERBO,LIT. B,19
SEGUNDO SEMESTRE DE 2023,INGENIERIA,INGENIERIA DE TRANSPORTE Y VIAS,Diurna,Presencial,TUNJA,C.C.,2004-02-18,M,2,PERDIO CUPO A130/98 ART. 80 LIT. C,MÁLAGA,ENCISO,LIT. C,20
SEGUNDO SEMESTRE DE 2023,INGENIERIA,INGENIERIA DE TRANSPORTE Y VIAS,Diurna,Presencial,TUNJA,C.C.,1997-12-26,M,1,PERDIO CUPO A130/98 ART. 80 LIT. D,SOGAMOSO,SOGAMOSO,LIT. D,27
SEGUNDO SEMESTRE DE 2023,INGENIERIA,INGENIERIA DE TRANSPORTE Y VIAS,Diurna,Presencial,TUNJA,T.I.,2005-05-28,M,2,PERDIO CUPO A130/98 ART. 80 LIT. C,TUNJA,TUNJA,LIT. C,19
SEGUNDO SEMESTRE DE 2023,INGENIERIA,INGENIERIA DE TRANSPORTE Y VIAS,Diurna,Presencial,TUNJA,C.C.,1998-01-24,M,1,PERDIO CUPO A130/98 ART. 80 LIT. B,TUNJA,TUNJA,LIT. B,26
SEGUNDO SEMESTRE DE 2023,INGENIERIA,INGENIERIA DE TRANSPORTE Y VIAS,Diurna,Presencial,TUNJA,C.C.,2000-09-11,M,2,PERDIO CUPO A130/98 ART. 80 LIT. B,TUNJA,TUNJA,LIT. B,24
SEGUNDO SEMESTRE DE 2023,INGENIERIA,INGENIERIA DE TRANSPORTE Y VIAS,Diurna,Presencial,TUNJA,C.C.,2002-07-04,M,3,PERDIO CUPO A130/98 ART. 80 LIT. C,TUNJA,TUNJA,LIT. C,22
SEGUNDO SEMESTRE DE 2023,INGENIERIA,INGENIERIA DE SISTEMAS Y COMPUTACION,Diurna,Presencial,SOGAMOSO,C.C.,2003-12-12,F,2,PERDIO CUPO A130/98 ART. 80 LIT. C,MONGUÍ,MONGUÍ,LIT. C,21
SEGUNDO SEMESTRE DE 2023,INGENIERIA,INGENIERIA DE SISTEMAS Y COMPUTACION,Diurna,Presencial,SOGAMOSO,T.I.,2004-07-02,M,3,PERDIO CUPO A130/98 ART.80 LIT. E,CHIQUINQUIRÁ,CHIQUINQUIRÁ,LIT. E,20
SEGUNDO SEMESTRE DE 2023,INGENIERIA,INGENIERIA DE SISTEMAS Y COMPUTACION,Diurna,Presencial,SOGAMOSO,C.C.,1998-11-20,M,1,PERDIO CUPO A130/98 ART.80 LIT. E,DUITAMA,DUITAMA,LIT. E,26
SEGUNDO SEMESTRE DE 2023,INGENIERIA,INGENIERIA DE SISTEMAS Y COMPUTACION,Diurna,Presencial,TUNJA,T.I.,2002-03-20,M,2,PERDIO CUPO A130/98 ART.80 LIT. E,TUNJA,TUNJA,LIT. E,22
SEGUNDO SEMESTRE DE 2023,INGENIERIA,INGENIERIA DE SISTEMAS Y COMPUTACION,Diurna,Presencial,TUNJA,T.I.,2003-10-04,M,2,PERDIO CUPO A130/98 ART. 80 LIT. B,BUCARAMANGA,SAN MARTÍN,LIT. B,21
SEGUNDO SEMESTRE DE 2023,INGENIERIA,INGENIERIA AMBIENTAL,Diurna,Presencial,TUNJA,C.C.,2002-08-27,F,2,PERDIO CUPO A130/98 ART.80 LIT. E,BOGOTA D.E,PAIPA,LIT. E,22
SEGUNDO SEMESTRE DE 2023,INGENIERIA,ARQUITECTURA,Extendida,Presencial,TUNJA,C.C.,2002-08-12,F,2,PERDIO CUPO A130/98 ART. 80 LIT. C,TUNJA,TUNJA,LIT. C,22
SEGUNDO SEMESTRE DE 2023,INGENIERIA,ARQUITECTURA,Extendida,Presencial,TUNJA,C.C.,1997-09-03,M,2,PERDIO CUPO A130/98 ART. 80 LIT. C,TUNJA,TUNJA,LIT. C,27
SEGUNDO SEMESTRE DE 2023,INGENIERIA,ESPECIALIZACION EN ESTRUCTURAS,Otra,Presencial,TUNJA,C.C.,1996-09-28,M,SIN INFORMACION,PERDIO CUPO A 052/2012  ART 15 LIT.A.,SOGAMOSO,TIBASOSA,LIT. A,28
SEGUNDO SEMESTRE DE 2023,INGENIERIA,ESPECIALIZACION EN GESTION DE INTEGRIDAD Y CORROSION,Extendida,Virtual,TUNJA,C.C.,1995-12-01,F,SIN INFORMACION,PERDIO CUPO A 052/2012  ART 15 LIT.A.,TUNJA,TUNJA,LIT. A,29
SEGUNDO SEMESTRE DE 2023,INGENIERIA,ESPECIALIZACION EN GEOTECNIA,Diurna,Presencial,TUNJA,C.C.,1996-10-15,M,SIN INFORMACION,PERDIO CUPO A 052/2012  ART 15 LIT.A.,TUNJA,TUNJA,LIT. A,28
SEGUNDO SEMESTRE DE 2023,INGENIERIA,ESPECIALIZACION EN GESTION AVANZADA DEL RIESGO DE DESASTRES,Diurna,Presencial,TUNJA,C.C.,2000-05-30,F,SIN INFORMACION,PERDIO CUPO A 052/2012  ART 15 LIT.A.,TUNJA,TUNJA,LIT. A,24
SEGUNDO SEMESTRE DE 2023,INGENIERIA,ESPECIALIZACION EN GESTION AVANZADA DEL RIESGO DE DESASTRES,Diurna,Presencial,TUNJA,C.C.,1995-04-05,F,SIN INFORMACION,PERDIO CUPO A 052/2012  ART 15 LIT.A.,GRANADA,VILLAVICENCIO,LIT. A,29
SEGUNDO SEMESTRE DE 2023,INGENIERIA,ESPECIALIZACION EN GESTION AVANZADA DEL RIESGO DE DESASTRES,Diurna,Presencial,TUNJA,C.C.,1999-09-10,F,SIN INFORMACION,PERDIO CUPO A 052/2012  ART 15 LIT.A.,TUNJA,TUNJA,LIT. A,25
SEGUNDO SEMESTRE DE 2023,INGENIERIA,ESPECIALIZACION EN GESTION AVANZADA DEL RIESGO DE DESASTRES,Diurna,Presencial,TUNJA,C.C.,1997-04-27,M,SIN INFORMACION,PERDIO CUPO A 052/2012  ART 15 LIT.A.,TUNJA,TUNJA,LIT. A,27
SEGUNDO SEMESTRE DE 2023,INGENIERIA,ESPECIALIZACION EN GESTION AVANZADA DEL RIESGO DE DESASTRES,Diurna,Presencial,TUNJA,C.C.,1999-07-27,F,SIN INFORMACION,PERDIO CUPO A 052/2012  ART 15 LIT.A.,TUNJA,TUNJA,LIT. A,25
SEGUNDO SEMESTRE DE 2023,INGENIERIA,ESPECIALIZACION EN GESTION AVANZADA DEL RIESGO DE DESASTRES,Diurna,Presencial,TUNJA,C.C.,1998-11-01,F,SIN INFORMACION,PERDIO CUPO A 052/2012  ART 15 LIT.A.,TUNJA,TUNJA,LIT. A,26
SEGUNDO SEMESTRE DE 2023,INGENIERIA,ESPECIALIZACION EN GESTION AVANZADA DEL RIESGO DE DESASTRES,Diurna,Presencial,TUNJA,C.C.,1981-02-16,M,SIN INFORMACION,PERDIO CUPO A 052/2012  ART 15 LIT.A.,YOPAL,YOPAL,LIT. A,43
SEGUNDO SEMESTRE DE 2023,INGENIERIA,ESPECIALIZACION EN GESTION AVANZADA DEL RIESGO DE DESASTRES,Diurna,Presencial,TUNJA,C.C.,2000-05-30,F,SIN INFORMACION,PERDIO CUPO A 052/2012  ART 15 LIT.A.,BARBOSA,FLORIDABLANCA,LIT. A,24
SEGUNDO SEMESTRE DE 2023,INGENIERIA,ESPECIALIZACION EN GESTION AVANZADA DEL RIESGO DE DESASTRES,Diurna,Presencial,TUNJA,C.C.,2000-09-25,F,SIN INFORMACION,PERDIO CUPO A 052/2012  ART 15 LIT.A.,PAMPLONA,TUNJA,LIT. A,24
SEGUNDO SEMESTRE DE 2023,INGENIERIA,ESPECIALIZACION EN GESTION AVANZADA DEL RIESGO DE DESASTRES,Diurna,Presencial,TUNJA,C.C.,1994-03-25,M,SIN INFORMACION,PERDIO CUPO A 052/2012  ART 15 LIT.A.,TUTA,TUNJA,LIT. A,30
SEGUNDO SEMESTRE DE 2023,INGENIERIA,ESPECIALIZACION EN GESTION AVANZADA DEL RIESGO DE DESASTRES,Diurna,Presencial,TUNJA,C.C.,1992-05-05,F,SIN INFORMACION,PERDIO CUPO A 052/2012  ART 15 LIT.A.,SUSACÓN,DUITAMA,LIT. A,32
SEGUNDO SEMESTRE DE 2023,INGENIERIA,ESPECIALIZACION EN GESTION AVANZADA DEL RIESGO DE DESASTRES,Diurna,Presencial,TUNJA,C.C.,1999-11-15,M,SIN INFORMACION,PERDIO CUPO A 052/2012  ART 15 LIT.A.,SOGAMOSO,TUNJA,LIT. A,25
SEGUNDO SEMESTRE DE 2023,INGENIERIA,ESPECIALIZACION EN GESTION AVANZADA DEL RIESGO DE DESASTRES,Diurna,Presencial,TUNJA,C.C.,1996-06-22,M,SIN INFORMACION,PERDIO CUPO A 052/2012  ART 15 LIT.A.,DUITAMA,DUITAMA,LIT. A,28
SEGUNDO SEMESTRE DE 2023,INGENIERIA,ESPECIALIZACION EN GESTION AVANZADA DEL RIESGO DE DESASTRES,Diurna,Presencial,TUNJA,C.C.,1996-10-06,M,SIN INFORMACION,PERDIO CUPO A 052/2012  ART 15 LIT.A.,DUITAMA,DUITAMA,LIT. A,28
SEGUNDO SEMESTRE DE 2023,INGENIERIA,ESPECIALIZACION EN GESTION AVANZADA DEL RIESGO DE DESASTRES,Diurna,Presencial,TUNJA,C.C.,1993-09-24,F,SIN INFORMACION,PERDIO CUPO A 052/2012  ART 15 LIT.A.,BOGOTÁ D.C.,TUNJA,LIT. A,31
SEGUNDO SEMESTRE DE 2023,INGENIERIA,ESPECIALIZACION EN GESTION AVANZADA DEL RIESGO DE DESASTRES,Diurna,Presencial,TUNJA,C.C.,1985-07-03,M,SIN INFORMACION,PERDIO CUPO A 052/2012  ART 15 LIT.A.,BOGOTÁ D.C.,CÚCUTA,LIT. A,39
SEGUNDO SEMESTRE DE 2023,INGENIERIA,ESPECIALIZACION EN GESTION AVANZADA DEL RIESGO DE DESASTRES,Diurna,Presencial,TUNJA,C.C.,2000-09-07,F,SIN INFORMACION,PERDIO CUPO A 052/2012  ART 15 LIT.A.,SANTA ROSA DE VITERBO,TUNJA,LIT. A,24
SEGUNDO SEMESTRE DE 2023,INGENIERIA,ESPECIALIZACION EN GESTION AVANZADA DEL RIESGO DE DESASTRES,Diurna,Presencial,TUNJA,C.C.,1999-08-19,F,SIN INFORMACION,PERDIO CUPO A 052/2012  ART 15 LIT.A.,VÉLEZ,TUNJA,LIT. A,25
SEGUNDO SEMESTRE DE 2023,INGENIERIA,ESPECIALIZACION EN GESTION AVANZADA DEL RIESGO DE DESASTRES,Diurna,Presencial,TUNJA,C.C.,1981-01-02,M,SIN INFORMACION,PERDIO CUPO A 052/2012  ART 15 LIT.A.,SOGAMOSO,SOGAMOSO,LIT. A,43
SEGUNDO SEMESTRE DE 2023,INGENIERIA,ESPECIALIZACION EN GESTION AVANZADA DEL RIESGO DE DESASTRES,Diurna,Presencial,TUNJA,C.C.,1997-07-12,F,SIN INFORMACION,PERDIO CUPO A 052/2012  ART 15 LIT.A.,SOGAMOSO,SOGAMOSO,LIT. A,27
SEGUNDO SEMESTRE DE 2023,INGENIERIA,MAESTRIA EN METALURGIA Y CIENCIAS DE LOS MATERIALES,Diurna,Presencial,TUNJA,C.C.,1998-08-26,F,SIN INFORMACION,PERDIO CUPO A 052/2012  ART 15 LIT.A.,BOGOTA D.E,SOGAMOSO,LIT. A,26
SEGUNDO SEMESTRE DE 2023,INGENIERIA,MAESTRIA EN METALURGIA Y CIENCIAS DE LOS MATERIALES,Diurna,Presencial,TUNJA,C.C.,1990-06-25,M,SIN INFORMACION,PERDIO CUPO A 052/2012  ART 15 LIT.A.,DUITAMA,DUITAMA,LIT. A,34
SEGUNDO SEMESTRE DE 2023,INGENIERIA,MAESTRIA EN INGENIERIA AMBIENTAL,Diurna,Presencial,TUNJA,C.C.,1991-10-25,M,SIN INFORMACION,PERDIO CUPO A 052/2012  ART 15 LIT.B.,CAQUEZA,BOGOTA D.E,LIT. B,33
SEGUNDO SEMESTRE DE 2023,INGENIERIA,MAESTRIA EN GEOTECNIA,Diurna,Presencial,TUNJA,C.C.,1987-10-21,M,SIN INFORMACION,PERDIO CUPO A 052/2012  ART 15 LIT.A.,BOGOTÁ D.C.,BOGOTÁ D.C.,LIT. A,37
SEGUNDO SEMESTRE DE 2023,INGENIERIA,DOCTORADO EN INGENIERIA Y CIENCIA DE LOS MATERIALES,Diurna,Presencial,TUNJA,C.C.,1982-01-29,M,SIN INFORMACION,PERDIO CUPO A 052/2012  ART 15 LIT.B.,TUNJA,DUITAMA,LIT. B,42
SEGUNDO SEMESTRE DE 2023,INGENIERIA,DOCTORADO EN INGENIERIA Y CIENCIA DE LOS MATERIALES,Diurna,Presencial,TUNJA,C.C.,1984-08-02,M,SIN INFORMACION,PERDIO CUPO A 052/2012  ART 15 LIT.B.,BOGOTÁ D.C.,BOGOTÁ D.C.,LIT. B,40
SEGUNDO SEMESTRE DE 2023,INGENIERIA,MAESTRIA EN GERENCIA DE PROYECTOS DE CONSTRUCCION,Extendida,Presencial,TUNJA,C.C.,1990-07-22,M,SIN INFORMACION,PERDIO CUPO A 052/2012  ART 15 LIT.B.,SOCHA,DUITAMA,LIT. B,34
SEGUNDO SEMESTRE DE 2023,SECCIONAL CHIQUINQUIRA,ADMINISTRACION DE EMPRESAS,Extendida,Presencial,CHIQUINQUIRA,T.I.,2006-04-15,M,2,PERDIO CUPO A130/98 ART. 80 LIT. B,CHIQUINQUIRÁ,CHIQUINQUIRÁ,LIT. B,18
SEGUNDO SEMESTRE DE 2023,SECCIONAL CHIQUINQUIRA,ADMINISTRACION DE EMPRESAS,Extendida,Presencial,CHIQUINQUIRA,T.I.,2004-07-02,F,2,PERDIO CUPO A130/98 ART.80 LIT. E,PUERTO LÓPEZ,CHIQUINQUIRÁ,LIT. E,20
SEGUNDO SEMESTRE DE 2023,SECCIONAL CHIQUINQUIRA,ADMINISTRACION DE EMPRESAS,Extendida,Presencial,CHIQUINQUIRA,C.C.,2003-11-09,M,2,PERDIO CUPO A130/98 ART. 80 LIT. C,OTANCHE,CHIQUINQUIRÁ,LIT. C,21
SEGUNDO SEMESTRE DE 2023,SECCIONAL CHIQUINQUIRA,CONTADURIA PUBLICA,Nocturna,Presencial,CHIQUINQUIRA,C.C.,2002-02-23,M,3,PERDIO CUPO A130/98 ART. 80 LIT. D,SIMIJACA,CHIQUINQUIRÁ,LIT. D,22
SEGUNDO SEMESTRE DE 2023,SECCIONAL CHIQUINQUIRA,CONTADURIA PUBLICA,Nocturna,Presencial,CHIQUINQUIRA,C.C.,1997-05-20,F,2,PERDIO CUPO A130/98 ART.80 LIT. E,CHIQUINQUIRÁ,CHIQUINQUIRÁ,LIT. E,27
SEGUNDO SEMESTRE DE 2023,SECCIONAL CHIQUINQUIRA,CONTADURIA PUBLICA,Nocturna,Presencial,CHIQUINQUIRA,T.I.,2004-01-16,M,2,PERDIO CUPO A130/98 ART. 80 LIT. D,BUENAVISTA,BUENAVISTA,LIT. D,20
SEGUNDO SEMESTRE DE 2023,SECCIONAL CHIQUINQUIRA,CONTADURIA PUBLICA,Nocturna,Presencial,CHIQUINQUIRA,C.C.,2000-11-12,F,2,PERDIO CUPO A130/98 ART.80 LIT. E,CHIQUINQUIRÁ,CHIQUINQUIRÁ,LIT. E,24
SEGUNDO SEMESTRE DE 2023,SECCIONAL CHIQUINQUIRA,CONTADURIA PUBLICA,Nocturna,Presencial,CHIQUINQUIRA,C.C.,1997-04-01,F,2,PERDIO CUPO A130/98 ART.80 LIT. E,DUITAMA,DUITAMA,LIT. E,27
SEGUNDO SEMESTRE DE 2023,SECCIONAL DUITAMA,LICENCIATURA EN TECNOLOGIA,Diurna,Presencial,DUITAMA,C.C.,1999-11-14,F,2,PERDIO CUPO A130/98 ART. 80 LIT. C,PAIPA,DUITAMA,LIT. C,25
SEGUNDO SEMESTRE DE 2023,SECCIONAL DUITAMA,INGENIERIA ELECTROMECANICA,Diurna,Presencial,DUITAMA,T.I.,2005-05-25,M,1,PERDIO CUPO A130/98 ART. 80 LIT. B,DUITAMA,DUITAMA,LIT. B,19
SEGUNDO SEMESTRE DE 2023,SECCIONAL DUITAMA,INGENIERIA ELECTROMECANICA,Diurna,Presencial,DUITAMA,T.I.,2005-08-01,M,2,PERDIO CUPO A130/98 ART. 80 LIT. B,SOGAMOSO,SOGAMOSO,LIT. B,19
SEGUNDO SEMESTRE DE 2023,SECCIONAL DUITAMA,INGENIERIA ELECTROMECANICA,Diurna,Presencial,DUITAMA,C.C.,2003-10-02,M,2,PERDIO CUPO A130/98 ART. 80 LIT. C,SANTA ROSA DE VITERBO,PAZ DE RÍO,LIT. C,21
SEGUNDO SEMESTRE DE 2023,SECCIONAL DUITAMA,INGENIERIA ELECTROMECANICA,Diurna,Presencial,DUITAMA,T.I.,2004-08-09,M,2,PERDIO CUPO A130/98 ART.80 LIT. E,SOGAMOSO,SOGAMOSO,LIT. E,20
SEGUNDO SEMESTRE DE 2023,SECCIONAL DUITAMA,INGENIERIA ELECTROMECANICA,Diurna,Presencial,DUITAMA,T.I.,2006-06-12,M,2,PERDIO CUPO A130/98 ART. 80 LIT. D,BOGOTÁ D.C.,DUITAMA,LIT. D,18
SEGUNDO SEMESTRE DE 2023,SECCIONAL DUITAMA,INGENIERIA ELECTROMECANICA,Diurna,Presencial,DUITAMA,C.C.,2001-09-05,M,2,PERDIO CUPO A130/98 ART. 80 LIT. C,DUITAMA,DUITAMA,LIT. C,23
SEGUNDO SEMESTRE DE 2023,SECCIONAL DUITAMA,INGENIERIA ELECTROMECANICA,Diurna,Presencial,DUITAMA,C.C.,2000-03-28,M,1,PERDIO CUPO A130/98 ART.80 LIT. E,MUZO,CHIQUINQUIRÁ,LIT. E,24
SEGUNDO SEMESTRE DE 2023,SECCIONAL DUITAMA,INGENIERIA ELECTROMECANICA,Diurna,Presencial,DUITAMA,C.C.,2003-08-16,M,1,PERDIO CUPO A130/98 ART. 80 LIT. C,CHAPARRAL,JERICÓ,LIT. C,21
SEGUNDO SEMESTRE DE 2023,SECCIONAL DUITAMA,ADMINISTRACION TURISTICA Y HOTELERA,Diurna,Presencial,DUITAMA,C.C.,2003-10-02,M,3,PERDIO CUPO A130/98 ART. 80 LIT. C,SOGAMOSO,SOGAMOSO,LIT. C,21
SEGUNDO SEMESTRE DE 2023,SECCIONAL DUITAMA,ADMINISTRACION DE EMPRESAS AGROPECUARIAS,Diurna,Presencial,DUITAMA,C.C.,2003-04-04,M,2,PERDIO CUPO A130/98 ART.80 LIT. E,DUITAMA,DUITAMA,LIT. E,21
SEGUNDO SEMESTRE DE 2023,SECCIONAL DUITAMA,ADMINISTRACION DE EMPRESAS AGROPECUARIAS,Diurna,Presencial,DUITAMA,C.C.,2002-10-02,F,2,PERDIO CUPO A130/98 ART. 80 LIT. C,DUITAMA,TIBASOSA,LIT. C,22
SEGUNDO SEMESTRE DE 2023,SECCIONAL DUITAMA,ADMINISTRACION DE EMPRESAS AGROPECUARIAS,Diurna,Presencial,DUITAMA,C.C.,2000-08-05,F,2,PERDIO CUPO A130/98 ART. 80 LIT. C,DUITAMA,DUITAMA,LIT. C,24
SEGUNDO SEMESTRE DE 2023,SECCIONAL DUITAMA,ADMINISTRACION INDUSTRIAL,Diurna,Presencial,DUITAMA,C.C.,1998-11-21,M,2,PERDIO CUPO A130/98 ART. 80 LIT. B,DUITAMA,DUITAMA,LIT. B,26
SEGUNDO SEMESTRE DE 2023,SECCIONAL DUITAMA,DISEÑO INDUSTRIAL,Diurna,Presencial,DUITAMA,C.C.,1995-08-26,M,3,PERDIO CUPO A130/98 ART. 80 LIT. D,TUNJA,TUNJA,LIT. D,29
SEGUNDO SEMESTRE DE 2023,SECCIONAL DUITAMA,DISEÑO INDUSTRIAL,Diurna,Presencial,DUITAMA,C.C.,1988-09-13,M,3,PERDIO CUPO A130/98 ART.80 LIT. E,DUITAMA,DUITAMA,LIT. E,36
SEGUNDO SEMESTRE DE 2023,SECCIONAL DUITAMA,DISEÑO INDUSTRIAL,Diurna,Presencial,DUITAMA,C.C.,1996-07-10,M,2,PERDIO CUPO A130/98 ART.80 LIT. E,YOPAL,DUITAMA,LIT. E,28
SEGUNDO SEMESTRE DE 2023,SECCIONAL DUITAMA,DISEÑO INDUSTRIAL,Diurna,Presencial,DUITAMA,T.I.,2006-04-13,F,2,PERDIO CUPO A130/98 ART. 80 LIT. C,BOGOTÁ D.C.,SOGAMOSO,LIT. C,18
SEGUNDO SEMESTRE DE 2023,SECCIONAL DUITAMA,DISEÑO INDUSTRIAL,Diurna,Presencial,DUITAMA,T.I.,2004-10-28,F,2,PERDIO CUPO A130/98 ART.80 LIT. E,PAIPA,PAIPA,LIT. E,20
SEGUNDO SEMESTRE DE 2023,SECCIONAL DUITAMA,DISEÑO INDUSTRIAL,Diurna,Presencial,DUITAMA,C.C.,1994-01-19,M,2,PERDIO CUPO A130/98 ART.80 LIT. E,BELÉN,BELÉN,LIT. E,30
SEGUNDO SEMESTRE DE 2023,SECCIONAL DUITAMA,LICENCIATURA EN MATEMATICAS,Diurna,Presencial,DUITAMA,C.C.,2005-04-19,F,2,PERDIO CUPO A130/98 ART. 80 LIT. D,DUITAMA,DUITAMA,LIT. D,19
SEGUNDO SEMESTRE DE 2023,SECCIONAL DUITAMA,LICENCIATURA EN MATEMATICAS,Diurna,Presencial,DUITAMA,T.I.,2004-02-13,M,1,PERDIO CUPO A130/98 ART. 80 LIT. C,BOGOTA D.E,DUITAMA,LIT. C,20
SEGUNDO SEMESTRE DE 2023,SECCIONAL DUITAMA,LICENCIATURA EN MATEMATICAS,Diurna,Presencial,DUITAMA,T.I.,2004-10-08,M,2,PERDIO CUPO A130/98 ART. 80 LIT. D,TIBASOSA,SOGAMOSO,LIT. D,20
SEGUNDO SEMESTRE DE 2023,SECCIONAL DUITAMA,ESPECIALIZACION EN INFORMATICA PARA LA DOCENCIA,Diurna,Presencial,DUITAMA,C.C.,1969-01-02,F,SIN INFORMACION,PERDIO CUPO A 052/2012  ART 15 LIT.A.,SOGAMOSO,DUITAMA,LIT. A,55
SEGUNDO SEMESTRE DE 2023,SECCIONAL DUITAMA,MAESTRIA EN ENERGIAS RENOVABLES,Extendida,Presencial,DUITAMA,C.C.,1980-06-15,M,SIN INFORMACION,PERDIO CUPO A 052/2012  ART 15 LIT.A.,CORRALES,SOGAMOSO,LIT. A,44
SEGUNDO SEMESTRE DE 2023,SECCIONAL DUITAMA,MAESTRIA EN ENERGIAS RENOVABLES,Extendida,Presencial,DUITAMA,C.C.,1982-08-05,F,SIN INFORMACION,PERDIO CUPO A 052/2012  ART 15 LIT.A.,TUNJA,TUNJA,LIT. A,42
SEGUNDO SEMESTRE DE 2023,SECCIONAL SOGAMOSO,INGENIERIA ELECTRONICA,Diurna,Presencial,SOGAMOSO,C.C.,2001-06-04,M,2,PERDIO CUPO A130/98 ART. 80 LIT. B,BOGOTÁ D.C.,SOGAMOSO,LIT. B,23
SEGUNDO SEMESTRE DE 2023,SECCIONAL SOGAMOSO,INGENIERIA ELECTRONICA,Diurna,Presencial,SOGAMOSO,C.C.,1999-08-09,M,2,PERDIO CUPO A130/98 ART.80 LIT. E,SOGAMOSO,SOGAMOSO,LIT. E,25
SEGUNDO SEMESTRE DE 2023,SECCIONAL SOGAMOSO,INGENIERIA ELECTRONICA,Diurna,Presencial,SOGAMOSO,T.I.,2004-10-16,M,2,PERDIO CUPO A130/98 ART.80 LIT. E,SOGAMOSO,GAMEZA,LIT. E,20
SEGUNDO SEMESTRE DE 2023,SECCIONAL SOGAMOSO,INGENIERIA ELECTRONICA,Diurna,Presencial,SOGAMOSO,C.C.,1996-10-10,M,2,PERDIO CUPO A130/98 ART. 80 LIT. D,TUNJA,SOGAMOSO,LIT. D,28
SEGUNDO SEMESTRE DE 2023,SECCIONAL SOGAMOSO,INGENIERIA ELECTRONICA,Diurna,Presencial,SOGAMOSO,C.C.,2002-12-30,M,2,PERDIO CUPO A130/98 ART. 80 LIT. A,SOGAMOSO,SOGAMOSO,LIT. A,22
SEGUNDO SEMESTRE DE 2023,SECCIONAL SOGAMOSO,INGENIERIA ELECTRONICA,Diurna,Presencial,SOGAMOSO,C.C.,2001-02-20,M,2,PERDIO CUPO A130/98 ART. 80 LIT. B,SOGAMOSO,SOGAMOSO,LIT. B,23
SEGUNDO SEMESTRE DE 2023,SECCIONAL SOGAMOSO,INGENIERIA ELECTRONICA,Diurna,Presencial,SOGAMOSO,C.C.,1997-09-06,M,2,PERDIO CUPO A130/98 ART.80 LIT. E,YOPAL,YOPAL,LIT. E,27
SEGUNDO SEMESTRE DE 2023,SECCIONAL SOGAMOSO,INGENIERIA ELECTRONICA,Diurna,Presencial,SOGAMOSO,T.I.,2003-02-22,M,2,PERDIO CUPO A130/98 ART. 80 LIT. C,SOGAMOSO,SOGAMOSO,LIT. C,21
SEGUNDO SEMESTRE DE 2023,SECCIONAL SOGAMOSO,INGENIERIA ELECTRONICA,Diurna,Presencial,SOGAMOSO,C.C.,1995-10-05,M,2,PERDIO CUPO A130/98 ART. 80 LIT. C,SOGAMOSO,SOGAMOSO,LIT. C,29
SEGUNDO SEMESTRE DE 2023,SECCIONAL SOGAMOSO,INGENIERIA GEOLOGICA,Diurna,Presencial,SOGAMOSO,C.C.,2003-12-12,F,2,PERDIO CUPO A130/98 ART.80 LIT. E,SOGAMOSO,SOGAMOSO,LIT. E,21
SEGUNDO SEMESTRE DE 2023,SECCIONAL SOGAMOSO,INGENIERIA GEOLOGICA,Diurna,Presencial,SOGAMOSO,C.C.,2001-02-14,M,2,PERDIO CUPO A130/98 ART.80 LIT. E,PISBA,SOGAMOSO,LIT. E,23
SEGUNDO SEMESTRE DE 2023,SECCIONAL SOGAMOSO,INGENIERIA GEOLOGICA,Diurna,Presencial,SOGAMOSO,C.C.,2004-08-24,M,2,PERDIO CUPO A130/98 ART. 80 LIT. B,AQUITANIA,NOBSA,LIT. B,20
SEGUNDO SEMESTRE DE 2023,SECCIONAL SOGAMOSO,INGENIERIA GEOLOGICA,Diurna,Presencial,SOGAMOSO,C.C.,2004-03-20,F,2,PERDIO CUPO A130/98 ART. 80 LIT. C,DUITAMA,SOCHA,LIT. C,20
SEGUNDO SEMESTRE DE 2023,SECCIONAL SOGAMOSO,INGENIERIA GEOLOGICA,Diurna,Presencial,SOGAMOSO,C.C.,2003-11-29,M,2,PERDIO CUPO A130/98 ART. 80 LIT. B,BOGOTÁ D.C.,AGUAZUL,LIT. B,21
SEGUNDO SEMESTRE DE 2023,SECCIONAL SOGAMOSO,INGENIERIA GEOLOGICA,Diurna,Presencial,SOGAMOSO,C.C.,1995-11-02,M,2,PERDIO CUPO A130/98 ART.80 LIT. E,BOGOTÁ D.C.,BOGOTÁ D.C.,LIT. E,29
SEGUNDO SEMESTRE DE 2023,SECCIONAL SOGAMOSO,INGENIERIA GEOLOGICA,Diurna,Presencial,SOGAMOSO,T.I.,2005-03-17,M,2,PERDIO CUPO A130/98 ART. 80 LIT. C,CHIQUINQUIRÁ,CHIQUINQUIRÁ,LIT. C,19
SEGUNDO SEMESTRE DE 2023,SECCIONAL SOGAMOSO,INGENIERIA DE MINAS,Diurna,Presencial,SOGAMOSO,C.C.,1998-09-04,F,1,PERDIO CUPO A130/98 ART. 80 LIT. D,SOGAMOSO,SOGAMOSO,LIT. D,26
SEGUNDO SEMESTRE DE 2023,SECCIONAL SOGAMOSO,INGENIERIA DE MINAS,Diurna,Presencial,SOGAMOSO,C.C.,2001-10-05,M,1,PERDIO CUPO A130/98 ART. 80 LIT. D,QUÍPAMA,QUÍPAMA,LIT. D,23
SEGUNDO SEMESTRE DE 2023,SECCIONAL SOGAMOSO,INGENIERIA DE MINAS,Diurna,Presencial,SOGAMOSO,C.C.,2004-09-11,F,1,PERDIO CUPO A130/98 ART. 80 LIT. C,SOGAMOSO,SOGAMOSO,LIT. C,20
SEGUNDO SEMESTRE DE 2023,SECCIONAL SOGAMOSO,INGENIERIA INDUSTRIAL,Diurna,Presencial,SOGAMOSO,T.I.,2003-07-27,F,1,PERDIO CUPO A130/98 ART. 80 LIT. C,SOGAMOSO,SOGAMOSO,LIT. C,21
SEGUNDO SEMESTRE DE 2023,SECCIONAL SOGAMOSO,INGENIERIA INDUSTRIAL,Diurna,Presencial,SOGAMOSO,C.C.,1986-06-11,F,1,PERDIO CUPO A130/98 ART.80 LIT. E,SOGAMOSO,SOGAMOSO,LIT. E,38
SEGUNDO SEMESTRE DE 2023,SECCIONAL SOGAMOSO,INGENIERIA INDUSTRIAL,Diurna,Presencial,SOGAMOSO,C.C.,1996-12-22,M,1,PERDIO CUPO A130/98 ART.80 LIT. E,SOGAMOSO,SOGAMOSO,LIT. E,28
SEGUNDO SEMESTRE DE 2023,SECCIONAL SOGAMOSO,INGENIERIA INDUSTRIAL,Diurna,Presencial,SOGAMOSO,C.C.,2000-08-30,M,2,PERDIO CUPO A130/98 ART.80 LIT. E,SOGAMOSO,SOGAMOSO,LIT. E,24
SEGUNDO SEMESTRE DE 2023,SECCIONAL SOGAMOSO,INGENIERIA INDUSTRIAL,Diurna,Presencial,SOGAMOSO,C.C.,2003-06-05,F,2,PERDIO CUPO A130/98 ART. 80 LIT. C,SOGAMOSO,SOGAMOSO,LIT. C,21
SEGUNDO SEMESTRE DE 2023,SECCIONAL SOGAMOSO,INGENIERIA INDUSTRIAL,Diurna,Presencial,SOGAMOSO,C.C.,1993-09-27,M,2,PERDIO CUPO A130/98 ART.80 LIT. E,AGUA DE DIOS,IZA,LIT. E,31
SEGUNDO SEMESTRE DE 2023,SECCIONAL SOGAMOSO,INGENIERIA INDUSTRIAL,Diurna,Presencial,SOGAMOSO,C.C.,1996-08-08,M,2,PERDIO CUPO A130/98 ART.80 LIT. E,TIBASOSA,TIBASOSA,LIT. E,28
SEGUNDO SEMESTRE DE 2023,SECCIONAL SOGAMOSO,CONTADURIA PUBLICA,Diurna,Presencial,SOGAMOSO,C.C.,2001-08-09,F,2,PERDIO CUPO A130/98 ART. 80 LIT. D,SOGAMOSO,SOGAMOSO,LIT. D,23
SEGUNDO SEMESTRE DE 2023,SECCIONAL SOGAMOSO,CONTADURIA PUBLICA,Diurna,Presencial,SOGAMOSO,C.C.,2002-10-24,F,2,PERDIO CUPO A130/98 ART. 80 LIT. D,BOGOTA D.E,SOGAMOSO,LIT. D,22
SEGUNDO SEMESTRE DE 2023,SECCIONAL SOGAMOSO,CONTADURIA PUBLICA,Diurna,Presencial,SOGAMOSO,C.C.,1999-10-31,F,2,PERDIO CUPO A130/98 ART.80 LIT. E,PAZ DE RÍO,DUITAMA,LIT. E,25
SEGUNDO SEMESTRE DE 2023,SECCIONAL SOGAMOSO,ADMINISTRACION DE EMPRESAS,Extendida,Presencial,SOGAMOSO,T.I.,2004-08-15,M,3,PERDIO CUPO A130/98 ART.80 LIT. E,SOGAMOSO,SOGAMOSO,LIT. E,20
SEGUNDO SEMESTRE DE 2023,SECCIONAL SOGAMOSO,ADMINISTRACION DE EMPRESAS,Extendida,Presencial,SOGAMOSO,C.C.,1997-11-02,M,2,PERDIO CUPO A130/98 ART. 80 LIT. C,SOGAMOSO,SOGAMOSO,LIT. C,27
SEGUNDO SEMESTRE DE 2023,SECCIONAL SOGAMOSO,ADMINISTRACION DE EMPRESAS,Extendida,Presencial,SOGAMOSO,C.C.,2003-06-20,M,2,PERDIO CUPO A130/98 ART. 80 LIT. B,SOGAMOSO,SOGAMOSO,LIT. B,21
SEGUNDO SEMESTRE DE 2023,SECCIONAL SOGAMOSO,ADMINISTRACION DE EMPRESAS,Extendida,Presencial,SOGAMOSO,T.I.,2006-02-11,M,2,PERDIO CUPO A130/98 ART. 80 LIT. C,SOGAMOSO,SOGAMOSO,LIT. C,18
SEGUNDO SEMESTRE DE 2023,SECCIONAL SOGAMOSO,ADMINISTRACION DE EMPRESAS,Extendida,Presencial,SOGAMOSO,C.C.,1998-02-22,M,2,PERDIO CUPO A130/98 ART. 80 LIT. C,SOGAMOSO,SOGAMOSO,LIT. C,26
SEGUNDO SEMESTRE DE 2023,SECCIONAL SOGAMOSO,ADMINISTRACION DE EMPRESAS,Extendida,Presencial,SOGAMOSO,C.C.,2001-05-17,F,1,PERDIO CUPO A130/98 ART. 80 LIT. D,SOGAMOSO,FIRAVITOBA,LIT. D,23
SEGUNDO SEMESTRE DE 2023,SECCIONAL SOGAMOSO,ADMINISTRACION DE EMPRESAS,Extendida,Presencial,SOGAMOSO,C.C.,2004-04-07,M,2,PERDIO CUPO A130/98 ART. 80 LIT. B,SOGAMOSO,AQUITANIA,LIT. B,20
SEGUNDO SEMESTRE DE 2023,SECCIONAL SOGAMOSO,ADMINISTRACION DE EMPRESAS,Extendida,Presencial,SOGAMOSO,C.C.,1999-10-09,F,2,PERDIO CUPO A130/98 ART. 80 LIT. C,SOGAMOSO,SOGAMOSO,LIT. C,25
SEGUNDO SEMESTRE DE 2023,SECCIONAL SOGAMOSO,INGENIERIA ELECTRONICA,Diurna,Presencial,TUNJA,C.C.,2004-12-02,M,1,PERDIO CUPO A130/98 ART. 80 LIT. C,SUAITA,TUNJA,LIT. C,20
SEGUNDO SEMESTRE DE 2023,SECCIONAL SOGAMOSO,INGENIERIA ELECTRONICA,Diurna,Presencial,TUNJA,T.I.,2002-07-08,M,2,PERDIO CUPO A130/98 ART. 80 LIT. C,TUNJA,RAMIRIQUÍ,LIT. C,22
SEGUNDO SEMESTRE DE 2023,SECCIONAL SOGAMOSO,INGENIERIA ELECTRONICA,Diurna,Presencial,TUNJA,C.C.,2002-07-02,M,2,PERDIO CUPO A130/98 ART. 80 LIT. C,TUNJA,NUEVO COLÓN,LIT. C,22
SEGUNDO SEMESTRE DE 2023,SECCIONAL SOGAMOSO,INGENIERIA ELECTRONICA,Diurna,Presencial,TUNJA,C.C.,2001-04-14,M,2,PERDIO CUPO A130/98 ART. 80 LIT. C,VILLA DE LEYVA,VILLA DE LEIVA,LIT. C,23
SEGUNDO SEMESTRE DE 2023,SECCIONAL SOGAMOSO,INGENIERIA ELECTRONICA,Diurna,Presencial,TUNJA,C.C.,2001-06-01,M,2,PERDIO CUPO A130/98 ART.80 LIT. E,SIACHOQUE,SIACHOQUE,LIT. E,23
SEGUNDO SEMESTRE DE 2023,SECCIONAL SOGAMOSO,FINANZAS Y COMERCIO INTERNACIONAL,Extendida,Presencial,SOGAMOSO,C.C.,2000-12-11,F,2,PERDIO CUPO A130/98 ART. 80 LIT. D,SOGAMOSO,SOGAMOSO,LIT. D,24
SEGUNDO SEMESTRE DE 2023,SECCIONAL SOGAMOSO,ESPECIALIZACION EN INGENIERIA DE PRODUCCION Y OPERACIONES,Otra,Presencial,SOGAMOSO,C.C.,1984-10-20,M,SIN INFORMACION,PERDIO CUPO A 052/2012  ART 15 LIT.A.,NOBSA,SOGAMOSO,LIT. A,40
SEGUNDO SEMESTRE DE 2023,SECCIONAL SOGAMOSO,ESPECIALIZACION EN INGENIERIA DE PRODUCCION Y OPERACIONES,Otra,Presencial,SOGAMOSO,C.C.,1994-12-28,M,SIN INFORMACION,PERDIO CUPO A 052/2012  ART 15 LIT.A.,SOGAMOSO,SOGAMOSO,LIT. A,30
SEGUNDO SEMESTRE DE 2023,SECCIONAL SOGAMOSO,MAESTRIA EN CIENCIAS DE LA TIERRA,Otra,Presencial,SOGAMOSO,C.C.,1995-02-21,M,SIN INFORMACION,PERDIO CUPO A 052/2012  ART 15 LIT.A.,DUITAMA,DUITAMA,LIT. A,29
SEGUNDO SEMESTRE DE 2023,SECCIONAL SOGAMOSO,MAESTRIA EN LOGISTICA,Extendida,Presencial,SOGAMOSO,C.C.,1980-05-18,M,SIN INFORMACION,PERDIO CUPO A 052/2012  ART 15 LIT.A.,SOGAMOSO,SOGAMOSO,LIT. A,44
PRIMER SEMESTRE DE 2024,CIENCIAS,FISICA,Diurna,Presencial,TUNJA,C.C.,1997-10-31,M,1,PERDIO CUPO A130/98 ART. 80 LIT. B,PAZ DE ARIPORO,PAZ DE ARIPORO,LIT. B,27
PRIMER SEMESTRE DE 2024,CIENCIAS,BIOLOGIA,Diurna,Presencial,TUNJA,C.C.,1998-11-15,M,1,PERDIO CUPO A130/98 ART. 80 LIT. B,CAJICÁ,SAN GIL,LIT. B,26
PRIMER SEMESTRE DE 2024,CIENCIAS,BIOLOGIA,Diurna,Presencial,TUNJA,C.C.,2003-06-03,F,2,PERDIO CUPO A130/98 ART.80 LIT. E,TAURAMENA,TAURAMENA,LIT. E,21
PRIMER SEMESTRE DE 2024,CIENCIAS,BIOLOGIA,Diurna,Presencial,TUNJA,C.C.,2004-06-01,M,2,PERDIO CUPO A130/98 ART. 80 LIT. C,TUNJA,TUNJA,LIT. C,20
PRIMER SEMESTRE DE 2024,CIENCIAS,MATEMATICAS,Diurna,Presencial,TUNJA,C.C.,2003-03-29,M,2,PERDIO CUPO A130/98 ART. 80 LIT. B,UBATE,RÁQUIRA,LIT. B,21
PRIMER SEMESTRE DE 2024,CIENCIAS,MATEMATICAS,Diurna,Presencial,TUNJA,C.C.,1998-06-03,M,1,PERDIO CUPO A130/98 ART.80 LIT. E,TUNJA,TUNJA,LIT. E,26
PRIMER SEMESTRE DE 2024,CIENCIAS,MATEMATICAS,Diurna,Presencial,TUNJA,C.C.,2001-10-17,M,2,PERDIO CUPO A130/98 ART. 80 LIT. C,DUITAMA,PAIPA,LIT. C,23
PRIMER SEMESTRE DE 2024,CIENCIAS,MATEMATICAS,Diurna,Presencial,TUNJA,C.C.,2003-11-28,M,3,PERDIO CUPO A130/98 ART. 80 LIT. B,TUNJA,TUNJA,LIT. B,21
PRIMER SEMESTRE DE 2024,CIENCIAS,MATEMATICAS,Diurna,Presencial,TUNJA,C.C.,2004-01-11,M,2,PERDIO CUPO A130/98 ART. 80 LIT. C,TUNJA,TUNJA,LIT. C,20
PRIMER SEMESTRE DE 2024,CIENCIAS,MATEMATICAS,Diurna,Presencial,TUNJA,C.C.,2002-11-07,M,1,PERDIO CUPO A130/98 ART. 80 LIT. C,DUITAMA,TAME,LIT. C,22
PRIMER SEMESTRE DE 2024,CIENCIAS,MATEMATICAS,Diurna,Presencial,TUNJA,C.C.,2001-09-05,M,2,PERDIO CUPO A130/98 ART. 80 LIT. D,TUNJA,OICATÁ,LIT. D,23
PRIMER SEMESTRE DE 2024,CIENCIAS,MATEMATICAS,Diurna,Presencial,TUNJA,T.I.,2005-12-29,F,1,PERDIO CUPO A130/98 ART. 80 LIT. B,SAN JOSÉ DE PARE,SAN JOSÉ DE PARE,LIT. B,19
PRIMER SEMESTRE DE 2024,CIENCIAS,QUIMICA,Diurna,Presencial,TUNJA,C.C.,1999-05-20,M,2,PERDIO CUPO A130/98 ART.80 LIT. E,SIMIJACA,SIMIJACA,LIT. E,25
PRIMER SEMESTRE DE 2024,CIENCIAS,QUIMICA,Diurna,Presencial,TUNJA,C.C.,2003-10-05,M,2,PERDIO CUPO A130/98 ART. 80 LIT. C,SOGAMOSO,TUNJA,LIT. C,21
PRIMER SEMESTRE DE 2024,CIENCIAS,QUIMICA,Diurna,Presencial,TUNJA,C.C.,2003-10-08,M,2,PERDIO CUPO A130/98 ART.80 LIT. E,SOGAMOSO,SOGAMOSO,LIT. E,21
PRIMER SEMESTRE DE 2024,CIENCIAS,QUIMICA,Diurna,Presencial,TUNJA,C.C.,2002-12-03,M,2,PERDIO CUPO A130/98 ART. 80 LIT. B,TAURAMENA,TAURAMENA,LIT. B,22
PRIMER SEMESTRE DE 2024,CIENCIAS,QUIMICA,Diurna,Presencial,TUNJA,C.C.,1993-03-06,F,3,PERDIO CUPO A130/98 ART. 80 LIT. B,TUNJA,TUNJA,LIT. B,31
PRIMER SEMESTRE DE 2024,CIENCIAS AGROPECUARIAS,INGENIERÍA AGRONOMICA,Diurna,Presencial,TUNJA,C.C.,2004-04-22,M,1,PERDIO CUPO A130/98 ART. 80 LIT. D,SOCOTÁ,SOCHA,LIT. D,20
PRIMER SEMESTRE DE 2024,CIENCIAS AGROPECUARIAS,INGENIERÍA AGRONOMICA,Diurna,Presencial,TUNJA,T.I.,2004-06-18,M,2,PERDIO CUPO A130/98 ART.80 LIT. E,SOCORRO,CHIMA,LIT. E,20
PRIMER SEMESTRE DE 2024,CIENCIAS AGROPECUARIAS,INGENIERÍA AGRONOMICA,Diurna,Presencial,TUNJA,C.C.,2004-07-05,M,2,PERDIO CUPO A130/98 ART. 80 LIT. B,SOGAMOSO,SOGAMOSO,LIT. B,20
PRIMER SEMESTRE DE 2024,CIENCIAS AGROPECUARIAS,INGENIERÍA AGRONOMICA,Diurna,Presencial,TUNJA,C.C.,1998-08-07,M,2,PERDIO CUPO A130/98 ART.80 LIT. E,DUITAMA,DUITAMA,LIT. E,26
PRIMER SEMESTRE DE 2024,CIENCIAS AGROPECUARIAS,INGENIERÍA AGRONOMICA,Diurna,Presencial,TUNJA,C.C.,2001-04-29,F,2,PERDIO CUPO A130/98 ART.80 LIT. E,DUITAMA,NOBSA,LIT. E,23
PRIMER SEMESTRE DE 2024,CIENCIAS AGROPECUARIAS,INGENIERÍA AGRONOMICA,Diurna,Presencial,TUNJA,T.I.,2005-10-11,M,3,PERDIO CUPO A130/98 ART. 80 LIT. C,TUNJA,TUNJA,LIT. C,19
PRIMER SEMESTRE DE 2024,CIENCIAS AGROPECUARIAS,INGENIERÍA AGRONOMICA,Diurna,Presencial,TUNJA,C.C.,2004-11-27,F,3,PERDIO CUPO A130/98 ART. 80 LIT. B,TUNJA,TUNJA,LIT. B,20
PRIMER SEMESTRE DE 2024,CIENCIAS AGROPECUARIAS,INGENIERÍA AGRONOMICA,Diurna,Presencial,TUNJA,C.C.,2004-10-15,M,2,PERDIO CUPO A130/98 ART. 80 LIT. B,TUNJA,TOCA,LIT. B,20
PRIMER SEMESTRE DE 2024,CIENCIAS AGROPECUARIAS,INGENIERÍA AGRONOMICA,Diurna,Presencial,TUNJA,T.I.,2006-05-03,M,2,PERDIO CUPO A130/98 ART. 80 LIT. B,MIRAFLORES,MIRAFLORES,LIT. B,18
PRIMER SEMESTRE DE 2024,CIENCIAS AGROPECUARIAS,MEDICINA VETERINARIA Y ZOOTECNIA,Diurna,Presencial,TUNJA,C.C.,1999-01-16,F,2,PERDIO CUPO A130/98 ART. 80 LIT. D,SOGAMOSO,SOGAMOSO,LIT. D,25
PRIMER SEMESTRE DE 2024,CIENCIAS AGROPECUARIAS,MEDICINA VETERINARIA Y ZOOTECNIA,Diurna,Presencial,TUNJA,C.C.,2002-09-10,M,2,PERDIO CUPO A130/98 ART. 80 LIT. C,DUITAMA,DUITAMA,LIT. C,22
PRIMER SEMESTRE DE 2024,CIENCIAS AGROPECUARIAS,MEDICINA VETERINARIA Y ZOOTECNIA,Diurna,Presencial,TUNJA,C.C.,2000-07-02,M,2,PERDIO CUPO A130/98 ART. 80 LIT. D,SOGAMOSO,SOGAMOSO,LIT. D,24
PRIMER SEMESTRE DE 2024,CIENCIAS AGROPECUARIAS,MEDICINA VETERINARIA Y ZOOTECNIA,Diurna,Presencial,TUNJA,C.C.,1996-06-06,M,3,PERDIO CUPO A130/98 ART.80 LIT. E,CHIQUINQUIRÁ,YOPAL,LIT. E,28
PRIMER SEMESTRE DE 2024,CIENCIAS AGROPECUARIAS,MEDICINA VETERINARIA Y ZOOTECNIA,Diurna,Presencial,TUNJA,C.C.,1994-05-23,M,2,PERDIO CUPO A130/98 ART.80 LIT. E,TUNJA,TUNJA,LIT. E,30
PRIMER SEMESTRE DE 2024,CIENCIAS DE LA EDUCACION,LICENCIATURA EN MATEMATICAS,Diurna,Presencial,TUNJA,C.C.,2001-01-20,M,3,PERDIO CUPO A130/98 ART. 80 LIT. B,TUNJA,TUNJA,LIT. B,23
PRIMER SEMESTRE DE 2024,CIENCIAS DE LA EDUCACION,LICENCIATURA EN MATEMATICAS,Diurna,Presencial,TUNJA,T.I.,2003-08-21,M,2,PERDIO CUPO A130/98 ART.80 LIT. E,TUNJA,TUNJA,LIT. E,21
PRIMER SEMESTRE DE 2024,CIENCIAS DE LA EDUCACION,LICENCIATURA EN MATEMATICAS,Diurna,Presencial,TUNJA,C.C.,1998-07-26,M,1,PERDIO CUPO A130/98 ART.80 LIT. E,CHISCAS,TUNJA,LIT. E,26
PRIMER SEMESTRE DE 2024,CIENCIAS DE LA EDUCACION,LICENCIATURA EN MATEMATICAS,Diurna,Presencial,TUNJA,C.C.,1998-05-18,F,1,PERDIO CUPO A130/98 ART.80 LIT. E,BUCARAMANGA,TUNJA,LIT. E,26
PRIMER SEMESTRE DE 2024,CIENCIAS DE LA EDUCACION,LICENCIATURA EN MATEMATICAS,Diurna,Presencial,TUNJA,C.C.,2004-10-29,F,2,PERDIO CUPO A130/98 ART. 80 LIT. D,CHIQUINQUIRÁ,CHIQUINQUIRÁ,LIT. D,20
PRIMER SEMESTRE DE 2024,CIENCIAS DE LA EDUCACION,LICENCIATURA EN MATEMATICAS,Diurna,Presencial,TUNJA,C.C.,1998-12-22,M,1,PERDIO CUPO A130/98 ART.80 LIT. E,QUÍPAMA,TUNJA,LIT. E,26
PRIMER SEMESTRE DE 2024,CIENCIAS DE LA EDUCACION,LICENCIATURA EN MATEMATICAS,Diurna,Presencial,TUNJA,T.I.,2005-09-15,M,2,PERDIO CUPO A130/98 ART. 80 LIT. B,PÁEZ,MIRAFLORES,LIT. B,19
PRIMER SEMESTRE DE 2024,CIENCIAS DE LA EDUCACION,LICENCIATURA EN MATEMATICAS,Diurna,Presencial,TUNJA,C.C.,1997-06-26,F,2,PERDIO CUPO A130/98 ART.80 LIT. E,SOATÁ,SOATÁ,LIT. E,27
PRIMER SEMESTRE DE 2024,CIENCIAS DE LA EDUCACION,LICENCIATURA EN MATEMATICAS,Diurna,Presencial,TUNJA,C.C.,2001-12-09,M,2,PERDIO CUPO A130/98 ART.80 LIT. E,TUNJA,MIRAFLORES,LIT. E,23
PRIMER SEMESTRE DE 2024,CIENCIAS DE LA EDUCACION,LICENCIATURA EN CIENCIAS NATURALES Y EDUCACIÓN AMBIENTAL,Diurna,Presencial,TUNJA,C.C.,1998-12-19,F,1,PERDIO CUPO A130/98 ART. 80 LIT. C,TUNJA,TUNJA,LIT. C,26
PRIMER SEMESTRE DE 2024,CIENCIAS DE LA EDUCACION,LICENCIATURA EN CIENCIAS NATURALES Y EDUCACIÓN AMBIENTAL,Diurna,Presencial,TUNJA,C.C.,2000-09-30,F,2,PERDIO CUPO A130/98 ART. 80 LIT. C,TUNJA,TUNJA,LIT. C,24
PRIMER SEMESTRE DE 2024,CIENCIAS DE LA EDUCACION,LICENCIATURA EN CIENCIAS NATURALES Y EDUCACIÓN AMBIENTAL,Diurna,Presencial,TUNJA,C.C.,2001-03-31,F,1,PERDIO CUPO A130/98 ART. 80 LIT. D,TUNJA,TUNJA,LIT. D,23
PRIMER SEMESTRE DE 2024,CIENCIAS DE LA EDUCACION,LICENCIATURA EN MATEMATICAS,Nocturna,Presencial,TUNJA,C.C.,1998-02-01,M,2,PERDIO CUPO A130/98 ART. 80 LIT. C,TUNJA,FIRAVITOBA,LIT. C,26
PRIMER SEMESTRE DE 2024,CIENCIAS DE LA EDUCACION,LICENCIATURA EN MATEMATICAS,Nocturna,Presencial,TUNJA,C.C.,2002-08-19,M,2,PERDIO CUPO A130/98 ART. 80 LIT. C,TUNJA,TUNJA,LIT. C,22
PRIMER SEMESTRE DE 2024,CIENCIAS DE LA EDUCACION,LICENCIATURA EN MATEMATICAS,Nocturna,Presencial,TUNJA,C.C.,2003-08-12,M,3,PERDIO CUPO A130/98 ART. 80 LIT. B,TUNJA,TUNJA,LIT. B,21
PRIMER SEMESTRE DE 2024,CIENCIAS DE LA EDUCACION,LICENCIATURA EN MATEMATICAS,Nocturna,Presencial,TUNJA,C.C.,2001-12-18,F,1,PERDIO CUPO A130/98 ART. 80 LIT. D,TUNJA,PESCA,LIT. D,23
PRIMER SEMESTRE DE 2024,CIENCIAS DE LA EDUCACION,LICENCIATURA EN MATEMATICAS,Nocturna,Presencial,TUNJA,C.C.,1992-05-01,M,3,PERDIO CUPO A130/98 ART.80 LIT. E,MONIQUIRÁ,MONIQUIRÁ,LIT. E,32
PRIMER SEMESTRE DE 2024,CIENCIAS DE LA EDUCACION,LICENCIATURA EN EDUCACIÓN FISICA RECREACIÓN Y DEPORTE,Diurna,Presencial,TUNJA,C.C.,2002-09-17,M,1,PERDIO CUPO A130/98 ART. 80 LIT. C,TUNJA,TUNJA,LIT. C,22
PRIMER SEMESTRE DE 2024,CIENCIAS DE LA EDUCACION,LICENCIATURA EN EDUCACIÓN FISICA RECREACIÓN Y DEPORTE,Diurna,Presencial,TUNJA,C.C.,2001-06-07,M,1,PERDIO CUPO A130/98 ART. 80 LIT. D,TUNJA,TUNJA,LIT. D,23
PRIMER SEMESTRE DE 2024,CIENCIAS DE LA EDUCACION,LICENCIATURA EN EDUCACIÓN FISICA RECREACIÓN Y DEPORTE,Diurna,Presencial,TUNJA,C.C.,2001-04-30,M,3,PERDIO CUPO A130/98 ART.80 LIT. E,CHITARAQUE,CHITARAQUE,LIT. E,23
PRIMER SEMESTRE DE 2024,CIENCIAS DE LA EDUCACION,LICENCIATURA EN EDUCACIÓN FISICA RECREACIÓN Y DEPORTE,Diurna,Presencial,TUNJA,C.C.,2003-05-13,M,2,PERDIO CUPO A130/98 ART. 80 LIT. D,PAUNA,PAUNA,LIT. D,21
PRIMER SEMESTRE DE 2024,CIENCIAS DE LA EDUCACION,LICENCIATURA EN EDUCACIÓN FISICA RECREACIÓN Y DEPORTE,Diurna,Presencial,TUNJA,T.I.,2006-03-28,M,1,PERDIO CUPO A130/98 ART. 80 LIT. C,AGUACHICA,OCAÑA,LIT. C,18
PRIMER SEMESTRE DE 2024,CIENCIAS DE LA EDUCACION,LICENCIATURA EN CIENCIAS SOCIALES,Diurna,Presencial,TUNJA,C.C.,2005-12-15,M,2,PERDIO CUPO A130/98 ART. 80 LIT. B,TUNJA,PAIPA,LIT. B,19
PRIMER SEMESTRE DE 2024,CIENCIAS DE LA EDUCACION,LICENCIATURA EN CIENCIAS SOCIALES,Diurna,Presencial,TUNJA,C.C.,2000-06-10,M,2,PERDIO CUPO A130/98 ART. 80 LIT. D,DUITAMA,DUITAMA,LIT. D,24
PRIMER SEMESTRE DE 2024,CIENCIAS DE LA EDUCACION,LICENCIATURA EN CIENCIAS SOCIALES,Diurna,Presencial,TUNJA,C.C.,2001-09-04,M,2,PERDIO CUPO A130/98 ART. 80 LIT. B,TUNJA,OICATÁ,LIT. B,23
PRIMER SEMESTRE DE 2024,CIENCIAS DE LA EDUCACION,LICENCIATURA EN CIENCIAS SOCIALES,Diurna,Presencial,TUNJA,T.I.,2003-04-23,M,2,PERDIO CUPO A130/98 ART. 80 LIT. D,TUNJA,CHIQUINQUIRÁ,LIT. D,21
PRIMER SEMESTRE DE 2024,CIENCIAS DE LA EDUCACION,LICENCIATURA EN CIENCIAS SOCIALES,Diurna,Presencial,TUNJA,C.C.,1998-03-23,M,2,PERDIO CUPO A130/98 ART.80 LIT. E,PAIPA,PAIPA,LIT. E,26
PRIMER SEMESTRE DE 2024,CIENCIAS DE LA EDUCACION,LICENCIATURA EN CIENCIAS SOCIALES,Diurna,Presencial,TUNJA,T.I.,2005-04-16,M,2,PERDIO CUPO A130/98 ART. 80 LIT. C,CHIQUINQUIRÁ,CHIQUINQUIRÁ,LIT. C,19
PRIMER SEMESTRE DE 2024,CIENCIAS DE LA EDUCACION,LIC. EN PSICOPEDAGOGIA ENFASIS ASESORIA EDUCATIVA,Diurna,Presencial,TUNJA,C.C.,2002-03-05,F,1,PERDIO CUPO A130/98 ART. 80 LIT. D,TÓPAGA,TÓPAGA,LIT. D,22
PRIMER SEMESTRE DE 2024,CIENCIAS DE LA EDUCACION,LIC. EN PSICOPEDAGOGIA ENFASIS ASESORIA EDUCATIVA,Diurna,Presencial,TUNJA,C.C.,1994-10-31,M,2,PERDIO CUPO A130/98 ART. 80 LIT. D,SAMACÁ,PIEDECUESTA,LIT. D,30
PRIMER SEMESTRE DE 2024,CIENCIAS DE LA EDUCACION,LICENCIATURA EN MUSICA,Diurna,Presencial,TUNJA,C.C.,1999-01-01,M,3,PERDIO CUPO A130/98 ART. 80 LIT. A,SIACHOQUE,TUNJA,LIT. A,25
PRIMER SEMESTRE DE 2024,CIENCIAS DE LA EDUCACION,LICENCIATURA EN MUSICA,Diurna,Presencial,TUNJA,C.C.,1985-01-04,M,3,PERDIO CUPO A130/98 ART. 80 LIT. D,TUNJA,BUCARAMANGA,LIT. D,39
PRIMER SEMESTRE DE 2024,CIENCIAS DE LA EDUCACION,LICENCIATURA EN MUSICA,Diurna,Presencial,TUNJA,C.C.,2000-05-03,M,2,PERDIO CUPO A130/98 ART. 80 LIT. B,SIACHOQUE,SIACHOQUE,LIT. B,24
PRIMER SEMESTRE DE 2024,CIENCIAS DE LA EDUCACION,LICENCIATURA EN FILOSOFIA,Extendida,Presencial,TUNJA,C.C.,2003-12-24,M,3,PERDIO CUPO A130/98 ART.80 LIT. E,TUNJA,CHIQUINQUIRÁ,LIT. E,21
PRIMER SEMESTRE DE 2024,CIENCIAS DE LA EDUCACION,LICENCIATURA EN FILOSOFIA,Extendida,Presencial,TUNJA,T.I.,2006-01-12,M,2,PERDIO CUPO A130/98 ART. 80 LIT. C,RAMIRIQUÍ,CIÉNEGA,LIT. C,18
PRIMER SEMESTRE DE 2024,CIENCIAS DE LA EDUCACION,LICENCIATURA EN FILOSOFIA,Extendida,Presencial,TUNJA,C.C.,1985-12-21,M,2,PERDIO CUPO A130/98 ART.80 LIT. E,MONIQUIRÁ,MONIQUIRÁ,LIT. E,39
PRIMER SEMESTRE DE 2024,CIENCIAS DE LA EDUCACION,LICENCIATURA EN FILOSOFIA,Extendida,Presencial,TUNJA,C.C.,1996-10-20,M,1,PERDIO CUPO A130/98 ART.80 LIT. E,YOPAL,YOPAL,LIT. E,28
PRIMER SEMESTRE DE 2024,CIENCIAS DE LA EDUCACION,LICENCIATURA EN FILOSOFIA,Extendida,Presencial,TUNJA,C.C.,1990-07-25,M,2,PERDIO CUPO A130/98 ART.80 LIT. E,LA DORADA,BOGOTÁ D.C.,LIT. E,34
PRIMER SEMESTRE DE 2024,CIENCIAS DE LA EDUCACION,LICENCIATURA EN FILOSOFIA,Extendida,Presencial,TUNJA,C.C.,2003-12-03,M,3,PERDIO CUPO A130/98 ART. 80 LIT. B,BOGOTÁ D.C.,TUNJA,LIT. B,21
PRIMER SEMESTRE DE 2024,CIENCIAS DE LA EDUCACION,LICENCIATURA EN FILOSOFIA,Extendida,Presencial,TUNJA,C.C.,2002-04-21,M,2,PERDIO CUPO A130/98 ART. 80 LIT. C,BOGOTÁ D.C.,TUTA,LIT. C,22
PRIMER SEMESTRE DE 2024,CIENCIAS DE LA EDUCACION,LICENCIATURA EN FILOSOFIA,Extendida,Presencial,TUNJA,C.C.,1999-07-09,F,2,PERDIO CUPO A130/98 ART. 80 LIT. C,CÓMBITA,TUNJA,LIT. C,25
PRIMER SEMESTRE DE 2024,CIENCIAS DE LA EDUCACION,LICENCIATURA EN LENGUAS EXTRANJERAS CON ENFASIS EN INGLES Y EN FRANCES,Extendida,Presencial,TUNJA,C.C.,2002-08-04,M,2,PERDIO CUPO A130/98 ART. 80 LIT. C,SOGAMOSO,SOGAMOSO,LIT. C,22
PRIMER SEMESTRE DE 2024,CIENCIAS DE LA EDUCACION,LICENCIATURA EN LENGUAS EXTRANJERAS CON ENFASIS EN INGLES Y EN FRANCES,Extendida,Presencial,TUNJA,T.I.,2005-03-19,M,2,PERDIO CUPO A130/98 ART. 80 LIT. C,GRANADA,GRANADA,LIT. C,19
PRIMER SEMESTRE DE 2024,CIENCIAS DE LA EDUCACION,LICENCIATURA EN EDUCACIÓN INFANTIL,Extendida,Presencial,TUNJA,C.C.,2004-03-18,F,2,PERDIO CUPO A130/98 ART. 80 LIT. C,TUNJA,TUNJA,LIT. C,20
PRIMER SEMESTRE DE 2024,CIENCIAS DE LA EDUCACION,LICENCIATURA EN EDUCACIÓN INFANTIL,Extendida,Presencial,TUNJA,C.C.,1999-05-06,F,3,PERDIO CUPO A130/98 ART. 80 LIT. D,BARBOSA,BARBOSA,LIT. D,25
PRIMER SEMESTRE DE 2024,CIENCIAS DE LA EDUCACION,"LICENCIATURA EN LENGUAS MODERNAS, CON ENFASIS EN INGLES",Extendida,Presencial,TUNJA,C.C.,2004-11-10,F,2,PERDIO CUPO A130/98 ART. 80 LIT. C,BOLÍVAR,TUNJA,LIT. C,20
PRIMER SEMESTRE DE 2024,CIENCIAS DE LA EDUCACION,"LICENCIATURA EN LENGUAS MODERNAS, CON ENFASIS EN INGLES",Extendida,Presencial,TUNJA,C.C.,2000-09-09,M,1,PERDIO CUPO A130/98 ART.80 LIT. E,VILLAVICENCIO,VILLAVICENCIO,LIT. E,24
PRIMER SEMESTRE DE 2024,CIENCIAS DE LA EDUCACION,LICENCIATURA EN LITERATURA Y LENGUA CASTELLANA,Extendida,Presencial,TUNJA,C.C.,2000-04-18,F,3,PERDIO CUPO A130/98 ART. 80 LIT. B,TUNJA,TUNJA,LIT. B,24
PRIMER SEMESTRE DE 2024,CIENCIAS DE LA EDUCACION,LICENCIATURA EN LITERATURA Y LENGUA CASTELLANA,Extendida,Presencial,TUNJA,C.C.,2000-12-08,M,2,PERDIO CUPO A130/98 ART. 80 LIT. C,DUITAMA,NOBSA,LIT. C,24
PRIMER SEMESTRE DE 2024,CIENCIAS DE LA EDUCACION,LICENCIATURA EN INFORMATICA,Diurna,Presencial,TUNJA,C.C.,2001-05-29,M,2,PERDIO CUPO A130/98 ART. 80 LIT. D,VILLAPINZÓN,VILLAPINZÓN,LIT. D,23
PRIMER SEMESTRE DE 2024,CIENCIAS DE LA EDUCACION,LICENCIATURA EN INFORMATICA,Diurna,Presencial,TUNJA,C.C.,1995-02-07,M,2,PERDIO CUPO A130/98 ART. 80 LIT. C,BUCARAMANGA,PUENTE NACIONAL,LIT. C,29
PRIMER SEMESTRE DE 2024,CIENCIAS DE LA EDUCACION,LICENCIATURA EN INFORMATICA,Diurna,Presencial,TUNJA,C.C.,1997-03-26,M,2,PERDIO CUPO A130/98 ART. 80 LIT. C,TUNJA,TUNJA,LIT. C,27
PRIMER SEMESTRE DE 2024,CIENCIAS DE LA EDUCACION,LICENCIATURA EN INFORMATICA,Diurna,Presencial,TUNJA,C.C.,1999-05-28,M,2,PERDIO CUPO A130/98 ART. 80 LIT. C,TURMEQUÉ,PAIPA,LIT. C,25
PRIMER SEMESTRE DE 2024,CIENCIAS DE LA EDUCACION,ARTES PLASTICAS Y VISUALES,Extendida,Presencial,TUNJA,C.C.,2003-04-14,F,2,PERDIO CUPO A130/98 ART. 80 LIT. B,TUNJA,TUNJA,LIT. B,21
PRIMER SEMESTRE DE 2024,CIENCIAS DE LA EDUCACION,ARTES PLASTICAS Y VISUALES,Extendida,Presencial,TUNJA,C.C.,2003-09-20,M,2,PERDIO CUPO A130/98 ART.80 LIT. E,BOGOTÁ D.C.,CIÉNEGA,LIT. E,21
PRIMER SEMESTRE DE 2024,CIENCIAS DE LA EDUCACION,ARTES PLASTICAS Y VISUALES,Extendida,Presencial,TUNJA,C.C.,2004-04-07,M,2,PERDIO CUPO A130/98 ART. 80 LIT. C,PAMPLONA,DUITAMA,LIT. C,20
PRIMER SEMESTRE DE 2024,CIENCIAS DE LA EDUCACION,DOCTORADO EN HISTORIA,Otra,Presencial,TUNJA,C.C.,1991-10-20,F,,PERDIO CUPO A 052/2012  ART 15 LIT.A.,VILLAPINZÓN,VILLAPINZÓN,LIT. A,33
PRIMER SEMESTRE DE 2024,CIENCIAS DE LA EDUCACION,MAESTRÍA EN LITERATURA,Otra,Presencial,TUNJA,C.C.,2000-10-22,F,,PERDIO CUPO A 052/2012  ART 15 LIT.A.,BOGOTÁ D.C.,BOGOTÁ D.C.,LIT. A,24
PRIMER SEMESTRE DE 2024,CIENCIAS DE LA EDUCACION,LICENCIATURA EN EDUCACIÓN BASICA PRIMARIA,Extendida,Distancia,TUNJA,C.C.,2001-01-04,F,1,PERDIO CUPO A130/98 ART. 80 LIT. C,BARRANCABERMEJA,BARRANCABERMEJA,LIT. C,23
PRIMER SEMESTRE DE 2024,CIENCIAS DE LA EDUCACION,LICENCIATURA EN EDUCACIÓN BASICA PRIMARIA,Extendida,Distancia,TUNJA,C.C.,1997-10-17,F,1,PERDIO CUPO A130/98 ART.80 LIT. E,SAMACÁ,SAMACÁ,LIT. E,27
PRIMER SEMESTRE DE 2024,CIENCIAS DE LA EDUCACION,LICENCIATURA EN EDUCACIÓN BASICA PRIMARIA,Extendida,Distancia,TUNJA,C.C.,1980-04-09,M,3,PERDIO CUPO A130/98 ART.80 LIT. E,TUNJA,TUNJA,LIT. E,44
PRIMER SEMESTRE DE 2024,CIENCIAS DE LA EDUCACION,LICENCIATURA EN EDUCACIÓN BASICA PRIMARIA,Extendida,Distancia,DUITAMA,C.C.,2001-07-09,F,2,PERDIO CUPO A130/98 ART.80 LIT. E,DUITAMA,SAN MATEO,LIT. E,23
PRIMER SEMESTRE DE 2024,CIENCIAS DE LA EDUCACION,LICENCIATURA EN EDUCACIÓN BASICA PRIMARIA,Extendida,Distancia,CHIQUINQUIRA,C.C.,2001-02-21,F,2,PERDIO CUPO A130/98 ART. 80 LIT. B,BARBOSA,BARBOSA,LIT. B,23
PRIMER SEMESTRE DE 2024,CIENCIAS DE LA EDUCACION,LICENCIATURA EN EDUCACIÓN BASICA PRIMARIA,Extendida,Distancia,CHIQUINQUIRA,C.C.,1998-04-22,F,2,PERDIO CUPO A130/98 ART.80 LIT. E,CHIQUINQUIRÁ,CHIQUINQUIRÁ,LIT. E,26
PRIMER SEMESTRE DE 2024,CIENCIAS DE LA EDUCACION,LICENCIATURA EN EDUCACIÓN BASICA PRIMARIA,Extendida,Distancia,CHIQUINQUIRA,C.C.,2002-05-17,F,2,PERDIO CUPO A130/98 ART. 80 LIT. B,UBATE,UBATE,LIT. B,22
PRIMER SEMESTRE DE 2024,CIENCIAS DE LA SALUD,PSICOLOGIA,Diurna,Presencial,TUNJA,C.C.,1996-02-29,F,2,PERDIO CUPO A130/98 ART.80 LIT. E,NUNCHÍA,YOPAL,LIT. E,28
PRIMER SEMESTRE DE 2024,CIENCIAS DE LA SALUD,PSICOLOGIA,Diurna,Presencial,TUNJA,C.C.,1997-01-17,M,4,PERDIO CUPO A130/98 ART.80 LIT. E,TUNJA,TUNJA,LIT. E,27
PRIMER SEMESTRE DE 2024,CIENCIAS DE LA SALUD,MEDICINA,Diurna,Presencial,TUNJA,C.C.,2001-01-18,F,1,PERDIO CUPO A130/98 ART. 80 LIT. D,BOGOTÁ D.C.,BOGOTÁ D.C.,LIT. D,23
PRIMER SEMESTRE DE 2024,CIENCIAS DE LA SALUD,MEDICINA,Diurna,Presencial,TUNJA,T.I.,2004-01-08,M,2,PERDIO CUPO A130/98 ART.80 LIT. E,SOGAMOSO,TUNJA,LIT. E,20
PRIMER SEMESTRE DE 2024,CIENCIAS ECONOMICAS Y ADMINISTRATIVAS,ECONOMIA,Diurna,Presencial,TUNJA,C.C.,2002-11-02,M,2,PERDIO CUPO A130/98 ART. 80 LIT. C,CHIQUINQUIRÁ,CHIQUINQUIRÁ,LIT. C,22
PRIMER SEMESTRE DE 2024,CIENCIAS ECONOMICAS Y ADMINISTRATIVAS,ECONOMIA,Diurna,Presencial,TUNJA,C.C.,2004-03-26,M,2,PERDIO CUPO A130/98 ART. 80 LIT. B,UMBITA,TUNJA,LIT. B,20
PRIMER SEMESTRE DE 2024,CIENCIAS ECONOMICAS Y ADMINISTRATIVAS,ECONOMIA,Nocturna,Presencial,TUNJA,C.C.,2000-11-23,M,4,PERDIO CUPO A130/98 ART. 80 LIT. C,TUNJA,TUNJA,LIT. C,24
PRIMER SEMESTRE DE 2024,CIENCIAS ECONOMICAS Y ADMINISTRATIVAS,ECONOMIA,Nocturna,Presencial,TUNJA,C.C.,1995-06-04,M,2,PERDIO CUPO A130/98 ART. 80 LIT. B,BOGOTA D.E,TUNJA,LIT. B,29
PRIMER SEMESTRE DE 2024,CIENCIAS ECONOMICAS Y ADMINISTRATIVAS,ECONOMIA,Nocturna,Presencial,TUNJA,T.I.,2002-11-13,M,2,PERDIO CUPO A130/98 ART. 80 LIT. C,BOGOTA D.E,TUNJA,LIT. C,22
PRIMER SEMESTRE DE 2024,CIENCIAS ECONOMICAS Y ADMINISTRATIVAS,ECONOMIA,Nocturna,Presencial,TUNJA,C.C.,2000-07-27,M,2,PERDIO CUPO A130/98 ART.80 LIT. E,CHIQUINQUIRÁ,CHIQUINQUIRÁ,LIT. E,24
PRIMER SEMESTRE DE 2024,CIENCIAS ECONOMICAS Y ADMINISTRATIVAS,ECONOMIA,Nocturna,Presencial,TUNJA,C.C.,2001-01-11,M,2,PERDIO CUPO A130/98 ART. 80 LIT. C,SANTA ROSA DE VITERBO,SOCOTÁ,LIT. C,23
PRIMER SEMESTRE DE 2024,CIENCIAS ECONOMICAS Y ADMINISTRATIVAS,ECONOMIA,Nocturna,Presencial,TUNJA,C.C.,2003-01-20,M,3,PERDIO CUPO A130/98 ART.80 LIT. E,DUITAMA,TUNJA,LIT. E,21
PRIMER SEMESTRE DE 2024,CIENCIAS ECONOMICAS Y ADMINISTRATIVAS,ECONOMIA,Nocturna,Presencial,TUNJA,C.C.,1990-08-18,M,,PERDIO CUPO A130/98 ART. 80 LIT. C,TUNJA,TUNJA,LIT. C,34
PRIMER SEMESTRE DE 2024,CIENCIAS ECONOMICAS Y ADMINISTRATIVAS,ADMINISTRACIÓN DE EMPRESAS,Diurna,Presencial,TUNJA,C.C.,2004-04-08,M,1,PERDIO CUPO A130/98 ART. 80 LIT. B,MONIQUIRÁ,MONIQUIRÁ,LIT. B,20
PRIMER SEMESTRE DE 2024,CIENCIAS ECONOMICAS Y ADMINISTRATIVAS,ADMINISTRACIÓN DE EMPRESAS,Diurna,Presencial,TUNJA,C.C.,1997-11-05,M,2,PERDIO CUPO A130/98 ART.80 LIT. E,TÁMARA,PAZ DE ARIPORO,LIT. E,27
PRIMER SEMESTRE DE 2024,CIENCIAS ECONOMICAS Y ADMINISTRATIVAS,ADMINISTRACIÓN DE EMPRESAS,Diurna,Presencial,TUNJA,C.C.,2004-04-04,M,1,PERDIO CUPO A130/98 ART.80 LIT. E,YOPAL,CHAMEZA,LIT. E,20
PRIMER SEMESTRE DE 2024,CIENCIAS ECONOMICAS Y ADMINISTRATIVAS,ADMINISTRACIÓN DE EMPRESAS,Diurna,Presencial,TUNJA,C.C.,2002-05-20,M,2,PERDIO CUPO A130/98 ART. 80 LIT. B,TUNJA,CÓMBITA,LIT. B,22
PRIMER SEMESTRE DE 2024,CIENCIAS ECONOMICAS Y ADMINISTRATIVAS,ADMINISTRACIÓN DE EMPRESAS,Diurna,Presencial,TUNJA,C.C.,2003-06-11,F,3,PERDIO CUPO A130/98 ART. 80 LIT. C,BOGOTÁ D.C.,PAIPA,LIT. C,21
PRIMER SEMESTRE DE 2024,CIENCIAS ECONOMICAS Y ADMINISTRATIVAS,ADMINISTRACIÓN DE EMPRESAS,Nocturna,Presencial,TUNJA,T.I.,2004-09-11,F,2,PERDIO CUPO A130/98 ART. 80 LIT. C,SAMACÁ,TUNJA,LIT. C,20
PRIMER SEMESTRE DE 2024,CIENCIAS ECONOMICAS Y ADMINISTRATIVAS,ADMINISTRACIÓN DE EMPRESAS,Nocturna,Presencial,TUNJA,C.C.,1999-09-15,F,1,PERDIO CUPO A130/98 ART. 80 LIT. C,BOGOTÁ D.C.,TUNJA,LIT. C,25
PRIMER SEMESTRE DE 2024,CIENCIAS ECONOMICAS Y ADMINISTRATIVAS,ADMINISTRACIÓN DE EMPRESAS,Nocturna,Presencial,TUNJA,C.C.,1996-09-11,M,2,PERDIO CUPO A130/98 ART. 80 LIT. C,TUNJA,TUNJA,LIT. C,28
PRIMER SEMESTRE DE 2024,CIENCIAS ECONOMICAS Y ADMINISTRATIVAS,ADMINISTRACIÓN DE EMPRESAS,Nocturna,Presencial,TUNJA,C.C.,2002-09-15,F,2,PERDIO CUPO A130/98 ART. 80 LIT. B,CAMPOHERMOSO,TUNJA,LIT. B,22
PRIMER SEMESTRE DE 2024,CIENCIAS ECONOMICAS Y ADMINISTRATIVAS,CONTADURIA PUBLICA,Nocturna,Presencial,TUNJA,C.C.,1996-09-17,M,1,PERDIO CUPO A130/98 ART. 80 LIT. B,CARTAGENA,TUNJA,LIT. B,28
PRIMER SEMESTRE DE 2024,DERECHO Y CIENCIAS  SOCIALES,DERECHO,Diurna,Presencial,TUNJA,C.C.,1977-10-13,M,2,PERDIO CUPO A130/98 ART. 80 LIT. D,PACHAVITA,TUNJA,LIT. D,47
PRIMER SEMESTRE DE 2024,DERECHO Y CIENCIAS  SOCIALES,DERECHO,Diurna,Presencial,TUNJA,C.C.,1996-05-05,M,1,PERDIO CUPO A130/98 ART. 80 LIT. D,TUNJA,TUNJA,LIT. D,28
PRIMER SEMESTRE DE 2024,DERECHO Y CIENCIAS  SOCIALES,DERECHO,Diurna,Presencial,TUNJA,C.C.,1999-04-08,M,2,PERDIO CUPO A130/98 ART.80 LIT. E,SOGAMOSO,DUITAMA,LIT. E,25
PRIMER SEMESTRE DE 2024,DERECHO Y CIENCIAS  SOCIALES,DERECHO,Diurna,Presencial,TUNJA,C.C.,1996-08-14,M,,PERDIO CUPO A130/98 ART.80 LIT. E,VILLA DE LEYVA,VILLA DE LEYVA,LIT. E,28
PRIMER SEMESTRE DE 2024,DERECHO Y CIENCIAS  SOCIALES,DERECHO,Diurna,Presencial,TUNJA,C.C.,2003-02-11,F,2,PERDIO CUPO A130/98 ART.80 LIT. E,EXTRANJERO,TÓPAGA,LIT. E,21
PRIMER SEMESTRE DE 2024,DERECHO Y CIENCIAS  SOCIALES,DERECHO,Diurna,Presencial,TUNJA,C.C.,1991-11-20,M,3,PERDIO CUPO A130/98 ART. 80 LIT. D,PAZ DE RÍO,TUNJA,LIT. D,33
PRIMER SEMESTRE DE 2024,DERECHO Y CIENCIAS  SOCIALES,DERECHO,Extendida,Presencial,AGUAZUL,C.C.,1993-02-20,M,2,PERDIO CUPO A130/98 ART. 80 LIT. C,AGUAZUL,AGUAZUL,LIT. C,31
PRIMER SEMESTRE DE 2024,DERECHO Y CIENCIAS  SOCIALES,MAESTRÍA EN DERECHOS HUMANOS,Otra,Presencial,TUNJA,C.C.,1989-12-27,M,,PERDIO CUPO A 052/2012  ART 15 LIT.B.,TUNJA,TUNJA,LIT. B,35
PRIMER SEMESTRE DE 2024,ESTUDIOS A DISTANCIA,ESPECIALIZACION EN GERENCIA DE EMPRESAS DE SALUD,Otra,Virtual,TUNJA,C.C.,1989-08-06,M,,PERDIO CUPO A 052/2012  ART 15 LIT.A.,TAME,CUBARÁ,LIT. A,35
PRIMER SEMESTRE DE 2024,ESTUDIOS A DISTANCIA,ESPECIALIZACION EN GERENCIA DE EMPRESAS DE SALUD,Otra,Virtual,TUNJA,C.C.,1996-07-04,F,,PERDIO CUPO A 052/2012  ART 15 LIT.A.,MONIQUIRÁ,MONIQUIRÁ,LIT. A,28
PRIMER SEMESTRE DE 2024,ESTUDIOS A DISTANCIA,ESPECIALIZACION EN GERENCIA DE EMPRESAS DE SALUD,Otra,Virtual,TUNJA,C.C.,1990-05-05,F,,PERDIO CUPO A 052/2012  ART 15 LIT.A.,IBAGUÉ,IBAGUÉ,LIT. A,34
PRIMER SEMESTRE DE 2024,ESTUDIOS A DISTANCIA,ESPECIALIZACION EN PEDAGOGIA DE LA LENGUA CASTELLANA Y LITERATURA,Otra,Virtual,TUNJA,C.C.,1996-09-17,F,,PERDIO CUPO A 052/2012  ART 15 LIT.A.,GRANADA,GRANADA,LIT. A,28
PRIMER SEMESTRE DE 2024,ESTUDIOS A DISTANCIA,ESPECIALIZACION EN PEDAGOGIA DE LA LENGUA CASTELLANA Y LITERATURA,Otra,Virtual,TUNJA,C.C.,1982-01-09,F,,PERDIO CUPO A 052/2012  ART 15 LIT.A.,SARAVENA,CÚCUTA,LIT. A,42
PRIMER SEMESTRE DE 2024,ESTUDIOS A DISTANCIA,MAESTRIA EN DIDACTICA DE LA MATEMATICA,Extendida,Virtual,TUNJA,C.C.,1988-02-08,M,,PERDIO CUPO A 052/2012  ART 15 LIT.B.,BOGOTÁ D.C.,BOGOTÁ D.C.,LIT. B,36
PRIMER SEMESTRE DE 2024,ESTUDIOS A DISTANCIA,MAESTRIA EN DIDACTICA DE LA MATEMATICA,Extendida,Virtual,TUNJA,C.C.,2000-04-16,M,,PERDIO CUPO A 052/2012  ART 15 LIT.A.,BOGOTÁ D.C.,BOGOTÁ D.C.,LIT. A,24
PRIMER SEMESTRE DE 2024,ESTUDIOS A DISTANCIA,TECNOLOGIA EN OBRAS CIVILES,Otra,Distancia,TUNJA,C.C.,1994-11-28,F,2,PERDIO CUPO A130/98 ART. 80 LIT. B,TUNJA,TUNJA,LIT. B,30
PRIMER SEMESTRE DE 2024,ESTUDIOS A DISTANCIA,TECNOLOGIA EN OBRAS CIVILES,Otra,Distancia,TUNJA,C.C.,1995-02-09,M,1,PERDIO CUPO A130/98 ART.80 LIT. E,TUNJA,TUNJA,LIT. E,29
PRIMER SEMESTRE DE 2024,ESTUDIOS A DISTANCIA,TECNOLOGIA EN OBRAS CIVILES,Otra,Distancia,TUNJA,C.C.,2004-07-28,M,2,PERDIO CUPO A130/98 ART. 80 LIT. B,SOGAMOSO,DUITAMA,LIT. B,20
PRIMER SEMESTRE DE 2024,ESTUDIOS A DISTANCIA,TECNOLOGIA EN OBRAS CIVILES,Otra,Distancia,TUNJA,C.C.,1992-10-01,M,,PERDIO CUPO A130/98 ART.80 LIT. E,TURMEQUÉ,TUNJA,LIT. E,32
PRIMER SEMESTRE DE 2024,ESTUDIOS A DISTANCIA,TECNOLOGIA EN OBRAS CIVILES,Otra,Distancia,TUNJA,C.C.,1994-05-05,M,,PERDIO CUPO A130/98 ART.80 LIT. E,TURMEQUÉ,TUNJA,LIT. E,30
PRIMER SEMESTRE DE 2024,ESTUDIOS A DISTANCIA,TECNOLOGIA EN OBRAS CIVILES,Otra,Distancia,TUNJA,T.I.,2004-06-21,F,2,PERDIO CUPO A130/98 ART. 80 LIT. B,BOGOTÁ D.C.,BOGOTÁ D.C.,LIT. B,20
PRIMER SEMESTRE DE 2024,ESTUDIOS A DISTANCIA,TECNOLOGIA EN OBRAS CIVILES,Otra,Distancia,TUNJA,C.C.,1998-07-08,F,2,PERDIO CUPO A130/98 ART. 80 LIT. D,TUNJA,DUITAMA,LIT. D,26
PRIMER SEMESTRE DE 2024,ESTUDIOS A DISTANCIA,TECNOLOGIA EN OBRAS CIVILES,Otra,Distancia,TUNJA,C.C.,1987-12-25,M,2,PERDIO CUPO A130/98 ART. 80 LIT. D,MOTAVITA,TUNJA,LIT. D,37
PRIMER SEMESTRE DE 2024,ESTUDIOS A DISTANCIA,TECNOLOGIA EN OBRAS CIVILES,Otra,Distancia,TUNJA,C.C.,1994-09-18,M,1,PERDIO CUPO A130/98 ART. 80 LIT. C,TUNJA,TUNJA,LIT. C,30
PRIMER SEMESTRE DE 2024,ESTUDIOS A DISTANCIA,TECNOLOGIA EN OBRAS CIVILES,Otra,Distancia,TUNJA,C.C.,1998-02-06,M,2,PERDIO CUPO A130/98 ART. 80 LIT. B,TUNJA,ARCABUCO,LIT. B,26
PRIMER SEMESTRE DE 2024,ESTUDIOS A DISTANCIA,TECNOLOGIA EN OBRAS CIVILES,Otra,Distancia,TUNJA,C.C.,1988-08-23,M,3,PERDIO CUPO A130/98 ART. 80 LIT. B,TUNJA,SAN LUIS DE GACENO,LIT. B,36
PRIMER SEMESTRE DE 2024,ESTUDIOS A DISTANCIA,TECNOLOGIA EN OBRAS CIVILES,Otra,Distancia,TUNJA,C.C.,1994-03-15,M,3,PERDIO CUPO A130/98 ART.80 LIT. E,BETÉITIVA,DUITAMA,LIT. E,30
PRIMER SEMESTRE DE 2024,ESTUDIOS A DISTANCIA,TECNOLOGIA EN OBRAS CIVILES,Otra,Distancia,TUNJA,C.C.,1983-09-03,M,3,PERDIO CUPO A130/98 ART. 80 LIT. D,TUNJA,TUNJA,LIT. D,41
PRIMER SEMESTRE DE 2024,ESTUDIOS A DISTANCIA,TECNOLOGIA EN OBRAS CIVILES,Otra,Distancia,TUNJA,C.C.,1990-06-09,M,2,PERDIO CUPO A130/98 ART.80 LIT. E,DUITAMA,PAIPA,LIT. E,34
PRIMER SEMESTRE DE 2024,ESTUDIOS A DISTANCIA,TECNOLOGIA EN OBRAS CIVILES,Otra,Distancia,TUNJA,C.C.,1995-01-18,M,1,PERDIO CUPO A130/98 ART. 80 LIT. C,PEREIRA,BOGOTÁ D.C.,LIT. C,29
PRIMER SEMESTRE DE 2024,ESTUDIOS A DISTANCIA,TECNOLOGIA EN OBRAS CIVILES,Otra,Distancia,TUNJA,C.C.,2000-12-26,M,3,PERDIO CUPO A130/98 ART.80 LIT. E,SOGAMOSO,TUNJA,LIT. E,24
PRIMER SEMESTRE DE 2024,ESTUDIOS A DISTANCIA,TECNOLOGIA EN OBRAS CIVILES,Otra,Distancia,TUNJA,C.C.,1993-04-14,M,,PERDIO CUPO A130/98 ART. 80 LIT. D,TUNJA,TUNJA,LIT. D,31
PRIMER SEMESTRE DE 2024,ESTUDIOS A DISTANCIA,TECNOLOGIA EN OBRAS CIVILES,Otra,Distancia,TUNJA,C.C.,1999-11-19,M,2,PERDIO CUPO A130/98 ART. 80 LIT. C,TUNJA,TUNJA,LIT. C,25
PRIMER SEMESTRE DE 2024,ESTUDIOS A DISTANCIA,TECNOLOGIA EN OBRAS CIVILES,Otra,Distancia,TUNJA,T.I.,2005-03-05,F,2,PERDIO CUPO A130/98 ART.80 LIT. E,TUNJA,TUNJA,LIT. E,19
PRIMER SEMESTRE DE 2024,ESTUDIOS A DISTANCIA,TECNOLOGIA EN OBRAS CIVILES,Otra,Distancia,TUNJA,C.C.,1994-01-22,M,1,PERDIO CUPO A130/98 ART. 80 LIT. D,TUNJA,TUNJA,LIT. D,30
PRIMER SEMESTRE DE 2024,ESTUDIOS A DISTANCIA,TECNOLOGIA EN OBRAS CIVILES,Otra,Distancia,TUNJA,C.C.,1977-04-10,M,2,PERDIO CUPO A130/98 ART.80 LIT. E,TUNJA,TUNJA,LIT. E,47
PRIMER SEMESTRE DE 2024,ESTUDIOS A DISTANCIA,TECNOLOGIA EN OBRAS CIVILES,Otra,Distancia,TUNJA,T.I.,2005-08-21,M,2,PERDIO CUPO A130/98 ART. 80 LIT. B,SORACÁ,SORACÁ,LIT. B,19
PRIMER SEMESTRE DE 2024,ESTUDIOS A DISTANCIA,TECNOLOGIA EN OBRAS CIVILES,Otra,Distancia,SOGAMOSO,C.C.,1994-05-03,M,2,PERDIO CUPO A130/98 ART.80 LIT. E,SOGAMOSO,SOGAMOSO,LIT. E,30
PRIMER SEMESTRE DE 2024,ESTUDIOS A DISTANCIA,TECNOLOGIA EN OBRAS CIVILES,Otra,Distancia,SOGAMOSO,C.C.,1990-07-10,M,2,PERDIO CUPO A130/98 ART.80 LIT. E,SOGAMOSO,SOGAMOSO,LIT. E,34
PRIMER SEMESTRE DE 2024,ESTUDIOS A DISTANCIA,TECNOLOGIA EN OBRAS CIVILES,Otra,Distancia,YOPAL,C.C.,1990-01-26,M,1,PERDIO CUPO A130/98 ART. 80 LIT. D,YOPAL,YOPAL,LIT. D,34
PRIMER SEMESTRE DE 2024,ESTUDIOS A DISTANCIA,TECNOLOGIA EN OBRAS CIVILES,Otra,Distancia,CHIQUINQUIRA,C.C.,2003-03-24,F,2,PERDIO CUPO A130/98 ART. 80 LIT. B,MUZO,MUZO,LIT. B,21
PRIMER SEMESTRE DE 2024,ESTUDIOS A DISTANCIA,TECNOLOGIA EN OBRAS CIVILES,Otra,Distancia,CHIQUINQUIRA,C.C.,1999-08-20,M,2,PERDIO CUPO A130/98 ART. 80 LIT. B,MUZO,CHIQUINQUIRÁ,LIT. B,25
PRIMER SEMESTRE DE 2024,ESTUDIOS A DISTANCIA,TECNOLOGIA EN OBRAS CIVILES,Otra,Distancia,DUITAMA,C.C.,2000-09-12,M,1,PERDIO CUPO A130/98 ART. 80 LIT. B,DUITAMA,SOGAMOSO,LIT. B,24
PRIMER SEMESTRE DE 2024,ESTUDIOS A DISTANCIA,TECNOLOGIA EN OBRAS CIVILES,Otra,Distancia,DUITAMA,C.C.,1982-10-05,M,2,PERDIO CUPO A130/98 ART. 80 LIT. B,CARTAGENA,CARTAGENA,LIT. B,42
PRIMER SEMESTRE DE 2024,ESTUDIOS A DISTANCIA,TECNOLOGIA EN OBRAS CIVILES,Otra,Distancia,DUITAMA,C.C.,1996-07-10,M,2,PERDIO CUPO A130/98 ART. 80 LIT. C,DUITAMA,DUITAMA,LIT. C,28
PRIMER SEMESTRE DE 2024,ESTUDIOS A DISTANCIA,TECNOLOGIA EN MERCADEO AGROPECUARIO,Otra,Distancia,TUNJA,C.C.,1985-01-06,M,2,PERDIO CUPO A130/98 ART.80 LIT. E,SAMACÁ,SAMACÁ,LIT. E,39
PRIMER SEMESTRE DE 2024,ESTUDIOS A DISTANCIA,TECNOLOGIA EN REGENCIA DE FARMACIA,Otra,Distancia,TUNJA,C.C.,2002-01-02,F,1,PERDIO CUPO A130/98 ART.80 LIT. E,MONGUÍ,BOGOTA D.E,LIT. E,22
PRIMER SEMESTRE DE 2024,ESTUDIOS A DISTANCIA,TECNOLOGIA EN REGENCIA DE FARMACIA,Otra,Distancia,TUNJA,C.C.,2001-12-15,F,1,PERDIO CUPO A130/98 ART. 80 LIT. C,TUNJA,TUNJA,LIT. C,23
PRIMER SEMESTRE DE 2024,ESTUDIOS A DISTANCIA,TECNOLOGIA EN REGENCIA DE FARMACIA,Otra,Distancia,TUNJA,C.C.,1989-12-08,F,2,PERDIO CUPO A130/98 ART. 80 LIT. C,TUNJA,TUNJA,LIT. C,35
PRIMER SEMESTRE DE 2024,ESTUDIOS A DISTANCIA,TECNOLOGIA EN REGENCIA DE FARMACIA,Otra,Distancia,TUNJA,C.C.,2000-07-04,F,1,PERDIO CUPO A130/98 ART. 80 LIT. B,MONIQUIRÁ,MONIQUIRÁ,LIT. B,24
PRIMER SEMESTRE DE 2024,ESTUDIOS A DISTANCIA,TECNOLOGIA EN REGENCIA DE FARMACIA,Otra,Distancia,DUITAMA,C.C.,1996-10-12,F,3,PERDIO CUPO A130/98 ART. 80 LIT. C,DUITAMA,DUITAMA,LIT. C,28
PRIMER SEMESTRE DE 2024,ESTUDIOS A DISTANCIA,TECNOLOGIA EN REGENCIA DE FARMACIA,Otra,Distancia,DUITAMA,C.C.,1996-03-16,F,1,PERDIO CUPO A130/98 ART. 80 LIT. C,TUNJA,TUNJA,LIT. C,28
PRIMER SEMESTRE DE 2024,ESTUDIOS A DISTANCIA,TECNOLOGIA EN REGENCIA DE FARMACIA,Otra,Distancia,DUITAMA,C.C.,1995-08-18,F,1,PERDIO CUPO A130/98 ART. 80 LIT. C,DUITAMA,DUITAMA,LIT. C,29
PRIMER SEMESTRE DE 2024,ESTUDIOS A DISTANCIA,TECNOLOGIA EN REGENCIA DE FARMACIA,Otra,Distancia,SOGAMOSO,C.C.,1993-07-12,M,3,PERDIO CUPO A130/98 ART.80 LIT. E,SOGAMOSO,BUCARAMANGA,LIT. E,31
PRIMER SEMESTRE DE 2024,ESTUDIOS A DISTANCIA,TECNOLOGIA EN MAQUINAS Y HERRAMIENTAS,Otra,Distancia,TUNJA,C.C.,1991-05-17,M,2,PERDIO CUPO A130/98 ART. 80 LIT. D,TUNJA,TUNJA,LIT. D,33
PRIMER SEMESTRE DE 2024,ESTUDIOS A DISTANCIA,TECNOLOGIA EN OBRAS CIVILES,Otra,Distancia,SANTA FE DE BOGOTA,C.C.,1985-12-10,M,2,PERDIO CUPO A130/98 ART.80 LIT. E,PALMIRA,PRADERA,LIT. E,39
PRIMER SEMESTRE DE 2024,ESTUDIOS A DISTANCIA,TECNOLOGIA EN OBRAS CIVILES,Otra,Distancia,SANTA FE DE BOGOTA,C.C.,1990-01-29,M,2,PERDIO CUPO A130/98 ART. 80 LIT. C,GUAMAL,EL BANCO,LIT. C,34
PRIMER SEMESTRE DE 2024,ESTUDIOS A DISTANCIA,TECNOLOGIA EN OBRAS CIVILES,Otra,Distancia,SANTA FE DE BOGOTA,C.C.,1991-05-12,M,2,PERDIO CUPO A130/98 ART. 80 LIT. C,BOGOTÁ D.C.,BOGOTÁ D.C.,LIT. C,33
PRIMER SEMESTRE DE 2024,ESTUDIOS A DISTANCIA,TECNOLOGIA EN OBRAS CIVILES,Otra,Distancia,SANTA FE DE BOGOTA,C.C.,1996-09-07,M,3,PERDIO CUPO A130/98 ART. 80 LIT. C,BOGOTÁ D.C.,UBALÁ,LIT. C,28
PRIMER SEMESTRE DE 2024,ESTUDIOS A DISTANCIA,TECNOLOGIA EN OBRAS CIVILES,Otra,Distancia,SANTA FE DE BOGOTA,C.C.,1994-06-15,M,2,PERDIO CUPO A130/98 ART. 80 LIT. A,TUNJA,TUNJA,LIT. A,30
PRIMER SEMESTRE DE 2024,ESTUDIOS A DISTANCIA,TECNICA PROFESIONAL EN PROCESOS AGROINDUSTRIALES,Otra,Virtual,TUNJA,T.I.,2005-10-20,M,,PERDIO CUPO A130/98 ART. 80 LIT. C,TUNJA,PAUNA,LIT. C,19
PRIMER SEMESTRE DE 2024,ESTUDIOS A DISTANCIA,TECNICA PROFESIONAL EN PROCESOS AGROINDUSTRIALES,Otra,Virtual,TUNJA,C.C.,2003-06-21,F,1,PERDIO CUPO A130/98 ART. 80 LIT. B,TUNJA,TAURAMENA,LIT. B,21
PRIMER SEMESTRE DE 2024,ESTUDIOS A DISTANCIA,TECNICA PROFESIONAL EN PROCESOS AGROINDUSTRIALES,Otra,Virtual,TUNJA,C.C.,1996-03-19,F,2,PERDIO CUPO A130/98 ART.80 LIT. E,SOGAMOSO,PESCA,LIT. E,28
PRIMER SEMESTRE DE 2024,ESTUDIOS A DISTANCIA,TECNICA PROFESIONAL EN PROCESOS AGROINDUSTRIALES,Otra,Virtual,TUNJA,T.I.,2006-01-24,F,2,PERDIO CUPO A130/98 ART. 80 LIT. C,LA CAPILLA,LA CAPILLA,LIT. C,18
PRIMER SEMESTRE DE 2024,ESTUDIOS A DISTANCIA,TECNICA PROFESIONAL EN PROCESOS AGROINDUSTRIALES,Otra,Virtual,TUNJA,C.C.,1988-09-14,F,2,PERDIO CUPO A130/98 ART.80 LIT. E,TUNJA,TUNJA,LIT. E,36
PRIMER SEMESTRE DE 2024,ESTUDIOS A DISTANCIA,TECNICA PROFESIONAL EN PROCESOS AGROINDUSTRIALES,Otra,Virtual,TUNJA,C.C.,1994-11-22,M,2,PERDIO CUPO A130/98 ART. 80 LIT. B,BOGOTÁ D.C.,BOGOTÁ D.C.,LIT. B,30
PRIMER SEMESTRE DE 2024,ESTUDIOS A DISTANCIA,TECNICA PROFESIONAL EN PROCESOS AGROINDUSTRIALES,Otra,Virtual,TUNJA,C.C.,1998-10-29,M,2,PERDIO CUPO A130/98 ART. 80 LIT. C,PAIPA,PAIPA,LIT. C,26
PRIMER SEMESTRE DE 2024,ESTUDIOS A DISTANCIA,TECNICA PROFESIONAL EN PROCESOS AGROINDUSTRIALES,Otra,Virtual,TUNJA,C.C.,1988-06-27,M,2,PERDIO CUPO A130/98 ART. 80 LIT. B,AGUAZUL,SOGAMOSO,LIT. B,36
PRIMER SEMESTRE DE 2024,ESTUDIOS A DISTANCIA,TECNOLOGIA EN GESTIÓN AGROINDUSTRIAL,Otra,Virtual,TUNJA,C.C.,1998-05-05,M,2,PERDIO CUPO A130/98 ART. 80 LIT. B,GUATEQUE,SUTATENZA,LIT. B,26
PRIMER SEMESTRE DE 2024,ESTUDIOS A DISTANCIA,ADMINISTRACIÓN AGROINDUSTRIAL,Otra,Virtual,TUNJA,C.C.,2000-07-07,F,1,PERDIO CUPO A130/98 ART. 80 LIT. D,CIÉNEGA,CIÉNEGA,LIT. D,24
PRIMER SEMESTRE DE 2024,ESTUDIOS A DISTANCIA,TECNICA PROFESIONAL EN PROCESOS AGROINDUSTRIALES,Otra,Virtual,GARAGOA,C.C.,1996-07-20,F,1,PERDIO CUPO A130/98 ART. 80 LIT. B,SANTA MARTA,SANTA MARTA,LIT. B,28
PRIMER SEMESTRE DE 2024,ESTUDIOS A DISTANCIA,TECNOLOGIA DE PROGRAMACIÓN DE SISTEMAS INFORMATICOS,Otra,Distancia,TUNJA,C.C.,2002-09-11,M,2,PERDIO CUPO A130/98 ART. 80 LIT. C,YOPAL,YOPAL,LIT. C,22
PRIMER SEMESTRE DE 2024,ESTUDIOS A DISTANCIA,TECNOLOGIA DE PROGRAMACIÓN DE SISTEMAS INFORMATICOS,Otra,Distancia,TUNJA,T.I.,2005-10-04,M,2,PERDIO CUPO A130/98 ART. 80 LIT. B,ACACÍAS,ACACÍAS,LIT. B,19
PRIMER SEMESTRE DE 2024,ESTUDIOS A DISTANCIA,TECNOLOGIA DE PROGRAMACIÓN DE SISTEMAS INFORMATICOS,Otra,Distancia,TUNJA,T.I.,2006-05-16,F,1,PERDIO CUPO A130/98 ART. 80 LIT. B,SOTAQUIRÁ,SOTAQUIRÁ,LIT. B,18
PRIMER SEMESTRE DE 2024,ESTUDIOS A DISTANCIA,TECNOLOGIA DE PROGRAMACIÓN DE SISTEMAS INFORMATICOS,Otra,Distancia,TUNJA,C.C.,2002-06-16,M,1,PERDIO CUPO A130/98 ART. 80 LIT. B,SOGAMOSO,TUNJA,LIT. B,22
PRIMER SEMESTRE DE 2024,ESTUDIOS A DISTANCIA,TECNOLOGIA DE PROGRAMACIÓN DE SISTEMAS INFORMATICOS,Otra,Distancia,TUNJA,T.I.,2004-10-23,F,2,PERDIO CUPO A130/98 ART. 80 LIT. C,SAMACÁ,SAMACÁ,LIT. C,20
PRIMER SEMESTRE DE 2024,ESTUDIOS A DISTANCIA,TECNOLOGIA DE PROGRAMACIÓN DE SISTEMAS INFORMATICOS,Otra,Distancia,TUNJA,C.C.,1993-03-06,M,3,PERDIO CUPO A130/98 ART. 80 LIT. B,TUNJA,TUNJA,LIT. B,31
PRIMER SEMESTRE DE 2024,ESTUDIOS A DISTANCIA,TECNOLOGIA DE PROGRAMACIÓN DE SISTEMAS INFORMATICOS,Otra,Distancia,TUNJA,C.C.,2004-06-26,M,2,PERDIO CUPO A130/98 ART. 80 LIT. B,BOGOTÁ D.C.,MACANAL,LIT. B,20
PRIMER SEMESTRE DE 2024,ESTUDIOS A DISTANCIA,TECNOLOGIA DE PROGRAMACIÓN DE SISTEMAS INFORMATICOS,Otra,Distancia,TUNJA,C.C.,2003-08-12,M,1,PERDIO CUPO A130/98 ART. 80 LIT. C,YOPAL,YOPAL,LIT. C,21
PRIMER SEMESTRE DE 2024,ESTUDIOS A DISTANCIA,TECNOLOGIA DE PROGRAMACIÓN DE SISTEMAS INFORMATICOS,Otra,Distancia,TUNJA,C.C.,1998-05-02,M,2,PERDIO CUPO A130/98 ART. 80 LIT. B,PAIPA,TOCA,LIT. B,26
PRIMER SEMESTRE DE 2024,ESTUDIOS A DISTANCIA,TECNOLOGIA DE PROGRAMACIÓN DE SISTEMAS INFORMATICOS,Otra,Distancia,TUNJA,C.C.,1997-01-01,M,1,PERDIO CUPO A130/98 ART. 80 LIT. B,FLORENCIA,SOACHA,LIT. B,27
PRIMER SEMESTRE DE 2024,ESTUDIOS A DISTANCIA,TECNOLOGIA DE PROGRAMACIÓN DE SISTEMAS INFORMATICOS,Otra,Distancia,SOGAMOSO,C.C.,2003-09-04,M,3,PERDIO CUPO A130/98 ART. 80 LIT. C,SOGAMOSO,SOGAMOSO,LIT. C,21
PRIMER SEMESTRE DE 2024,ESTUDIOS A DISTANCIA,TECNOLOGIA DE PROGRAMACIÓN DE SISTEMAS INFORMATICOS,Diurna,Distancia,GARAGOA,C.C.,2002-09-05,F,1,PERDIO CUPO A130/98 ART. 80 LIT. B,MACANAL,MACANAL,LIT. B,22
PRIMER SEMESTRE DE 2024,ESTUDIOS A DISTANCIA,TECNOLOGIA DE PROGRAMACIÓN DE SISTEMAS INFORMATICOS,Diurna,Distancia,GARAGOA,T.I.,2005-08-13,M,2,PERDIO CUPO A130/98 ART. 80 LIT. B,GARAGOA,CHINAVITA,LIT. B,19
PRIMER SEMESTRE DE 2024,ESTUDIOS A DISTANCIA,TECNOLOGIA EN GESTIÓN DE PRODUCCIÓN Y TRANSFOMACIÓN DEL ACERO,Otra,Distancia,TUNJA,C.C.,1994-10-14,M,2,PERDIO CUPO A130/98 ART.80 LIT. E,TUNJA,TUNJA,LIT. E,30
PRIMER SEMESTRE DE 2024,ESTUDIOS A DISTANCIA,TECNICA PROFESIONAL EN PROCESOS ADMINISTRATIVOS DE SALUD,Otra,Virtual,TUNJA,C.C.,1999-03-31,F,2,PERDIO CUPO A130/98 ART.80 LIT. E,TUNJA,RAMIRIQUÍ,LIT. E,25
PRIMER SEMESTRE DE 2024,ESTUDIOS A DISTANCIA,TECNICA PROFESIONAL EN PROCESOS ADMINISTRATIVOS DE SALUD,Otra,Virtual,TUNJA,C.C.,1998-01-24,F,2,PERDIO CUPO A130/98 ART. 80 LIT. C,TUNJA,TUNJA,LIT. C,26
PRIMER SEMESTRE DE 2024,ESTUDIOS A DISTANCIA,TECNICA PROFESIONAL EN PROCESOS ADMINISTRATIVOS DE SALUD,Otra,Virtual,TUNJA,C.C.,2001-10-01,M,2,PERDIO CUPO A130/98 ART. 80 LIT. B,TUNJA,TUNJA,LIT. B,23
PRIMER SEMESTRE DE 2024,ESTUDIOS A DISTANCIA,TECNICA PROFESIONAL EN PROCESOS ADMINISTRATIVOS DE SALUD,Otra,Virtual,TUNJA,C.C.,1991-07-01,F,2,PERDIO CUPO A130/98 ART.80 LIT. E,TUNJA,TUNJA,LIT. E,33
PRIMER SEMESTRE DE 2024,ESTUDIOS A DISTANCIA,TECNOLOGIA EN GESTIÓN ADMINISTRATIVA DE SERVICIOS DE SALUD,Otra,Virtual,TUNJA,C.C.,1992-03-16,F,2,PERDIO CUPO A130/98 ART.80 LIT. E,TUNJA,TUNJA,LIT. E,32
PRIMER SEMESTRE DE 2024,ESTUDIOS A DISTANCIA,TECNOLOGIA EN GESTIÓN ADMINISTRATIVA DE SERVICIOS DE SALUD,Otra,Virtual,TUNJA,C.C.,1995-11-19,F,2,PERDIO CUPO A130/98 ART. 80 LIT. D,VENTAQUEMADA,TUNJA,LIT. D,29
PRIMER SEMESTRE DE 2024,ESTUDIOS A DISTANCIA,ADMINISTRACIÓN DE SERVICIOS DE SALUD,Otra,Virtual,TUNJA,C.C.,1986-04-13,F,2,PERDIO CUPO A130/98 ART.80 LIT. E,CHIQUINQUIRÁ,BOGOTÁ D.C.,LIT. E,38
PRIMER SEMESTRE DE 2024,ESTUDIOS A DISTANCIA,TECNICA PROFESIONAL EN PROCESOS COMERCIALES Y FINANCIEROS,Otra,Virtual,TUNJA,C.C.,1999-12-19,F,2,PERDIO CUPO A130/98 ART. 80 LIT. C,SAN LUIS DE PALENQUE,YOPAL,LIT. C,25
PRIMER SEMESTRE DE 2024,ESTUDIOS A DISTANCIA,TECNICA PROFESIONAL EN PROCESOS COMERCIALES Y FINANCIEROS,Otra,Virtual,TUNJA,C.C.,1992-10-25,F,3,PERDIO CUPO A130/98 ART. 80 LIT. C,TUNJA,TUNJA,LIT. C,32
PRIMER SEMESTRE DE 2024,ESTUDIOS A DISTANCIA,TECNICA PROFESIONAL EN PROCESOS COMERCIALES Y FINANCIEROS,Otra,Virtual,TUNJA,C.C.,1978-09-23,F,2,PERDIO CUPO A130/98 ART.80 LIT. E,TUNJA,TUNJA,LIT. E,46
PRIMER SEMESTRE DE 2024,ESTUDIOS A DISTANCIA,TECNICA PROFESIONAL EN PROCESOS COMERCIALES Y FINANCIEROS,Otra,Virtual,TUNJA,C.C.,1996-03-22,M,2,PERDIO CUPO A130/98 ART.80 LIT. E,BOGOTÁ D.C.,BOGOTÁ D.C.,LIT. E,28
PRIMER SEMESTRE DE 2024,ESTUDIOS A DISTANCIA,TECNICA PROFESIONAL EN PROCESOS COMERCIALES Y FINANCIEROS,Otra,Virtual,TUNJA,T.I.,2004-10-17,F,2,PERDIO CUPO A130/98 ART.80 LIT. E,BOGOTÁ D.C.,BOGOTÁ D.C.,LIT. E,20
PRIMER SEMESTRE DE 2024,ESTUDIOS A DISTANCIA,TECNICA PROFESIONAL EN PROCESOS COMERCIALES Y FINANCIEROS,Otra,Virtual,TUNJA,C.C.,1996-01-29,M,3,PERDIO CUPO A130/98 ART. 80 LIT. B,TUNJA,TUNJA,LIT. B,28
PRIMER SEMESTRE DE 2024,ESTUDIOS A DISTANCIA,TECNICA PROFESIONAL EN PROCESOS COMERCIALES Y FINANCIEROS,Otra,Virtual,TUNJA,C.C.,1995-10-15,M,1,PERDIO CUPO A130/98 ART. 80 LIT. B,BOGOTÁ D.C.,TUNJA,LIT. B,29
PRIMER SEMESTRE DE 2024,ESTUDIOS A DISTANCIA,TECNOLOGIA EN GESTIÓN COMERCIAL Y FINANCIERA,Otra,Virtual,TUNJA,C.C.,1993-03-30,M,1,PERDIO CUPO A130/98 ART. 80 LIT. D,TUNJA,TUNJA,LIT. D,31
PRIMER SEMESTRE DE 2024,ESTUDIOS A DISTANCIA,TECNOLOGIA EN GESTIÓN COMERCIAL Y FINANCIERA,Otra,Virtual,TUNJA,C.C.,1989-07-14,M,2,PERDIO CUPO A130/98 ART.80 LIT. E,TUNJA,TUNJA,LIT. E,35
PRIMER SEMESTRE DE 2024,ESTUDIOS A DISTANCIA,ADMINISTRACIÓN COMERCIAL Y FINANCIERA,Otra,Virtual,TUNJA,C.C.,1993-01-12,F,2,PERDIO CUPO A130/98 ART.80 LIT. E,PAIPA,PAIPA,LIT. E,31
PRIMER SEMESTRE DE 2024,ESTUDIOS A DISTANCIA,ADMINISTRACIÓN COMERCIAL Y FINANCIERA,Otra,Virtual,TUNJA,C.C.,1973-02-06,F,3,PERDIO CUPO A130/98 ART. 80 LIT. D,BOLÍVAR,TUNJA,LIT. D,51
PRIMER SEMESTRE DE 2024,ESTUDIOS A DISTANCIA,ADMINISTRACIÓN COMERCIAL Y FINANCIERA,Otra,Virtual,TUNJA,C.C.,1990-02-13,F,2,PERDIO CUPO A130/98 ART. 80 LIT. D,TUNJA,TUNJA,LIT. D,34
PRIMER SEMESTRE DE 2024,ESTUDIOS A DISTANCIA,ADMINISTRACIÓN COMERCIAL Y FINANCIERA,Otra,Virtual,TUNJA,C.C.,1991-03-24,F,1,PERDIO CUPO A130/98 ART.80 LIT. E,TUNJA,TUNJA,LIT. E,33
PRIMER SEMESTRE DE 2024,ESTUDIOS A DISTANCIA,TECNICA PROFESIONAL EN PROCESOS ADMINISTRATIVOS DE SALUD,Otra,Virtual,SOGAMOSO,C.C.,1999-06-22,F,1,PERDIO CUPO A130/98 ART. 80 LIT. C,SOGAMOSO,SOGAMOSO,LIT. C,25
PRIMER SEMESTRE DE 2024,ESTUDIOS A DISTANCIA,TECNICA PROFESIONAL EN PROCESOS ADMINISTRATIVOS DE SALUD,Otra,Virtual,SOGAMOSO,C.C.,2005-05-03,F,2,PERDIO CUPO A130/98 ART. 80 LIT. B,SOGAMOSO,SOGAMOSO,LIT. B,19
PRIMER SEMESTRE DE 2024,ESTUDIOS A DISTANCIA,TECNICA PROFESIONAL EN PROCESOS ADMINISTRATIVOS DE SALUD,Otra,Virtual,SOGAMOSO,C.C.,2001-07-06,F,2,PERDIO CUPO A130/98 ART. 80 LIT. B,SOGAMOSO,SOGAMOSO,LIT. B,23
PRIMER SEMESTRE DE 2024,ESTUDIOS A DISTANCIA,TECNICA PROFESIONAL EN PROCESOS ADMINISTRATIVOS DE SALUD,Otra,Virtual,SOGAMOSO,C.C.,2000-08-16,F,1,PERDIO CUPO A130/98 ART. 80 LIT. B,SOGAMOSO,SOGAMOSO,LIT. B,24
PRIMER SEMESTRE DE 2024,ESTUDIOS A DISTANCIA,TECNICA PROFESIONAL EN PROCESOS ADMINISTRATIVOS DE SALUD,Otra,Virtual,SOGAMOSO,C.C.,1990-10-08,F,2,PERDIO CUPO A130/98 ART. 80 LIT. C,SOGAMOSO,TASCO,LIT. C,34
PRIMER SEMESTRE DE 2024,ESTUDIOS A DISTANCIA,TECNICA PROFESIONAL EN PROCESOS ADMINISTRATIVOS DE SALUD,Otra,Virtual,GARAGOA,C.C.,2001-06-07,M,1,PERDIO CUPO A130/98 ART. 80 LIT. B,PIVIJAY,SANTA MARTA,LIT. B,23
PRIMER SEMESTRE DE 2024,ESTUDIOS A DISTANCIA,TECNICA PROFESIONAL EN PROCESOS ADMINISTRATIVOS DE SALUD,Otra,Virtual,GARAGOA,C.C.,1998-06-19,M,2,PERDIO CUPO A130/98 ART. 80 LIT. B,PIVIJAY,PIVIJAY,LIT. B,26
PRIMER SEMESTRE DE 2024,ESTUDIOS A DISTANCIA,TECNICA PROFESIONAL EN PROCESOS ADMINISTRATIVOS DE SALUD,Otra,Virtual,GARAGOA,C.C.,2000-04-27,M,1,PERDIO CUPO A130/98 ART. 80 LIT. B,SANTA MARTA,PIVIJAY,LIT. B,24
PRIMER SEMESTRE DE 2024,ESTUDIOS A DISTANCIA,TECNICA PROFESIONAL EN PROCESOS ADMINISTRATIVOS DE SALUD,Otra,Virtual,GARAGOA,C.C.,2005-01-05,F,1,PERDIO CUPO A130/98 ART. 80 LIT. B,EL RETÉN,EL RETÉN,LIT. B,19
PRIMER SEMESTRE DE 2024,ESTUDIOS A DISTANCIA,TECNICA PROFESIONAL EN PROCESOS ADMINISTRATIVOS DE SALUD,Otra,Virtual,GARAGOA,C.C.,2002-04-13,F,1,PERDIO CUPO A130/98 ART. 80 LIT. B,SAN ZENÓN,SAN ZENÓN,LIT. B,22
PRIMER SEMESTRE DE 2024,ESTUDIOS A DISTANCIA,TECNICA PROFESIONAL EN PROCESOS ADMINISTRATIVOS DE SALUD,Otra,Virtual,RIONEGRO,T.I.,2004-12-08,F,1,PERDIO CUPO A130/98 ART. 80 LIT. B,ALGARROBO,ALGARROBO,LIT. B,20
PRIMER SEMESTRE DE 2024,ESTUDIOS A DISTANCIA,TECNICA PROFESIONAL EN PROCESOS ADMINISTRATIVOS DE SALUD,Otra,Virtual,RIONEGRO,C.C.,1995-09-16,F,1,PERDIO CUPO A130/98 ART. 80 LIT. B,TENERIFE,TENERIFE,LIT. B,29
PRIMER SEMESTRE DE 2024,ESTUDIOS A DISTANCIA,TECNICA PROFESIONAL EN PROCESOS ADMINISTRATIVOS DE SALUD,Otra,Virtual,RIONEGRO,C.C.,2004-07-24,F,1,PERDIO CUPO A130/98 ART. 80 LIT. D,EL RETÉN,EL RETÉN,LIT. D,20
PRIMER SEMESTRE DE 2024,ESTUDIOS A DISTANCIA,TECNICA PROFESIONAL EN PROCESOS ADMINISTRATIVOS DE SALUD,Otra,Virtual,RIONEGRO,C.C.,2003-11-28,M,1,PERDIO CUPO A130/98 ART. 80 LIT. C,PLATO,PLATO,LIT. C,21
PRIMER SEMESTRE DE 2024,ESTUDIOS A DISTANCIA,TECNICA PROFESIONAL EN PROCESOS ADMINISTRATIVOS DE SALUD,Otra,Virtual,SOATA,C.C.,1995-12-04,F,1,PERDIO CUPO A130/98 ART. 80 LIT. B,SANTA MARTA,SANTA MARTA,LIT. B,29
PRIMER SEMESTRE DE 2024,ESTUDIOS A DISTANCIA,TECNICA PROFESIONAL EN PROCESOS ADMINISTRATIVOS DE SALUD,Otra,Virtual,SOATA,C.C.,2002-02-08,F,2,PERDIO CUPO A130/98 ART. 80 LIT. B,SANTA MARTA,SANTA MARTA,LIT. B,22
PRIMER SEMESTRE DE 2024,ESTUDIOS A DISTANCIA,TECNICA PROFESIONAL EN PROCESOS COMERCIALES Y FINANCIEROS,Otra,Virtual,GARAGOA,C.C.,2001-06-29,F,1,PERDIO CUPO A130/98 ART. 80 LIT. B,TENERIFE,BOGOTÁ D.C.,LIT. B,23
PRIMER SEMESTRE DE 2024,ESTUDIOS A DISTANCIA,TECNICA PROFESIONAL EN PROCESOS COMERCIALES Y FINANCIEROS,Otra,Virtual,GARAGOA,C.C.,2004-08-07,F,1,PERDIO CUPO A130/98 ART. 80 LIT. B,PUERTO BOYACÁ,PUERTO BOYACÁ,LIT. B,20
PRIMER SEMESTRE DE 2024,ESTUDIOS A DISTANCIA,TECNICA PROFESIONAL EN PROCESOS COMERCIALES Y FINANCIEROS,Otra,Virtual,GARAGOA,C.C.,1995-05-30,F,1,PERDIO CUPO A130/98 ART. 80 LIT. B,TENERIFE,TENERIFE,LIT. B,29
PRIMER SEMESTRE DE 2024,ESTUDIOS A DISTANCIA,TECNICA PROFESIONAL EN PROCESOS COMERCIALES Y FINANCIEROS,Otra,Virtual,GARAGOA,C.C.,2000-12-23,F,2,PERDIO CUPO A130/98 ART. 80 LIT. D,GARAGOA,GARAGOA,LIT. D,24
PRIMER SEMESTRE DE 2024,ESTUDIOS A DISTANCIA,TECNICA PROFESIONAL EN PROCESOS COMERCIALES Y FINANCIEROS,Otra,Virtual,GARAGOA,C.C.,1999-05-26,M,1,PERDIO CUPO A130/98 ART. 80 LIT. B,SITIONUEVO,SITIONUEVO,LIT. B,25
PRIMER SEMESTRE DE 2024,ESTUDIOS A DISTANCIA,TECNICA PROFESIONAL EN PROCESOS COMERCIALES Y FINANCIEROS,Otra,Virtual,GARAGOA,C.C.,1984-10-17,F,2,PERDIO CUPO A130/98 ART. 80 LIT. D,GARAGOA,GARAGOA,LIT. D,40
PRIMER SEMESTRE DE 2024,ESTUDIOS A DISTANCIA,TECNICA PROFESIONAL EN PROCESOS COMERCIALES Y FINANCIEROS,Otra,Virtual,GARAGOA,C.C.,2001-05-08,F,2,PERDIO CUPO A130/98 ART. 80 LIT. D,GUATEQUE,GUATEQUE,LIT. D,23
PRIMER SEMESTRE DE 2024,ESTUDIOS A DISTANCIA,TECNICA PROFESIONAL EN PROCESOS COMERCIALES Y FINANCIEROS,Otra,Virtual,DUITAMA,C.C.,2003-12-26,F,2,PERDIO CUPO A130/98 ART.80 LIT. E,BELLO,PAIPA,LIT. E,21
PRIMER SEMESTRE DE 2024,ESTUDIOS A DISTANCIA,TECNICA PROFESIONAL EN PROCESOS COMERCIALES Y FINANCIEROS,Otra,Virtual,DUITAMA,C.C.,1996-07-16,M,1,PERDIO CUPO A130/98 ART. 80 LIT. C,DUITAMA,SOGAMOSO,LIT. C,28
PRIMER SEMESTRE DE 2024,ESTUDIOS A DISTANCIA,TECNICA PROFESIONAL EN PROCESOS COMERCIALES Y FINANCIEROS,Otra,Virtual,DUITAMA,C.C.,2002-09-30,F,2,PERDIO CUPO A130/98 ART. 80 LIT. C,DUITAMA,TIBASOSA,LIT. C,22
PRIMER SEMESTRE DE 2024,ESTUDIOS A DISTANCIA,TECNICA PROFESIONAL EN PROCESOS COMERCIALES Y FINANCIEROS,Otra,Virtual,CHIQUINQUIRA,C.C.,1993-12-02,M,3,PERDIO CUPO A130/98 ART. 80 LIT. C,BOGOTÁ D.C.,BOGOTÁ D.C.,LIT. C,31
PRIMER SEMESTRE DE 2024,ESTUDIOS A DISTANCIA,TECNICA PROFESIONAL EN PROCESOS COMERCIALES Y FINANCIEROS,Otra,Virtual,CHIQUINQUIRA,C.C.,1998-09-07,F,2,PERDIO CUPO A130/98 ART.80 LIT. E,OTANCHE,SIMIJACA,LIT. E,26
PRIMER SEMESTRE DE 2024,ESTUDIOS A DISTANCIA,TECNICA PROFESIONAL EN PROCESOS COMERCIALES Y FINANCIEROS,Otra,Virtual,CHIQUINQUIRA,C.C.,1992-01-15,M,2,PERDIO CUPO A130/98 ART. 80 LIT. B,CHIQUINQUIRÁ,SAN MIGUEL DE SEMA,LIT. B,32
PRIMER SEMESTRE DE 2024,ESTUDIOS A DISTANCIA,TECNICA PROFESIONAL EN PROCESOS COMERCIALES Y FINANCIEROS,Otra,Virtual,CHIQUINQUIRA,T.I.,2005-12-30,F,3,PERDIO CUPO A130/98 ART. 80 LIT. B,BOGOTÁ D.C.,CHIQUINQUIRÁ,LIT. B,19
PRIMER SEMESTRE DE 2024,ESTUDIOS A DISTANCIA,TECNICA PROFESIONAL EN PROCESOS COMERCIALES Y FINANCIEROS,Otra,Virtual,SOGAMOSO,C.C.,1983-07-23,F,2,PERDIO CUPO A130/98 ART.80 LIT. E,PAJARITO,SOGAMOSO,LIT. E,41
PRIMER SEMESTRE DE 2024,ESTUDIOS A DISTANCIA,TECNICA PROFESIONAL EN PROCESOS COMERCIALES Y FINANCIEROS,Otra,Virtual,SOGAMOSO,C.C.,1999-04-27,F,1,PERDIO CUPO A130/98 ART. 80 LIT. C,SOGAMOSO,NOBSA,LIT. C,25
PRIMER SEMESTRE DE 2024,ESTUDIOS A DISTANCIA,TECNICA PROFESIONAL EN PROCESOS COMERCIALES Y FINANCIEROS,Otra,Virtual,SOGAMOSO,C.C.,1992-05-09,M,2,PERDIO CUPO A130/98 ART. 80 LIT. B,SOGAMOSO,SOGAMOSO,LIT. B,32
PRIMER SEMESTRE DE 2024,ESTUDIOS A DISTANCIA,TECNICA PROFESIONAL EN PROCESOS COMERCIALES Y FINANCIEROS,Otra,Virtual,SOGAMOSO,C.C.,2000-06-07,F,2,PERDIO CUPO A130/98 ART. 80 LIT. B,SOGAMOSO,SOGAMOSO,LIT. B,24
PRIMER SEMESTRE DE 2024,ESTUDIOS A DISTANCIA,TECNICA PROFESIONAL EN PROCESOS COMERCIALES Y FINANCIEROS,Otra,Virtual,SOGAMOSO,C.C.,2000-04-15,F,2,PERDIO CUPO A130/98 ART. 80 LIT. B,CÚCUTA,SOGAMOSO,LIT. B,24
PRIMER SEMESTRE DE 2024,ESTUDIOS A DISTANCIA,TECNICA PROFESIONAL EN PROCESOS COMERCIALES Y FINANCIEROS,Otra,Virtual,SOGAMOSO,C.C.,1988-07-09,F,,PERDIO CUPO A130/98 ART.80 LIT. E,FLORENCIA,FLORESTA,LIT. E,36
PRIMER SEMESTRE DE 2024,ESTUDIOS A DISTANCIA,TECNICA PROFESIONAL EN PROCESOS COMERCIALES Y FINANCIEROS,Otra,Virtual,SOGAMOSO,C.C.,1999-02-09,F,3,PERDIO CUPO A130/98 ART.80 LIT. E,DUITAMA,DUITAMA,LIT. E,25
PRIMER SEMESTRE DE 2024,ESTUDIOS A DISTANCIA,TECNICA PROFESIONAL EN PROCESOS COMERCIALES Y FINANCIEROS,Otra,Virtual,SOGAMOSO,C.C.,1994-08-01,M,2,PERDIO CUPO A130/98 ART. 80 LIT. B,NOBSA,NOBSA,LIT. B,30
PRIMER SEMESTRE DE 2024,ESTUDIOS A DISTANCIA,TECNOLOGIA EN GESTIÓN COMERCIAL Y FINANCIERA,Otra,Virtual,DUITAMA,C.C.,1992-07-24,F,2,PERDIO CUPO A130/98 ART.80 LIT. E,DUITAMA,DUITAMA,LIT. E,32
PRIMER SEMESTRE DE 2024,ESTUDIOS A DISTANCIA,ADMINISTRACIÓN COMERCIAL Y FINANCIERA,Otra,Virtual,DUITAMA,C.C.,2001-11-02,F,2,PERDIO CUPO A130/98 ART. 80 LIT. D,DUITAMA,DUITAMA,LIT. D,23
PRIMER SEMESTRE DE 2024,ESTUDIOS A DISTANCIA,ADMINISTRACIÓN COMERCIAL Y FINANCIERA,Otra,Virtual,DUITAMA,C.C.,1997-08-24,M,2,PERDIO CUPO A130/98 ART.80 LIT. E,SOGAMOSO,SOGAMOSO,LIT. E,27
PRIMER SEMESTRE DE 2024,ESTUDIOS A DISTANCIA,ADMINISTRACIÓN COMERCIAL Y FINANCIERA,Otra,Virtual,DUITAMA,C.C.,1996-03-24,F,3,PERDIO CUPO A130/98 ART. 80 LIT. D,DUITAMA,DUITAMA,LIT. D,28
PRIMER SEMESTRE DE 2024,ESTUDIOS A DISTANCIA,ADMINISTRACIÓN COMERCIAL Y FINANCIERA,Otra,Virtual,DUITAMA,C.C.,1997-03-07,F,2,PERDIO CUPO A130/98 ART. 80 LIT. D,SOGAMOSO,SOGAMOSO,LIT. D,27
PRIMER SEMESTRE DE 2024,ESTUDIOS A DISTANCIA,TECNICA PROFESIONAL EN PROCESOS COMERCIALES Y FINANCIEROS,Otra,Virtual,RONDON,C.C.,2004-05-14,F,1,PERDIO CUPO A130/98 ART. 80 LIT. B,SANTA BÁRBARA DE PINTO,SANTA BÁRBARA DE PINTO,LIT. B,20
PRIMER SEMESTRE DE 2024,ESTUDIOS A DISTANCIA,TECNICA PROFESIONAL EN PROCESOS COMERCIALES Y FINANCIEROS,Otra,Virtual,RONDON,C.C.,1997-06-11,F,1,PERDIO CUPO A130/98 ART. 80 LIT. B,SANTA MARTA,SANTA MARTA,LIT. B,27
PRIMER SEMESTRE DE 2024,ESTUDIOS A DISTANCIA,TECNOLOGIA EN GESTIÓN ADMINISTRATIVA DE SERVICIOS DE SALUD,Otra,Virtual,SOGAMOSO,C.C.,1999-07-22,F,2,PERDIO CUPO A130/98 ART.80 LIT. E,VILLANUEVA,SOGAMOSO,LIT. E,25
PRIMER SEMESTRE DE 2024,ESTUDIOS A DISTANCIA,TECNOLOGIA EN GESTIÓN ADMINISTRATIVA DE SERVICIOS DE SALUD,Otra,Virtual,SOGAMOSO,C.C.,2000-08-08,F,2,PERDIO CUPO A130/98 ART.80 LIT. E,SOGAMOSO,IZA,LIT. E,24
PRIMER SEMESTRE DE 2024,ESTUDIOS A DISTANCIA,TECNOLOGIA EN GESTIÓN ADMINISTRATIVA DE SERVICIOS DE SALUD,Otra,Virtual,SOGAMOSO,C.C.,1995-02-27,F,2,PERDIO CUPO A130/98 ART.80 LIT. E,SOGAMOSO,SOGAMOSO,LIT. E,29
PRIMER SEMESTRE DE 2024,ESTUDIOS A DISTANCIA,TECNOLOGIA EN ELECTRICIDAD INDUSTRIAL,Otra,Distancia,TUNJA,C.C.,1996-11-21,M,1,PERDIO CUPO A130/98 ART. 80 LIT. B,TUNJA,TUNJA,LIT. B,28
PRIMER SEMESTRE DE 2024,ESTUDIOS A DISTANCIA,TECNOLOGIA EN ELECTRICIDAD INDUSTRIAL,Otra,Distancia,TUNJA,C.C.,2003-09-16,F,2,PERDIO CUPO A130/98 ART. 80 LIT. C,GARAGOA,GARAGOA,LIT. C,21
PRIMER SEMESTRE DE 2024,ESTUDIOS A DISTANCIA,TECNOLOGIA EN ELECTRICIDAD INDUSTRIAL,Otra,Distancia,TUNJA,C.C.,2003-07-02,M,2,PERDIO CUPO A130/98 ART. 80 LIT. C,MANÍ,MANÍ,LIT. C,21
PRIMER SEMESTRE DE 2024,ESTUDIOS A DISTANCIA,TECNOLOGIA EN ELECTRICIDAD INDUSTRIAL,Otra,Distancia,TUNJA,C.C.,1989-11-09,M,1,PERDIO CUPO A130/98 ART. 80 LIT. C,SANTA MARÍA,SANTA MARÍA,LIT. C,35
PRIMER SEMESTRE DE 2024,ESTUDIOS A DISTANCIA,TECNOLOGIA EN ELECTRICIDAD INDUSTRIAL,Otra,Distancia,TUNJA,T.I.,2005-10-20,M,1,PERDIO CUPO A130/98 ART. 80 LIT. C,MONTERREY,TUNJA,LIT. C,19
PRIMER SEMESTRE DE 2024,ESTUDIOS A DISTANCIA,TECNOLOGIA EN ELECTRICIDAD INDUSTRIAL,Otra,Distancia,TUNJA,T.I.,2006-03-02,M,1,PERDIO CUPO A130/98 ART. 80 LIT. B,CHIQUINQUIRÁ,BOGOTÁ D.C.,LIT. B,18
PRIMER SEMESTRE DE 2024,ESTUDIOS A DISTANCIA,TECNOLOGIA EN ELECTRICIDAD INDUSTRIAL,Otra,Distancia,TUNJA,C.C.,1989-11-01,M,1,PERDIO CUPO A130/98 ART. 80 LIT. B,TUNJA,TUNJA,LIT. B,35
PRIMER SEMESTRE DE 2024,ESTUDIOS A DISTANCIA,TECNOLOGIA EN ELECTRICIDAD INDUSTRIAL,Otra,Distancia,RIONEGRO,C.C.,2001-05-06,M,1,PERDIO CUPO A130/98 ART. 80 LIT. C,MEDELLÍN,MEDELLÍN,LIT. C,23
PRIMER SEMESTRE DE 2024,ESTUDIOS A DISTANCIA,TECNOLOGIA EN ELECTRICIDAD INDUSTRIAL,Otra,Distancia,RIONEGRO,C.C.,1995-07-29,M,2,PERDIO CUPO A130/98 ART. 80 LIT. B,CARTAGENA,CARTAGENA,LIT. B,29
PRIMER SEMESTRE DE 2024,ESTUDIOS A DISTANCIA,TECNOLOGIA EN ELECTRICIDAD INDUSTRIAL,Otra,Distancia,SANTA FE DE BOGOTA,C.C.,1981-09-21,M,2,PERDIO CUPO A130/98 ART. 80 LIT. C,PACHO,PACHO,LIT. C,43
PRIMER SEMESTRE DE 2024,ESTUDIOS A DISTANCIA,TECNOLOGIA EN ELECTRICIDAD INDUSTRIAL,Otra,Distancia,SANTA FE DE BOGOTA,T.I.,2005-06-18,M,2,PERDIO CUPO A130/98 ART. 80 LIT. B,VILLETA,VILLETA,LIT. B,19
PRIMER SEMESTRE DE 2024,ESTUDIOS A DISTANCIA,TECNOLOGIA EN ELECTRICIDAD INDUSTRIAL,Otra,Distancia,SANTA FE DE BOGOTA,C.C.,1993-07-31,M,2,PERDIO CUPO A130/98 ART. 80 LIT. B,FUSAGASUGÁ,FUSAGASUGÁ,LIT. B,31
PRIMER SEMESTRE DE 2024,ESTUDIOS A DISTANCIA,TECNOLOGIA DE PROGRAMACIÓN DE SISTEMAS INFORMATICOS,Otra,Distancia,AGUAZUL,T.I.,2006-03-06,M,1,PERDIO CUPO A130/98 ART. 80 LIT. B,AGUACHICA,YOPAL,LIT. B,18
PRIMER SEMESTRE DE 2024,ESTUDIOS A DISTANCIA,TECNOLOGIA DE PROGRAMACIÓN DE SISTEMAS INFORMATICOS,Otra,Distancia,AGUAZUL,C.C.,2004-08-07,M,2,PERDIO CUPO A130/98 ART. 80 LIT. C,BOGOTÁ D.C.,BOGOTÁ D.C.,LIT. C,20
PRIMER SEMESTRE DE 2024,ESTUDIOS A DISTANCIA,TECNOLOGIA DE PROGRAMACIÓN DE SISTEMAS INFORMATICOS,Otra,Distancia,AGUAZUL,C.C.,2001-10-18,M,1,PERDIO CUPO A130/98 ART. 80 LIT. B,BOGOTÁ D.C.,AGUAZUL,LIT. B,23
PRIMER SEMESTRE DE 2024,ESTUDIOS A DISTANCIA,TECNICA PROFESIONAL EN PROCESOS COMERCIALES Y FINANCIEROS,Otra,Virtual,AGUAZUL,C.C.,2004-10-10,F,1,PERDIO CUPO A130/98 ART. 80 LIT. B,YOPAL,YOPAL,LIT. B,20
PRIMER SEMESTRE DE 2024,ESTUDIOS A DISTANCIA,TECNOLOGIA EN GESTIÓN COMERCIAL Y FINANCIERA,Otra,Virtual,AGUAZUL,C.C.,1992-02-14,F,2,PERDIO CUPO A130/98 ART. 80 LIT. D,CHIQUINQUIRÁ,CHIQUINQUIRÁ,LIT. D,32
PRIMER SEMESTRE DE 2024,ESTUDIOS A DISTANCIA,TECNOLOGIA EN GESTIÓN COMERCIAL Y FINANCIERA,Otra,Virtual,AGUAZUL,C.C.,1996-02-04,M,2,PERDIO CUPO A130/98 ART. 80 LIT. D,PAZ DE ARIPORO,PORE,LIT. D,28
PRIMER SEMESTRE DE 2024,ESTUDIOS A DISTANCIA,TECNICA PROFESIONAL EN PROCESOS AGROINDUSTRIALES,Otra,Virtual,AGUAZUL,C.C.,2003-11-06,M,1,PERDIO CUPO A130/98 ART. 80 LIT. C,AGUAZUL,AGUAZUL,LIT. C,21
PRIMER SEMESTRE DE 2024,INGENIERIA,INGENIERÍA CIVIL,Diurna,Presencial,TUNJA,C.C.,2002-12-21,M,1,PERDIO CUPO A130/98 ART. 80 LIT. B,MIRAFLORES,TUNJA,LIT. B,22
PRIMER SEMESTRE DE 2024,INGENIERIA,INGENIERÍA CIVIL,Diurna,Presencial,TUNJA,C.C.,1999-11-07,M,,PERDIO CUPO A130/98 ART.80 LIT. E,SOGAMOSO,TUNJA,LIT. E,25
PRIMER SEMESTRE DE 2024,INGENIERIA,INGENIERÍA CIVIL,Diurna,Presencial,TUNJA,C.C.,2000-07-30,M,2,PERDIO CUPO A130/98 ART.80 LIT. E,MONIQUIRÁ,TUNJA,LIT. E,24
PRIMER SEMESTRE DE 2024,INGENIERIA,INGENIERÍA CIVIL,Diurna,Presencial,TUNJA,C.C.,1996-11-27,F,3,PERDIO CUPO A130/98 ART.80 LIT. E,TUNJA,TUNJA,LIT. E,28
PRIMER SEMESTRE DE 2024,INGENIERIA,INGENIERÍA CIVIL,Diurna,Presencial,TUNJA,C.C.,2004-12-01,M,3,PERDIO CUPO A130/98 ART. 80 LIT. C,TUNJA,TUNJA,LIT. C,20
PRIMER SEMESTRE DE 2024,INGENIERIA,INGENIERÍA METALURGICA,Diurna,Presencial,TUNJA,C.C.,2000-03-28,M,2,PERDIO CUPO A130/98 ART. 80 LIT. B,VILLA DE LEYVA,VILLA DE LEYVA,LIT. B,24
PRIMER SEMESTRE DE 2024,INGENIERIA,INGENIERÍA METALURGICA,Diurna,Presencial,TUNJA,C.C.,2002-12-30,M,2,PERDIO CUPO A130/98 ART. 80 LIT. C,TUNJA,TUNJA,LIT. C,22
PRIMER SEMESTRE DE 2024,INGENIERIA,INGENIERÍA METALURGICA,Diurna,Presencial,TUNJA,C.C.,2000-07-17,M,3,PERDIO CUPO A130/98 ART. 80 LIT. B,ESPINAL,MONIQUIRÁ,LIT. B,24
PRIMER SEMESTRE DE 2024,INGENIERIA,INGENIERÍA METALURGICA,Diurna,Presencial,TUNJA,C.C.,2000-11-25,M,2,PERDIO CUPO A130/98 ART.80 LIT. E,TUNJA,MIRAFLORES,LIT. E,24
PRIMER SEMESTRE DE 2024,INGENIERIA,INGENIERÍA METALURGICA,Diurna,Presencial,TUNJA,C.C.,2005-03-12,M,1,PERDIO CUPO A130/98 ART. 80 LIT. B,DUITAMA,TAME,LIT. B,19
PRIMER SEMESTRE DE 2024,INGENIERIA,INGENIERÍA METALURGICA,Diurna,Presencial,TUNJA,C.C.,2000-05-07,M,2,PERDIO CUPO A130/98 ART. 80 LIT. C,SOGAMOSO,SOGAMOSO,LIT. C,24
PRIMER SEMESTRE DE 2024,INGENIERIA,INGENIERÍA METALURGICA,Diurna,Presencial,TUNJA,C.C.,2003-09-17,M,2,PERDIO CUPO A130/98 ART. 80 LIT. C,SOGAMOSO,SOGAMOSO,LIT. C,21
PRIMER SEMESTRE DE 2024,INGENIERIA,INGENIERÍA DE TRANSPORTE Y VIAS,Diurna,Presencial,TUNJA,C.C.,2000-11-16,M,2,PERDIO CUPO A130/98 ART.80 LIT. E,BOGOTÁ D.C.,TOPAIPÍ,LIT. E,24
PRIMER SEMESTRE DE 2024,INGENIERIA,INGENIERÍA DE TRANSPORTE Y VIAS,Diurna,Presencial,TUNJA,C.C.,2001-10-05,M,2,PERDIO CUPO A130/98 ART. 80 LIT. B,DUITAMA,NOBSA,LIT. B,23
PRIMER SEMESTRE DE 2024,INGENIERIA,INGENIERÍA DE TRANSPORTE Y VIAS,Diurna,Presencial,TUNJA,T.I.,2005-09-20,M,1,PERDIO CUPO A130/98 ART. 80 LIT. B,TUNJA,TUNJA,LIT. B,19
PRIMER SEMESTRE DE 2024,INGENIERIA,INGENIERÍA DE TRANSPORTE Y VIAS,Diurna,Presencial,TUNJA,C.C.,2004-07-15,M,3,PERDIO CUPO A130/98 ART. 80 LIT. C,TUNJA,TUNJA,LIT. C,20
PRIMER SEMESTRE DE 2024,INGENIERIA,INGENIERÍA DE TRANSPORTE Y VIAS,Diurna,Presencial,TUNJA,C.C.,1997-03-30,M,2,PERDIO CUPO A130/98 ART. 80 LIT. B,VILLA DE LEYVA,VILLA DE LEYVA,LIT. B,27
PRIMER SEMESTRE DE 2024,INGENIERIA,INGENIERÍA DE TRANSPORTE Y VIAS,Diurna,Presencial,TUNJA,C.C.,1998-03-11,M,3,PERDIO CUPO A130/98 ART.80 LIT. E,TUNJA,TUNJA,LIT. E,26
PRIMER SEMESTRE DE 2024,INGENIERIA,INGENIERÍA DE TRANSPORTE Y VIAS,Diurna,Presencial,TUNJA,C.C.,1993-10-17,M,2,PERDIO CUPO A130/98 ART.80 LIT. E,SANTA ROSA DE VITERBO,SANTA ROSA DE VITERBO,LIT. E,31
PRIMER SEMESTRE DE 2024,INGENIERIA,INGENIERÍA DE TRANSPORTE Y VIAS,Diurna,Presencial,TUNJA,T.I.,2006-05-09,M,1,PERDIO CUPO A130/98 ART. 80 LIT. B,VILLAVICENCIO,PAUNA,LIT. B,18
PRIMER SEMESTRE DE 2024,INGENIERIA,INGENIERÍA DE TRANSPORTE Y VIAS,Diurna,Presencial,TUNJA,C.C.,1997-11-23,F,1,PERDIO CUPO A130/98 ART.80 LIT. E,VILLA DE LEYVA,VILLA DE LEYVA,LIT. E,27
PRIMER SEMESTRE DE 2024,INGENIERIA,INGENIERÍA DE SISTEMAS Y COMPUTACION,Diurna,Presencial,TUNJA,C.C.,1992-05-16,M,2,PERDIO CUPO A130/98 ART. 80 LIT. C,BOGOTÁ D.C.,TUNJA,LIT. C,32
PRIMER SEMESTRE DE 2024,INGENIERIA,INGENIERÍA AMBIENTAL,Diurna,Presencial,TUNJA,C.C.,1999-09-04,M,3,PERDIO CUPO A130/98 ART. 80 LIT. D,TUNJA,TUNJA,LIT. D,25
PRIMER SEMESTRE DE 2024,INGENIERIA,INGENIERÍA AMBIENTAL,Diurna,Presencial,TUNJA,C.C.,2002-09-02,F,2,PERDIO CUPO A130/98 ART. 80 LIT. B,TUNJA,TUNJA,LIT. B,22
PRIMER SEMESTRE DE 2024,INGENIERIA,INGENIERÍA AMBIENTAL,Diurna,Presencial,TUNJA,C.C.,2000-05-03,M,1,PERDIO CUPO A130/98 ART. 80 LIT. B,TUNJA,TUNJA,LIT. B,24
PRIMER SEMESTRE DE 2024,INGENIERIA,INGENIERÍA AMBIENTAL,Diurna,Presencial,TUNJA,C.C.,2001-09-04,M,2,PERDIO CUPO A130/98 ART. 80 LIT. B,TUNJA,OICATÁ,LIT. B,23
PRIMER SEMESTRE DE 2024,INGENIERIA,INGENIERÍA AMBIENTAL,Diurna,Presencial,TUNJA,T.I.,2005-10-03,F,1,PERDIO CUPO A130/98 ART. 80 LIT. C,CHIQUINQUIRÁ,TUNJA,LIT. C,19
PRIMER SEMESTRE DE 2024,INGENIERIA,INGENIERÍA AMBIENTAL,Diurna,Presencial,TUNJA,C.C.,2004-04-06,M,3,PERDIO CUPO A130/98 ART. 80 LIT. B,SAN ANDRÉS,SAN ANDRÉS,LIT. B,20
PRIMER SEMESTRE DE 2024,INGENIERIA,INGENIERÍA AMBIENTAL,Diurna,Presencial,TUNJA,T.I.,2005-11-15,M,2,PERDIO CUPO A130/98 ART.80 LIT. E,TUNJA,SANTA ROSA DE VITERBO,LIT. E,19
PRIMER SEMESTRE DE 2024,INGENIERIA,INGENIERÍA ELECTRONICA,Diurna,Presencial,TUNJA,C.C.,1996-05-24,M,2,PERDIO CUPO A130/98 ART.80 LIT. E,INÍRIDA,TUNJA,LIT. E,28
PRIMER SEMESTRE DE 2024,INGENIERIA,INGENIERÍA ELECTRONICA,Diurna,Presencial,TUNJA,C.C.,1997-12-10,M,1,PERDIO CUPO A130/98 ART. 80 LIT. C,BOGOTÁ D.C.,BOGOTÁ D.C.,LIT. C,27
PRIMER SEMESTRE DE 2024,INGENIERIA,INGENIERÍA ELECTRONICA,Diurna,Presencial,TUNJA,T.I.,2005-10-20,M,1,PERDIO CUPO A130/98 ART. 80 LIT. B,SATIVASUR,SATIVASUR,LIT. B,19
PRIMER SEMESTRE DE 2024,INGENIERIA,INGENIERÍA ELECTRONICA,Diurna,Presencial,TUNJA,C.C.,2001-04-30,M,3,PERDIO CUPO A130/98 ART.80 LIT. E,ALBÁN,VILLA DE LEYVA,LIT. E,23
PRIMER SEMESTRE DE 2024,INGENIERIA,INGENIERÍA ELECTRONICA,Diurna,Presencial,TUNJA,C.C.,1996-11-24,M,1,PERDIO CUPO A130/98 ART.80 LIT. E,TUNJA,TUNJA,LIT. E,28
PRIMER SEMESTRE DE 2024,INGENIERIA,ESPECIALIZACIÓN EN INFRAESTRUCTURA VIAL,Otra,Presencial,TUNJA,C.C.,1976-12-07,M,,PERDIO CUPO A 052/2012  ART 15 LIT.A.,SOGAMOSO,SOGAMOSO,LIT. A,48
PRIMER SEMESTRE DE 2024,INGENIERIA,ESPECIALIZACIÓN EN GEOTECNIA,Diurna,Presencial,TUNJA,C.C.,1967-11-29,M,,PERDIO CUPO A 052/2012  ART 15 LIT.A.,CHIQUINQUIRÁ,BOGOTÁ D.C.,LIT. A,57
PRIMER SEMESTRE DE 2024,INGENIERIA,ESPECIALIZACIÓN EN GESTIÓN AVANZADA DEL RIESGO DE DESASTRES,Diurna,Presencial,TUNJA,C.C.,1989-05-11,M,,PERDIO CUPO A 052/2012  ART 15 LIT.A.,TÁMARA,TÁMARA,LIT. A,35
PRIMER SEMESTRE DE 2024,INGENIERIA,MAESTRÍA EN METALÚRGIA Y CIENCIA DE MATERIALES,Diurna,Presencial,TUNJA,C.C.,1991-01-03,M,,PERDIO CUPO A 052/2012  ART 15 LIT.B.,SOGAMOSO,AGUAZUL,LIT. B,33
PRIMER SEMESTRE DE 2024,INGENIERIA,"MAESTRÍA EN INGENIERÍA CON ENFASIS EN TRANSPORTE, EN TRANSITO Y EN INFRAESTRUCTURA VIAL",Diurna,Presencial,TUNJA,C.C.,1983-05-16,M,,PERDIO CUPO A 052/2012  ART 15 LIT.A.,BOGOTÁ D.C.,TUNJA,LIT. A,41
PRIMER SEMESTRE DE 2024,INGENIERIA,DOCTORADO EN INGENIERÍA Y CIENCIAS DE LOS MATERIALES,Diurna,Presencial,TUNJA,C.C.,1976-03-01,M,,PERDIO CUPO A 052/2012  ART 15 LIT.B.,TUNJA,TUNJA,LIT. B,48
PRIMER SEMESTRE DE 2024,SECCIONAL CHIQUINQUIRA,ADMINISTRACIÓN DE EMPRESAS,Extendida,Presencial,CHIQUINQUIRA,T.I.,2005-04-29,F,1,PERDIO CUPO A130/98 ART.80 LIT. E,BARRANCABERMEJA,CHIQUINQUIRÁ,LIT. E,19
PRIMER SEMESTRE DE 2024,SECCIONAL CHIQUINQUIRA,CONTADURIA PUBLICA,Nocturna,Presencial,CHIQUINQUIRA,C.C.,1992-03-23,F,,PERDIO CUPO A130/98 ART.80 LIT. E,SOGAMOSO,SOGAMOSO,LIT. E,32
PRIMER SEMESTRE DE 2024,SECCIONAL CHIQUINQUIRA,CONTADURIA PUBLICA,Nocturna,Presencial,CHIQUINQUIRA,C.C.,2002-04-19,M,2,PERDIO CUPO A130/98 ART. 80 LIT. C,MESETAS,GRANADA,LIT. C,22
PRIMER SEMESTRE DE 2024,SECCIONAL CHIQUINQUIRA,CONTADURIA PUBLICA,Nocturna,Presencial,CHIQUINQUIRA,C.C.,2004-10-22,F,2,PERDIO CUPO A130/98 ART. 80 LIT. C,CHIQUINQUIRÁ,CHIQUINQUIRÁ,LIT. C,20
PRIMER SEMESTRE DE 2024,SECCIONAL CHIQUINQUIRA,CONTADURIA PUBLICA,Nocturna,Presencial,CHIQUINQUIRA,C.C.,2003-10-10,F,2,PERDIO CUPO A130/98 ART. 80 LIT. C,BOGOTÁ D.C.,MUZO,LIT. C,21
PRIMER SEMESTRE DE 2024,SECCIONAL CHIQUINQUIRA,CONTADURIA PUBLICA,Nocturna,Presencial,CHIQUINQUIRA,C.C.,1998-11-01,F,2,PERDIO CUPO A130/98 ART.80 LIT. E,CHIQUINQUIRÁ,CALDAS,LIT. E,26
PRIMER SEMESTRE DE 2024,SECCIONAL CHIQUINQUIRA,CONTADURIA PUBLICA,Nocturna,Presencial,CHIQUINQUIRA,C.C.,2000-04-22,M,2,PERDIO CUPO A130/98 ART.80 LIT. E,CHIQUINQUIRÁ,CHIQUINQUIRÁ,LIT. E,24
PRIMER SEMESTRE DE 2024,SECCIONAL CHIQUINQUIRA,CONTADURIA PUBLICA,Nocturna,Presencial,CHIQUINQUIRA,C.C.,2001-09-24,F,2,PERDIO CUPO A130/98 ART.80 LIT. E,QUÍPAMA,CHIQUINQUIRÁ,LIT. E,23
PRIMER SEMESTRE DE 2024,SECCIONAL CHIQUINQUIRA,CONTADURIA PUBLICA,Nocturna,Presencial,CHIQUINQUIRA,C.C.,2000-06-28,F,2,PERDIO CUPO A130/98 ART.80 LIT. E,CHIQUINQUIRÁ,SABOYÁ,LIT. E,24
PRIMER SEMESTRE DE 2024,SECCIONAL CHIQUINQUIRA,LICENCIATURA EN EDUCACIÓN FISICA RECREACIÓN Y DEPORTE,Diurna,Presencial,CHIQUINQUIRA,C.C.,2001-09-05,M,2,PERDIO CUPO A130/98 ART. 80 LIT. C,SOGAMOSO,SOGAMOSO,LIT. C,23
PRIMER SEMESTRE DE 2024,SECCIONAL CHIQUINQUIRA,LICENCIATURA EN EDUCACIÓN FISICA RECREACIÓN Y DEPORTE,Diurna,Presencial,CHIQUINQUIRA,C.C.,2002-12-01,M,2,PERDIO CUPO A130/98 ART. 80 LIT. C,TIBASOSA,TIBASOSA,LIT. C,22
PRIMER SEMESTRE DE 2024,SECCIONAL CHIQUINQUIRA,LICENCIATURA EN EDUCACIÓN FISICA RECREACIÓN Y DEPORTE,Diurna,Presencial,CHIQUINQUIRA,C.C.,2001-05-22,M,2,PERDIO CUPO A130/98 ART. 80 LIT. C,TUNJA,SUTAMARCHÁN,LIT. C,23
PRIMER SEMESTRE DE 2024,SECCIONAL CHIQUINQUIRA,LICENCIATURA EN EDUCACIÓN FISICA RECREACIÓN Y DEPORTE,Diurna,Presencial,CHIQUINQUIRA,C.C.,2005-03-05,M,2,PERDIO CUPO A130/98 ART. 80 LIT. B,EL COCUY,DUITAMA,LIT. B,19
PRIMER SEMESTRE DE 2024,SECCIONAL CHIQUINQUIRA,LICENCIATURA EN EDUCACIÓN FISICA RECREACIÓN Y DEPORTE,Diurna,Presencial,CHIQUINQUIRA,C.C.,2004-02-10,M,1,PERDIO CUPO A130/98 ART. 80 LIT. C,TUNJA,OTANCHE,LIT. C,20
PRIMER SEMESTRE DE 2024,SECCIONAL CHIQUINQUIRA,LICENCIATURA EN EDUCACIÓN FISICA RECREACIÓN Y DEPORTE,Diurna,Presencial,CHIQUINQUIRA,C.C.,2003-06-01,M,2,PERDIO CUPO A130/98 ART. 80 LIT. B,TRINIDAD,TRINIDAD,LIT. B,21
PRIMER SEMESTRE DE 2024,SECCIONAL CHIQUINQUIRA,LICENCIATURA EN EDUCACIÓN FISICA RECREACIÓN Y DEPORTE,Diurna,Presencial,CHIQUINQUIRA,C.C.,1999-12-15,F,2,PERDIO CUPO A130/98 ART. 80 LIT. C,SAN PABLO DE BORBUR,SAN PABLO DE BORBUR,LIT. C,25
PRIMER SEMESTRE DE 2024,SECCIONAL CHIQUINQUIRA,LICENCIATURA EN EDUCACIÓN FISICA RECREACIÓN Y DEPORTE,Diurna,Presencial,CHIQUINQUIRA,C.C.,1999-03-01,M,2,PERDIO CUPO A130/98 ART. 80 LIT. D,LA DORADA,LA DORADA,LIT. D,25
PRIMER SEMESTRE DE 2024,SECCIONAL CHIQUINQUIRA,LICENCIATURA EN EDUCACIÓN FISICA RECREACIÓN Y DEPORTE,Diurna,Presencial,CHIQUINQUIRA,C.C.,2004-08-22,M,2,PERDIO CUPO A130/98 ART. 80 LIT. C,CHIQUINQUIRÁ,CHIQUINQUIRÁ,LIT. C,20
PRIMER SEMESTRE DE 2024,SECCIONAL DUITAMA,LICENCIATURA EN TECNOLOGIA,Diurna,Presencial,DUITAMA,C.C.,2000-12-03,M,2,PERDIO CUPO A130/98 ART. 80 LIT. C,BOGOTÁ D.C.,TIBASOSA,LIT. C,24
PRIMER SEMESTRE DE 2024,SECCIONAL DUITAMA,LICENCIATURA EN TECNOLOGIA,Diurna,Presencial,DUITAMA,C.C.,2003-06-27,F,3,PERDIO CUPO A130/98 ART. 80 LIT. D,DUITAMA,DUITAMA,LIT. D,21
PRIMER SEMESTRE DE 2024,SECCIONAL DUITAMA,INGENIERÍA ELECTROMECANICA,Diurna,Presencial,DUITAMA,C.C.,2001-08-16,M,1,PERDIO CUPO A130/98 ART.80 LIT. E,DUITAMA,DUITAMA,LIT. E,23
PRIMER SEMESTRE DE 2024,SECCIONAL DUITAMA,INGENIERÍA ELECTROMECANICA,Diurna,Presencial,DUITAMA,C.C.,2005-11-24,M,2,PERDIO CUPO A130/98 ART. 80 LIT. C,TUNJA,TUNJA,LIT. C,19
PRIMER SEMESTRE DE 2024,SECCIONAL DUITAMA,INGENIERÍA ELECTROMECANICA,Diurna,Presencial,DUITAMA,C.C.,1989-09-27,M,1,PERDIO CUPO A130/98 ART.80 LIT. E,DUITAMA,DUITAMA,LIT. E,35
PRIMER SEMESTRE DE 2024,SECCIONAL DUITAMA,INGENIERÍA ELECTROMECANICA,Diurna,Presencial,DUITAMA,C.C.,2002-07-11,M,2,PERDIO CUPO A130/98 ART.80 LIT. E,DUITAMA,DUITAMA,LIT. E,22
PRIMER SEMESTRE DE 2024,SECCIONAL DUITAMA,INGENIERÍA ELECTROMECANICA,Diurna,Presencial,DUITAMA,C.C.,1995-04-20,M,2,PERDIO CUPO A130/98 ART.80 LIT. E,SOGAMOSO,SOGAMOSO,LIT. E,29
PRIMER SEMESTRE DE 2024,SECCIONAL DUITAMA,INGENIERÍA ELECTROMECANICA,Diurna,Presencial,DUITAMA,C.C.,1998-11-07,M,2,PERDIO CUPO A130/98 ART.80 LIT. E,SOGAMOSO,SOGAMOSO,LIT. E,26
PRIMER SEMESTRE DE 2024,SECCIONAL DUITAMA,INGENIERÍA ELECTROMECANICA,Diurna,Presencial,DUITAMA,C.C.,1989-09-23,M,,PERDIO CUPO A130/98 ART.80 LIT. E,DUITAMA,DUITAMA,LIT. E,35
PRIMER SEMESTRE DE 2024,SECCIONAL DUITAMA,INGENIERÍA ELECTROMECANICA,Diurna,Presencial,DUITAMA,C.C.,1990-10-26,M,3,PERDIO CUPO A130/98 ART.80 LIT. E,DUITAMA,DUITAMA,LIT. E,34
PRIMER SEMESTRE DE 2024,SECCIONAL DUITAMA,INGENIERÍA ELECTROMECANICA,Diurna,Presencial,DUITAMA,C.C.,1995-06-12,M,2,PERDIO CUPO A130/98 ART.80 LIT. E,CHARALÁ,CHARALÁ,LIT. E,29
PRIMER SEMESTRE DE 2024,SECCIONAL DUITAMA,ADMINISTRACIÓN TURISTICA Y HOTELERA,Diurna,Presencial,DUITAMA,T.I.,2005-08-06,M,2,PERDIO CUPO A130/98 ART. 80 LIT. C,MONIQUIRÁ,DUITAMA,LIT. C,19
PRIMER SEMESTRE DE 2024,SECCIONAL DUITAMA,ADMINISTRACIÓN TURISTICA Y HOTELERA,Diurna,Presencial,DUITAMA,C.C.,2005-05-25,M,2,PERDIO CUPO A130/98 ART. 80 LIT. B,VILLAVICENCIO,PAIPA,LIT. B,19
PRIMER SEMESTRE DE 2024,SECCIONAL DUITAMA,ADMINISTRACIÓN TURISTICA Y HOTELERA,Diurna,Presencial,DUITAMA,C.C.,2000-03-03,M,2,PERDIO CUPO A130/98 ART.80 LIT. E,SOGAMOSO,DUITAMA,LIT. E,24
PRIMER SEMESTRE DE 2024,SECCIONAL DUITAMA,ADMINISTRACIÓN TURISTICA Y HOTELERA,Diurna,Presencial,DUITAMA,C.C.,1998-06-26,M,2,PERDIO CUPO A130/98 ART. 80 LIT. C,TUNJA,TUTA,LIT. C,26
PRIMER SEMESTRE DE 2024,SECCIONAL DUITAMA,ADMINISTRACIÓN TURISTICA Y HOTELERA,Diurna,Presencial,DUITAMA,C.C.,2002-06-02,F,1,PERDIO CUPO A130/98 ART. 80 LIT. D,SAN JOSÉ DEL GUAVIARE,CERINZA,LIT. D,22
PRIMER SEMESTRE DE 2024,SECCIONAL DUITAMA,ADMINISTRACIÓN TURISTICA Y HOTELERA,Diurna,Presencial,DUITAMA,C.C.,1998-09-13,F,2,PERDIO CUPO A130/98 ART. 80 LIT. D,BOGOTA D.E,DUITAMA,LIT. D,26
PRIMER SEMESTRE DE 2024,SECCIONAL DUITAMA,ADMINISTRACIÓN TURISTICA Y HOTELERA,Diurna,Presencial,DUITAMA,C.C.,2002-07-30,M,2,PERDIO CUPO A130/98 ART. 80 LIT. C,DUITAMA,DUITAMA,LIT. C,22
PRIMER SEMESTRE DE 2024,SECCIONAL DUITAMA,ADMINISTRACIÓN DE EMPRESAS AGROPECUARIAS,Diurna,Presencial,DUITAMA,C.C.,2000-01-11,M,2,PERDIO CUPO A130/98 ART.80 LIT. E,SOGAMOSO,SOGAMOSO,LIT. E,24
PRIMER SEMESTRE DE 2024,SECCIONAL DUITAMA,ADMINISTRACIÓN DE EMPRESAS AGROPECUARIAS,Diurna,Presencial,DUITAMA,C.C.,2001-04-03,F,2,PERDIO CUPO A130/98 ART. 80 LIT. C,DUITAMA,DUITAMA,LIT. C,23
PRIMER SEMESTRE DE 2024,SECCIONAL DUITAMA,ADMINISTRACIÓN DE EMPRESAS AGROPECUARIAS,Diurna,Presencial,DUITAMA,C.C.,2000-12-24,F,2,PERDIO CUPO A130/98 ART.80 LIT. E,BOGOTA D.E,DUITAMA,LIT. E,24
PRIMER SEMESTRE DE 2024,SECCIONAL DUITAMA,ADMINISTRACIÓN INDUSTRIAL,Diurna,Presencial,DUITAMA,C.C.,1998-02-04,M,3,PERDIO CUPO A130/98 ART.80 LIT. E,DUITAMA,DUITAMA,LIT. E,26
PRIMER SEMESTRE DE 2024,SECCIONAL DUITAMA,ADMINISTRACIÓN INDUSTRIAL,Diurna,Presencial,DUITAMA,C.C.,1992-06-06,M,2,PERDIO CUPO A130/98 ART.80 LIT. E,DUITAMA,DUITAMA,LIT. E,32
PRIMER SEMESTRE DE 2024,SECCIONAL DUITAMA,DISEÑO INDUSTRIAL,Diurna,Presencial,DUITAMA,C.C.,2001-08-17,F,2,PERDIO CUPO A130/98 ART. 80 LIT. B,SOGAMOSO,SOGAMOSO,LIT. B,23
PRIMER SEMESTRE DE 2024,SECCIONAL DUITAMA,DISEÑO INDUSTRIAL,Diurna,Presencial,DUITAMA,C.C.,1996-12-31,M,2,PERDIO CUPO A130/98 ART.80 LIT. E,DUITAMA,DUITAMA,LIT. E,28
PRIMER SEMESTRE DE 2024,SECCIONAL DUITAMA,DISEÑO INDUSTRIAL,Diurna,Presencial,DUITAMA,C.C.,2000-02-06,M,3,PERDIO CUPO A130/98 ART.80 LIT. E,BOGOTA D.E,SOGAMOSO,LIT. E,24
PRIMER SEMESTRE DE 2024,SECCIONAL DUITAMA,DISEÑO INDUSTRIAL,Diurna,Presencial,DUITAMA,C.C.,2002-10-05,M,2,PERDIO CUPO A130/98 ART. 80 LIT. D,TUNJA,TUNJA,LIT. D,22
PRIMER SEMESTRE DE 2024,SECCIONAL DUITAMA,DISEÑO INDUSTRIAL,Diurna,Presencial,DUITAMA,C.C.,2001-04-17,M,2,PERDIO CUPO A130/98 ART. 80 LIT. C,DUITAMA,DUITAMA,LIT. C,23
PRIMER SEMESTRE DE 2024,SECCIONAL DUITAMA,LICENCIATURA EN MATEMATICAS,Diurna,Presencial,DUITAMA,C.C.,2003-06-11,M,2,PERDIO CUPO A130/98 ART. 80 LIT. D,DUITAMA,DUITAMA,LIT. D,21
PRIMER SEMESTRE DE 2024,SECCIONAL DUITAMA,LICENCIATURA EN MATEMATICAS,Diurna,Presencial,DUITAMA,C.C.,1998-05-26,M,2,PERDIO CUPO A130/98 ART.80 LIT. E,DUITAMA,DUITAMA,LIT. E,26
PRIMER SEMESTRE DE 2024,SECCIONAL DUITAMA,LICENCIATURA EN MATEMATICAS,Diurna,Presencial,DUITAMA,C.C.,2003-02-10,M,2,PERDIO CUPO A130/98 ART. 80 LIT. C,DUITAMA,DUITAMA,LIT. C,21
PRIMER SEMESTRE DE 2024,SECCIONAL DUITAMA,LICENCIATURA EN MATEMATICAS,Diurna,Presencial,DUITAMA,C.C.,1999-02-18,F,2,PERDIO CUPO A130/98 ART. 80 LIT. D,DUITAMA,DUITAMA,LIT. D,25
PRIMER SEMESTRE DE 2024,SECCIONAL DUITAMA,LICENCIATURA EN MATEMATICAS,Diurna,Presencial,DUITAMA,C.C.,2004-09-04,F,2,PERDIO CUPO A130/98 ART.80 LIT. E,TIBASOSA,TIBASOSA,LIT. E,20
PRIMER SEMESTRE DE 2024,SECCIONAL DUITAMA,ESPECIALIZACIÓN EN GESTIÓN DE LA PRODUCTIVIDAD Y MEJORAMIENTO CONTINUO,Extendida,Presencial,DUITAMA,C.C.,1990-10-11,M,,PERDIO CUPO A 052/2012  ART 15 LIT.A.,DUITAMA,DUITAMA,LIT. A,34
PRIMER SEMESTRE DE 2024,SECCIONAL DUITAMA,ESPECIALIZACIÓN EN PLANIFICACIÓN Y REGULACIÓN ENERGÉTICA,Extendida,Presencial,DUITAMA,C.C.,1991-08-13,M,,PERDIO CUPO A 052/2012  ART 15 LIT.A.,PAZ DE RÍO,PAZ DE RÍO,LIT. A,33
PRIMER SEMESTRE DE 2024,SECCIONAL SOGAMOSO,INGENIERÍA ELECTRONICA,Diurna,Presencial,SOGAMOSO,C.C.,2003-02-01,M,2,PERDIO CUPO A130/98 ART. 80 LIT. C,SOGAMOSO,SOGAMOSO,LIT. C,21
PRIMER SEMESTRE DE 2024,SECCIONAL SOGAMOSO,INGENIERÍA ELECTRONICA,Diurna,Presencial,SOGAMOSO,C.C.,1994-10-28,M,2,PERDIO CUPO A130/98 ART. 80 LIT. D,BOGOTÁ D.C.,CERINZA,LIT. D,30
PRIMER SEMESTRE DE 2024,SECCIONAL SOGAMOSO,INGENIERÍA ELECTRONICA,Diurna,Presencial,SOGAMOSO,C.C.,1994-12-18,M,2,PERDIO CUPO A130/98 ART.80 LIT. E,BOGOTÁ D.C.,SOGAMOSO,LIT. E,30
PRIMER SEMESTRE DE 2024,SECCIONAL SOGAMOSO,INGENIERÍA ELECTRONICA,Diurna,Presencial,SOGAMOSO,C.C.,1997-09-02,M,2,PERDIO CUPO A130/98 ART.80 LIT. E,DUITAMA,DUITAMA,LIT. E,27
PRIMER SEMESTRE DE 2024,SECCIONAL SOGAMOSO,INGENIERÍA ELECTRONICA,Diurna,Presencial,SOGAMOSO,C.C.,2003-01-06,M,2,PERDIO CUPO A130/98 ART. 80 LIT. C,DUITAMA,SOGAMOSO,LIT. C,21
PRIMER SEMESTRE DE 2024,SECCIONAL SOGAMOSO,INGENIERÍA ELECTRONICA,Diurna,Presencial,SOGAMOSO,C.C.,1997-09-11,F,2,PERDIO CUPO A130/98 ART. 80 LIT. C,SOGAMOSO,SOGAMOSO,LIT. C,27
PRIMER SEMESTRE DE 2024,SECCIONAL SOGAMOSO,INGENIERÍA ELECTRONICA,Diurna,Presencial,SOGAMOSO,C.C.,1995-10-04,M,1,PERDIO CUPO A130/98 ART.80 LIT. E,SOGAMOSO,SOGAMOSO,LIT. E,29
PRIMER SEMESTRE DE 2024,SECCIONAL SOGAMOSO,INGENIERÍA ELECTRONICA,Diurna,Presencial,SOGAMOSO,C.C.,2002-06-04,M,1,PERDIO CUPO A130/98 ART.80 LIT. E,SOGAMOSO,SOGAMOSO,LIT. E,22
PRIMER SEMESTRE DE 2024,SECCIONAL SOGAMOSO,INGENIERÍA ELECTRONICA,Diurna,Presencial,SOGAMOSO,C.C.,2000-10-31,M,2,PERDIO CUPO A130/98 ART. 80 LIT. C,SOGAMOSO,SOGAMOSO,LIT. C,24
PRIMER SEMESTRE DE 2024,SECCIONAL SOGAMOSO,INGENIERÍA ELECTRONICA,Diurna,Presencial,SOGAMOSO,C.C.,2001-07-10,F,2,PERDIO CUPO A130/98 ART.80 LIT. E,SAMACÁ,SAMACÁ,LIT. E,23
PRIMER SEMESTRE DE 2024,SECCIONAL SOGAMOSO,INGENIERÍA ELECTRONICA,Diurna,Presencial,SOGAMOSO,C.C.,2003-11-10,M,2,PERDIO CUPO A130/98 ART. 80 LIT. B,SOGAMOSO,GAMEZA,LIT. B,21
PRIMER SEMESTRE DE 2024,SECCIONAL SOGAMOSO,INGENIERÍA GEOLOGICA,Diurna,Presencial,SOGAMOSO,T.I.,2006-03-25,F,2,PERDIO CUPO A130/98 ART. 80 LIT. B,BOGOTÁ D.C.,BOGOTÁ D.C.,LIT. B,18
PRIMER SEMESTRE DE 2024,SECCIONAL SOGAMOSO,INGENIERÍA GEOLOGICA,Diurna,Presencial,SOGAMOSO,C.C.,1993-09-23,M,2,PERDIO CUPO A130/98 ART. 80 LIT. B,SOGAMOSO,SOGAMOSO,LIT. B,31
PRIMER SEMESTRE DE 2024,SECCIONAL SOGAMOSO,INGENIERÍA GEOLOGICA,Diurna,Presencial,SOGAMOSO,C.C.,2001-10-11,M,2,PERDIO CUPO A130/98 ART. 80 LIT. B,DUITAMA,DUITAMA,LIT. B,23
PRIMER SEMESTRE DE 2024,SECCIONAL SOGAMOSO,INGENIERÍA DE MINAS,Diurna,Presencial,SOGAMOSO,C.C.,2003-11-16,M,2,PERDIO CUPO A130/98 ART. 80 LIT. B,SOGAMOSO,SOGAMOSO,LIT. B,21
PRIMER SEMESTRE DE 2024,SECCIONAL SOGAMOSO,INGENIERÍA DE MINAS,Diurna,Presencial,SOGAMOSO,C.C.,1994-12-18,M,3,PERDIO CUPO A130/98 ART. 80 LIT. D,SOGAMOSO,SOGAMOSO,LIT. D,30
PRIMER SEMESTRE DE 2024,SECCIONAL SOGAMOSO,INGENIERÍA DE MINAS,Diurna,Presencial,SOGAMOSO,T.I.,2005-11-09,F,2,PERDIO CUPO A130/98 ART. 80 LIT. C,SOGAMOSO,SOGAMOSO,LIT. C,19
PRIMER SEMESTRE DE 2024,SECCIONAL SOGAMOSO,INGENIERÍA INDUSTRIAL,Diurna,Presencial,SOGAMOSO,C.C.,1992-03-07,M,,PERDIO CUPO A130/98 ART.80 LIT. E,DUITAMA,DUITAMA,LIT. E,32
PRIMER SEMESTRE DE 2024,SECCIONAL SOGAMOSO,INGENIERÍA INDUSTRIAL,Diurna,Presencial,SOGAMOSO,C.C.,2002-05-23,M,3,PERDIO CUPO A130/98 ART.80 LIT. E,CHIQUINQUIRÁ,SUTAMARCHÁN,LIT. E,22
PRIMER SEMESTRE DE 2024,SECCIONAL SOGAMOSO,INGENIERÍA INDUSTRIAL,Diurna,Presencial,SOGAMOSO,C.C.,2005-04-20,M,2,PERDIO CUPO A130/98 ART. 80 LIT. C,SOGAMOSO,SOGAMOSO,LIT. C,19
PRIMER SEMESTRE DE 2024,SECCIONAL SOGAMOSO,INGENIERÍA INDUSTRIAL,Diurna,Presencial,SOGAMOSO,C.C.,1999-04-19,M,2,PERDIO CUPO A130/98 ART.80 LIT. E,SOGAMOSO,SOGAMOSO,LIT. E,25
PRIMER SEMESTRE DE 2024,SECCIONAL SOGAMOSO,INGENIERÍA DE SISTEMAS Y COMPUTACION,Diurna,Presencial,SOGAMOSO,C.C.,2004-03-09,M,2,PERDIO CUPO A130/98 ART. 80 LIT. B,TAURAMENA,SOGAMOSO,LIT. B,20
PRIMER SEMESTRE DE 2024,SECCIONAL SOGAMOSO,INGENIERÍA DE SISTEMAS Y COMPUTACION,Diurna,Presencial,SOGAMOSO,C.C.,2004-05-18,M,2,PERDIO CUPO A130/98 ART. 80 LIT. B,DUITAMA,DUITAMA,LIT. B,20
PRIMER SEMESTRE DE 2024,SECCIONAL SOGAMOSO,INGENIERÍA DE SISTEMAS Y COMPUTACION,Diurna,Presencial,SOGAMOSO,C.C.,1995-09-15,F,2,PERDIO CUPO A130/98 ART.80 LIT. E,SOGAMOSO,TIBASOSA,LIT. E,29
PRIMER SEMESTRE DE 2024,SECCIONAL SOGAMOSO,INGENIERÍA DE SISTEMAS Y COMPUTACION,Diurna,Presencial,SOGAMOSO,C.C.,2005-02-10,M,2,PERDIO CUPO A130/98 ART. 80 LIT. B,SOGAMOSO,SOGAMOSO,LIT. B,19
PRIMER SEMESTRE DE 2024,SECCIONAL SOGAMOSO,CONTADURIA PUBLICA,Diurna,Presencial,SOGAMOSO,C.C.,2000-11-28,F,2,PERDIO CUPO A130/98 ART. 80 LIT. C,DUITAMA,SANTA ROSA DE VITERBO,LIT. C,24
PRIMER SEMESTRE DE 2024,SECCIONAL SOGAMOSO,CONTADURIA PUBLICA,Diurna,Presencial,SOGAMOSO,T.I.,2004-04-16,F,2,PERDIO CUPO A130/98 ART. 80 LIT. D,SOGAMOSO,SOGAMOSO,LIT. D,20
PRIMER SEMESTRE DE 2024,SECCIONAL SOGAMOSO,CONTADURIA PUBLICA,Diurna,Presencial,SOGAMOSO,T.I.,2005-08-30,F,1,PERDIO CUPO A130/98 ART. 80 LIT. C,SOCHA,SOCHA,LIT. C,19
PRIMER SEMESTRE DE 2024,SECCIONAL SOGAMOSO,CONTADURIA PUBLICA,Diurna,Presencial,SOGAMOSO,C.C.,1998-06-26,M,2,PERDIO CUPO A130/98 ART.80 LIT. E,BOGOTÁ D.C.,SOGAMOSO,LIT. E,26
PRIMER SEMESTRE DE 2024,SECCIONAL SOGAMOSO,CONTADURIA PUBLICA,Diurna,Presencial,SOGAMOSO,C.C.,2005-07-14,M,2,PERDIO CUPO A130/98 ART. 80 LIT. C,SOGAMOSO,SOGAMOSO,LIT. C,19
PRIMER SEMESTRE DE 2024,SECCIONAL SOGAMOSO,CONTADURIA PUBLICA,Diurna,Presencial,SOGAMOSO,C.C.,1997-10-14,M,2,PERDIO CUPO A130/98 ART.80 LIT. E,FLORESTA,GAMEZA,LIT. E,27
PRIMER SEMESTRE DE 2024,SECCIONAL SOGAMOSO,CONTADURIA PUBLICA,Diurna,Presencial,SOGAMOSO,C.C.,2004-04-21,F,2,PERDIO CUPO A130/98 ART. 80 LIT. D,SOGAMOSO,SOGAMOSO,LIT. D,20
PRIMER SEMESTRE DE 2024,SECCIONAL SOGAMOSO,ADMINISTRACIÓN DE EMPRESAS,Extendida,Presencial,SOGAMOSO,C.C.,2001-05-01,M,2,PERDIO CUPO A130/98 ART. 80 LIT. B,SOGAMOSO,SOGAMOSO,LIT. B,23
PRIMER SEMESTRE DE 2024,SECCIONAL SOGAMOSO,ADMINISTRACIÓN DE EMPRESAS,Extendida,Presencial,SOGAMOSO,C.C.,2003-07-09,M,2,PERDIO CUPO A130/98 ART. 80 LIT. B,SOGAMOSO,SOGAMOSO,LIT. B,21
PRIMER SEMESTRE DE 2024,SECCIONAL SOGAMOSO,ADMINISTRACIÓN DE EMPRESAS,Extendida,Presencial,SOGAMOSO,C.C.,2000-12-28,M,2,PERDIO CUPO A130/98 ART. 80 LIT. B,SOGAMOSO,SOGAMOSO,LIT. B,24
PRIMER SEMESTRE DE 2024,SECCIONAL SOGAMOSO,ADMINISTRACIÓN DE EMPRESAS,Extendida,Presencial,SOGAMOSO,T.I.,2005-10-06,M,2,PERDIO CUPO A130/98 ART. 80 LIT. C,SOGAMOSO,SOGAMOSO,LIT. C,19
PRIMER SEMESTRE DE 2024,SECCIONAL SOGAMOSO,FINANZAS Y COMERCIO INTERNACIONAL,Extendida,Presencial,SOGAMOSO,C.C.,1998-10-03,F,2,PERDIO CUPO A130/98 ART. 80 LIT. C,BOGOTÁ D.C.,TUNJA,LIT. C,26
PRIMER SEMESTRE DE 2024,SECCIONAL SOGAMOSO,FINANZAS Y COMERCIO INTERNACIONAL,Extendida,Presencial,SOGAMOSO,C.C.,1996-11-18,F,2,PERDIO CUPO A130/98 ART.80 LIT. E,SOGAMOSO,TIBASOSA,LIT. E,28
PRIMER SEMESTRE DE 2024,SECCIONAL SOGAMOSO,MAESTRÍA EN LOGÍSTICA,Extendida,Presencial,SOGAMOSO,C.C.,1995-11-05,M,,PERDIO CUPO A 052/2012  ART 15 LIT.B.,BOGOTÁ D.C.,BOGOTÁ D.C.,LIT. B,29
SEGUNDO SEMESTRE DE 2024,CIENCIAS,FISICA,Diurna,Presencial,TUNJA,C.C.,2005-10-02,M,2,PERDIO CUPO A130/98 ART. 80 LIT. B,VALLEDUPAR,SOGAMOSO,LIT. B,19
SEGUNDO SEMESTRE DE 2024,CIENCIAS,FISICA,Diurna,Presencial,TUNJA,C.C.,2005-05-11,M,3,PERDIO CUPO A130/98 ART. 80 LIT. B,DUITAMA,DUITAMA,LIT. B,19
SEGUNDO SEMESTRE DE 2024,CIENCIAS,FISICA,Diurna,Presencial,TUNJA,T.I.,2006-07-21,M,3,PERDIO CUPO A130/98 ART. 80 LIT. B,BOGOTÁ D.C.,BOGOTÁ D.C.,LIT. B,18
SEGUNDO SEMESTRE DE 2024,CIENCIAS,FISICA,Diurna,Presencial,TUNJA,T.I.,2006-07-30,M,1,PERDIO CUPO A130/98 ART. 80 LIT. C,AGUAZUL,AGUAZUL,LIT. C,18
SEGUNDO SEMESTRE DE 2024,CIENCIAS,BIOLOGIA,Diurna,Presencial,TUNJA,C.C.,1999-12-03,M,2,PERDIO CUPO A130/98 ART.80 LIT. E,TUNJA,TUNJA,LIT. E,25
SEGUNDO SEMESTRE DE 2024,CIENCIAS,BIOLOGIA,Diurna,Presencial,TUNJA,T.I.,2005-12-05,M,2,PERDIO CUPO A130/98 ART. 80 LIT. C,TUNJA,PAIPA,LIT. C,19
SEGUNDO SEMESTRE DE 2024,CIENCIAS,BIOLOGIA,Diurna,Presencial,TUNJA,T.I.,2005-11-23,F,2,PERDIO CUPO A130/98 ART. 80 LIT. D,VILLAVICENCIO,YOPAL,LIT. D,19
SEGUNDO SEMESTRE DE 2024,CIENCIAS,BIOLOGIA,Diurna,Presencial,TUNJA,C.C.,2001-04-09,M,2,PERDIO CUPO A130/98 ART. 80 LIT. B,BOGOTÁ D.C.,TUNJA,LIT. B,23
SEGUNDO SEMESTRE DE 2024,CIENCIAS,BIOLOGIA,Diurna,Presencial,TUNJA,C.C.,2005-08-23,F,1,PERDIO CUPO A130/98 ART. 80 LIT. C,TUNJA,TURMEQUÉ,LIT. C,19
SEGUNDO SEMESTRE DE 2024,CIENCIAS,MATEMATICAS,Diurna,Presencial,TUNJA,C.C.,2005-06-04,M,2,PERDIO CUPO A130/98 ART. 80 LIT. C,TUNJA,TUNJA,LIT. C,19
SEGUNDO SEMESTRE DE 2024,CIENCIAS,MATEMATICAS,Diurna,Presencial,TUNJA,C.C.,2005-01-29,F,2,PERDIO CUPO A130/98 ART.80 LIT. E,TUNJA,TUNJA,LIT. E,19
SEGUNDO SEMESTRE DE 2024,CIENCIAS,MATEMATICAS,Diurna,Presencial,TUNJA,C.C.,2000-01-13,M,1,PERDIO CUPO A130/98 ART. 80 LIT. B,CHIQUINQUIRÁ,CHIQUINQUIRÁ,LIT. B,24
SEGUNDO SEMESTRE DE 2024,CIENCIAS,MATEMATICAS,Diurna,Presencial,TUNJA,T.I.,2005-01-10,M,1,PERDIO CUPO A130/98 ART. 80 LIT. B,YOPAL,PAZ DE ARIPORO,LIT. B,19
SEGUNDO SEMESTRE DE 2024,CIENCIAS,MATEMATICAS,Diurna,Presencial,TUNJA,C.C.,2002-04-12,M,3,PERDIO CUPO A130/98 ART.80 LIT. E,SOGAMOSO,TUNJA,LIT. E,22
SEGUNDO SEMESTRE DE 2024,CIENCIAS,MATEMATICAS,Diurna,Presencial,TUNJA,C.C.,2003-03-27,M,3,PERDIO CUPO A130/98 ART. 80 LIT. C,YOPAL,TUNJA,LIT. C,21
SEGUNDO SEMESTRE DE 2024,CIENCIAS,MATEMATICAS,Diurna,Presencial,TUNJA,T.I.,2003-10-05,F,1,PERDIO CUPO A130/98 ART. 80 LIT. C,SOATÁ,CHITA,LIT. C,21
SEGUNDO SEMESTRE DE 2024,CIENCIAS,QUIMICA,Diurna,Presencial,TUNJA,C.C.,2004-10-20,M,1,PERDIO CUPO A130/98 ART. 80 LIT. C,DUITAMA,ARAUCA,LIT. C,20
SEGUNDO SEMESTRE DE 2024,CIENCIAS,QUIMICA,Diurna,Presencial,TUNJA,C.C.,2002-07-24,F,2,PERDIO CUPO A130/98 ART. 80 LIT. D,MONIQUIRÁ,MONIQUIRÁ,LIT. D,22
SEGUNDO SEMESTRE DE 2024,CIENCIAS,QUIMICA,Diurna,Presencial,TUNJA,C.C.,2005-06-20,F,1,PERDIO CUPO A130/98 ART. 80 LIT. D,TUNJA,TUNJA,LIT. D,19
SEGUNDO SEMESTRE DE 2024,CIENCIAS,QUIMICA,Diurna,Presencial,TUNJA,C.C.,2004-09-26,M,3,PERDIO CUPO A130/98 ART. 80 LIT. B,TUNJA,TUNJA,LIT. B,20
SEGUNDO SEMESTRE DE 2024,CIENCIAS,QUIMICA,Diurna,Presencial,TUNJA,C.C.,2003-03-09,M,2,PERDIO CUPO A130/98 ART. 80 LIT. B,TUNJA,TUNJA,LIT. B,21
SEGUNDO SEMESTRE DE 2024,CIENCIAS AGROPECUARIAS,INGENIERÍA AGRONOMICA,Diurna,Presencial,TUNJA,C.C.,1996-10-06,F,2,PERDIO CUPO A130/98 ART.80 LIT. E,PAIPA,PAIPA,LIT. E,28
SEGUNDO SEMESTRE DE 2024,CIENCIAS AGROPECUARIAS,INGENIERÍA AGRONOMICA,Diurna,Presencial,TUNJA,C.C.,2003-10-17,M,2,PERDIO CUPO A130/98 ART. 80 LIT. D,TENJO,TENJO,LIT. D,21
SEGUNDO SEMESTRE DE 2024,CIENCIAS AGROPECUARIAS,INGENIERÍA AGRONOMICA,Diurna,Presencial,TUNJA,C.C.,2004-08-20,M,3,PERDIO CUPO A130/98 ART. 80 LIT. C,MONIQUIRÁ,MONIQUIRÁ,LIT. C,20
SEGUNDO SEMESTRE DE 2024,CIENCIAS AGROPECUARIAS,INGENIERÍA AGRONOMICA,Diurna,Presencial,TUNJA,C.C.,2004-06-23,M,2,PERDIO CUPO A130/98 ART. 80 LIT. D,YOPAL,BOGOTÁ D.C.,LIT. D,20
SEGUNDO SEMESTRE DE 2024,CIENCIAS AGROPECUARIAS,INGENIERÍA AGRONOMICA,Diurna,Presencial,TUNJA,C.C.,2004-01-20,F,2,PERDIO CUPO A130/98 ART. 80 LIT. C,SANTA ROSA DE VITERBO,TUTA,LIT. C,20
SEGUNDO SEMESTRE DE 2024,CIENCIAS AGROPECUARIAS,INGENIERÍA AGRONOMICA,Diurna,Presencial,TUNJA,C.C.,2005-02-09,F,1,PERDIO CUPO A130/98 ART.80 LIT. E,TUNJA,TUNJA,LIT. E,19
SEGUNDO SEMESTRE DE 2024,CIENCIAS AGROPECUARIAS,INGENIERÍA AGRONOMICA,Diurna,Presencial,TUNJA,C.C.,1999-05-01,M,2,PERDIO CUPO A130/98 ART. 80 LIT. D,TUNJA,TUNJA,LIT. D,25
SEGUNDO SEMESTRE DE 2024,CIENCIAS AGROPECUARIAS,MEDICINA VETERINARIA Y ZOOTECNIA,Diurna,Presencial,TUNJA,C.C.,2003-08-16,M,1,PERDIO CUPO A130/98 ART.80 LIT. E,DUITAMA,DUITAMA,LIT. E,21
SEGUNDO SEMESTRE DE 2024,CIENCIAS AGROPECUARIAS,MEDICINA VETERINARIA Y ZOOTECNIA,Diurna,Presencial,TUNJA,C.C.,1999-05-09,F,2,PERDIO CUPO A130/98 ART. 80 LIT. C,TUNJA,TUNJA,LIT. C,25
SEGUNDO SEMESTRE DE 2024,CIENCIAS AGROPECUARIAS,MEDICINA VETERINARIA Y ZOOTECNIA,Diurna,Presencial,TUNJA,C.C.,1993-08-19,M,3,PERDIO CUPO A130/98 ART.80 LIT. E,BOGOTÁ D.C.,BOGOTÁ D.C.,LIT. E,31
SEGUNDO SEMESTRE DE 2024,CIENCIAS AGROPECUARIAS,MAESTRÍA EN CIENCIAS VETERINARIAS,Otra,Presencial,TUNJA,C.C.,1997-11-28,F,,PERDIO CUPO A 052/2012  ART 15 LIT.A.,TIBANÁ,TIBANÁ,LIT. A,27
SEGUNDO SEMESTRE DE 2024,CIENCIAS DE LA EDUCACION,LICENCIATURA EN LENGUAS EXTRANJERAS,Diurna,Presencial,TUNJA,C.C.,1993-12-09,F,,PERDIO CUPO A130/98 ART.80 LIT. E,BOGOTA D.E,PAIPA,LIT. E,31
SEGUNDO SEMESTRE DE 2024,CIENCIAS DE LA EDUCACION,LICENCIATURA EN INFORMATICA Y TECNOLOGIA,Nocturna,Presencial,TUNJA,C.C.,1997-11-03,M,1,PERDIO CUPO A130/98 ART. 80 LIT. D,BOGOTA D.E,TUTA,LIT. D,27
SEGUNDO SEMESTRE DE 2024,CIENCIAS DE LA EDUCACION,LICENCIATURA EN INFORMATICA Y TECNOLOGIA,Nocturna,Presencial,TUNJA,C.C.,1999-10-13,M,1,PERDIO CUPO A130/98 ART.80 LIT. E,MOGOTES,MOGOTES,LIT. E,25
SEGUNDO SEMESTRE DE 2024,CIENCIAS DE LA EDUCACION,LICENCIATURA EN MATEMATICAS,Diurna,Presencial,TUNJA,C.C.,2001-03-26,M,2,PERDIO CUPO A130/98 ART. 80 LIT. C,SARAVENA,TAME,LIT. C,23
SEGUNDO SEMESTRE DE 2024,CIENCIAS DE LA EDUCACION,LICENCIATURA EN MATEMATICAS,Diurna,Presencial,TUNJA,C.C.,1997-11-02,M,2,PERDIO CUPO A130/98 ART.80 LIT. E,YOPAL,YOPAL,LIT. E,27
SEGUNDO SEMESTRE DE 2024,CIENCIAS DE LA EDUCACION,LICENCIATURA EN CIENCIAS NATURALES Y EDUCACIÓN AMBIENTAL,Diurna,Presencial,TUNJA,C.C.,2004-02-09,M,2,PERDIO CUPO A130/98 ART. 80 LIT. D,DUITAMA,TIBASOSA,LIT. D,20
SEGUNDO SEMESTRE DE 2024,CIENCIAS DE LA EDUCACION,LICENCIATURA EN CIENCIAS NATURALES Y EDUCACIÓN AMBIENTAL,Diurna,Presencial,TUNJA,T.I.,2005-08-12,F,2,PERDIO CUPO A130/98 ART. 80 LIT. B,DUITAMA,BELÉN,LIT. B,19
SEGUNDO SEMESTRE DE 2024,CIENCIAS DE LA EDUCACION,LICENCIATURA EN CIENCIAS NATURALES Y EDUCACIÓN AMBIENTAL,Diurna,Presencial,TUNJA,T.I.,2004-03-12,M,2,PERDIO CUPO A130/98 ART. 80 LIT. D,SOGAMOSO,SOGAMOSO,LIT. D,20
SEGUNDO SEMESTRE DE 2024,CIENCIAS DE LA EDUCACION,LICENCIATURA EN CIENCIAS NATURALES Y EDUCACIÓN AMBIENTAL,Diurna,Presencial,TUNJA,C.C.,2003-08-14,M,3,PERDIO CUPO A130/98 ART. 80 LIT. C,TUNJA,TUNJA,LIT. C,21
SEGUNDO SEMESTRE DE 2024,CIENCIAS DE LA EDUCACION,LICENCIATURA EN CIENCIAS NATURALES Y EDUCACIÓN AMBIENTAL,Diurna,Presencial,TUNJA,C.C.,1997-10-03,M,2,PERDIO CUPO A130/98 ART. 80 LIT. B,TUNJA,TUNJA,LIT. B,27
SEGUNDO SEMESTRE DE 2024,CIENCIAS DE LA EDUCACION,LICENCIATURA EN CIENCIAS NATURALES Y EDUCACIÓN AMBIENTAL,Diurna,Presencial,TUNJA,C.C.,2002-08-12,M,2,PERDIO CUPO A130/98 ART. 80 LIT. D,SOGAMOSO,SOGAMOSO,LIT. D,22
SEGUNDO SEMESTRE DE 2024,CIENCIAS DE LA EDUCACION,LICENCIATURA EN MATEMATICAS,Nocturna,Presencial,TUNJA,C.C.,2005-09-28,F,1,PERDIO CUPO A130/98 ART. 80 LIT. C,TRINIDAD,TRINIDAD,LIT. C,19
SEGUNDO SEMESTRE DE 2024,CIENCIAS DE LA EDUCACION,LICENCIATURA EN MATEMATICAS,Nocturna,Presencial,TUNJA,C.C.,2004-11-16,M,1,PERDIO CUPO A130/98 ART. 80 LIT. B,TUNJA,TUNJA,LIT. B,20
SEGUNDO SEMESTRE DE 2024,CIENCIAS DE LA EDUCACION,LICENCIATURA EN MATEMATICAS,Nocturna,Presencial,TUNJA,C.C.,2004-11-14,F,1,PERDIO CUPO A130/98 ART. 80 LIT. C,TUNJA,TUNJA,LIT. C,20
SEGUNDO SEMESTRE DE 2024,CIENCIAS DE LA EDUCACION,LICENCIATURA EN MATEMATICAS,Nocturna,Presencial,TUNJA,C.C.,2000-01-21,M,1,PERDIO CUPO A130/98 ART.80 LIT. E,TAURAMENA,TAURAMENA,LIT. E,24
SEGUNDO SEMESTRE DE 2024,CIENCIAS DE LA EDUCACION,LICENCIATURA EN MATEMATICAS,Nocturna,Presencial,TUNJA,C.C.,1993-01-24,M,2,PERDIO CUPO A130/98 ART.80 LIT. E,RAMIRIQUÍ,RAMIRIQUÍ,LIT. E,31
SEGUNDO SEMESTRE DE 2024,CIENCIAS DE LA EDUCACION,LICENCIATURA EN MATEMATICAS,Nocturna,Presencial,TUNJA,C.C.,2005-12-28,M,2,PERDIO CUPO A130/98 ART.80 LIT. E,SAMACÁ,TUNJA,LIT. E,19
SEGUNDO SEMESTRE DE 2024,CIENCIAS DE LA EDUCACION,LICENCIATURA EN MATEMATICAS,Nocturna,Presencial,TUNJA,C.C.,1994-03-25,M,2,PERDIO CUPO A130/98 ART. 80 LIT. D,MONIQUIRÁ,MONIQUIRÁ,LIT. D,30
SEGUNDO SEMESTRE DE 2024,CIENCIAS DE LA EDUCACION,LICENCIATURA EN EDUCACIÓN FISICA RECREACIÓN Y DEPORTE,Diurna,Presencial,TUNJA,C.C.,2000-06-11,M,2,PERDIO CUPO A130/98 ART. 80 LIT. D,TUNJA,TUNJA,LIT. D,24
SEGUNDO SEMESTRE DE 2024,CIENCIAS DE LA EDUCACION,LICENCIATURA EN EDUCACIÓN FISICA RECREACIÓN Y DEPORTE,Diurna,Presencial,TUNJA,C.C.,2000-06-21,M,2,PERDIO CUPO A130/98 ART. 80 LIT. C,BARBOSA,BARBOSA,LIT. C,24
SEGUNDO SEMESTRE DE 2024,CIENCIAS DE LA EDUCACION,LICENCIATURA EN EDUCACIÓN FISICA RECREACIÓN Y DEPORTE,Diurna,Presencial,TUNJA,C.C.,1993-04-21,M,1,PERDIO CUPO A130/98 ART.80 LIT. E,SOGAMOSO,IZA,LIT. E,31
SEGUNDO SEMESTRE DE 2024,CIENCIAS DE LA EDUCACION,LICENCIATURA EN EDUCACIÓN FISICA RECREACIÓN Y DEPORTE,Diurna,Presencial,TUNJA,T.I.,2006-01-19,M,3,PERDIO CUPO A130/98 ART. 80 LIT. C,DUITAMA,DUITAMA,LIT. C,18
SEGUNDO SEMESTRE DE 2024,CIENCIAS DE LA EDUCACION,LICENCIATURA EN EDUCACIÓN FISICA RECREACIÓN Y DEPORTE,Diurna,Presencial,TUNJA,T.I.,2005-05-03,M,2,PERDIO CUPO A130/98 ART. 80 LIT. C,BOGOTÁ D.C.,BOGOTÁ D.C.,LIT. C,19
SEGUNDO SEMESTRE DE 2024,CIENCIAS DE LA EDUCACION,LICENCIATURA EN EDUCACIÓN FISICA RECREACIÓN Y DEPORTE,Diurna,Presencial,TUNJA,C.C.,2001-11-30,M,2,PERDIO CUPO A130/98 ART. 80 LIT. D,TUNJA,TUNJA,LIT. D,23
SEGUNDO SEMESTRE DE 2024,CIENCIAS DE LA EDUCACION,LICENCIATURA EN EDUCACIÓN FISICA RECREACIÓN Y DEPORTE,Diurna,Presencial,TUNJA,C.C.,2000-08-08,M,2,PERDIO CUPO A130/98 ART. 80 LIT. B,TUNJA,TUNJA,LIT. B,24
SEGUNDO SEMESTRE DE 2024,CIENCIAS DE LA EDUCACION,LICENCIATURA EN EDUCACIÓN FISICA RECREACIÓN Y DEPORTE,Diurna,Presencial,TUNJA,C.C.,2000-07-27,M,1,PERDIO CUPO A130/98 ART. 80 LIT. C,PAIPA,PAIPA,LIT. C,24
SEGUNDO SEMESTRE DE 2024,CIENCIAS DE LA EDUCACION,LICENCIATURA EN EDUCACIÓN FISICA RECREACIÓN Y DEPORTE,Diurna,Presencial,TUNJA,T.I.,2006-05-15,M,3,PERDIO CUPO A130/98 ART. 80 LIT. C,DUITAMA,PUERTO BOYACÁ,LIT. C,18
SEGUNDO SEMESTRE DE 2024,CIENCIAS DE LA EDUCACION,LICENCIATURA EN EDUCACIÓN FISICA RECREACIÓN Y DEPORTE,Diurna,Presencial,TUNJA,T.I.,2006-04-07,F,3,PERDIO CUPO A130/98 ART. 80 LIT. B,TUNJA,TUNJA,LIT. B,18
SEGUNDO SEMESTRE DE 2024,CIENCIAS DE LA EDUCACION,LICENCIATURA EN CIENCIAS SOCIALES,Diurna,Presencial,TUNJA,C.C.,1998-11-29,M,2,PERDIO CUPO A130/98 ART.80 LIT. E,TUNJA,TUNJA,LIT. E,26
SEGUNDO SEMESTRE DE 2024,CIENCIAS DE LA EDUCACION,LICENCIATURA EN CIENCIAS SOCIALES,Diurna,Presencial,TUNJA,C.C.,2000-11-05,M,2,PERDIO CUPO A130/98 ART.80 LIT. E,TUNJA,TUNJA,LIT. E,24
SEGUNDO SEMESTRE DE 2024,CIENCIAS DE LA EDUCACION,LIC. EN PSICOPEDAGOGIA ENFASIS ASESORIA EDUCATIVA,Diurna,Presencial,TUNJA,C.C.,2000-05-06,F,2,PERDIO CUPO A130/98 ART. 80 LIT. D,DUITAMA,PAIPA,LIT. D,24
SEGUNDO SEMESTRE DE 2024,CIENCIAS DE LA EDUCACION,LIC. EN PSICOPEDAGOGIA ENFASIS ASESORIA EDUCATIVA,Diurna,Presencial,TUNJA,C.C.,2004-11-19,F,1,PERDIO CUPO A130/98 ART. 80 LIT. B,BOGOTÁ D.C.,YOPAL,LIT. B,20
SEGUNDO SEMESTRE DE 2024,CIENCIAS DE LA EDUCACION,LIC. EN PSICOPEDAGOGIA ENFASIS ASESORIA EDUCATIVA,Diurna,Presencial,TUNJA,C.C.,2004-05-24,F,2,PERDIO CUPO A130/98 ART.80 LIT. E,BOGOTÁ D.C.,TURMEQUÉ,LIT. E,20
SEGUNDO SEMESTRE DE 2024,CIENCIAS DE LA EDUCACION,LICENCIATURA EN MUSICA,Diurna,Presencial,TUNJA,C.C.,2004-03-08,M,2,PERDIO CUPO A130/98 ART. 80 LIT. C,RAMIRIQUÍ,RAMIRIQUÍ,LIT. C,20
SEGUNDO SEMESTRE DE 2024,CIENCIAS DE LA EDUCACION,LICENCIATURA EN MUSICA,Diurna,Presencial,TUNJA,C.C.,2005-08-14,M,2,PERDIO CUPO A130/98 ART. 80 LIT. C,EL ESPINO,EL ESPINO,LIT. C,19
SEGUNDO SEMESTRE DE 2024,CIENCIAS DE LA EDUCACION,LICENCIATURA EN MUSICA,Diurna,Presencial,TUNJA,C.C.,2003-12-10,M,3,PERDIO CUPO A130/98 ART.80 LIT. E,CHOCONTÁ,VILLAPINZÓN,LIT. E,21
SEGUNDO SEMESTRE DE 2024,CIENCIAS DE LA EDUCACION,LICENCIATURA EN MUSICA,Diurna,Presencial,TUNJA,C.C.,2002-03-22,F,2,PERDIO CUPO A130/98 ART. 80 LIT. A,DUITAMA,DUITAMA,LIT. A,22
SEGUNDO SEMESTRE DE 2024,CIENCIAS DE LA EDUCACION,LICENCIATURA EN FILOSOFIA,Extendida,Presencial,TUNJA,C.C.,2004-06-28,M,2,PERDIO CUPO A130/98 ART. 80 LIT. B,TUNJA,TUNJA,LIT. B,20
SEGUNDO SEMESTRE DE 2024,CIENCIAS DE LA EDUCACION,LICENCIATURA EN FILOSOFIA,Extendida,Presencial,TUNJA,C.C.,2003-12-06,F,1,PERDIO CUPO A130/98 ART. 80 LIT. C,TUNJA,JENESANO,LIT. C,21
SEGUNDO SEMESTRE DE 2024,CIENCIAS DE LA EDUCACION,LICENCIATURA EN FILOSOFIA,Extendida,Presencial,TUNJA,C.C.,2003-11-16,M,1,PERDIO CUPO A130/98 ART. 80 LIT. B,PAMPLONA,PAMPLONA,LIT. B,21
SEGUNDO SEMESTRE DE 2024,CIENCIAS DE LA EDUCACION,LICENCIATURA EN FILOSOFIA,Extendida,Presencial,TUNJA,C.C.,2002-09-04,M,2,PERDIO CUPO A130/98 ART. 80 LIT. C,IBAGUÉ,YOPAL,LIT. C,22
SEGUNDO SEMESTRE DE 2024,CIENCIAS DE LA EDUCACION,LICENCIATURA EN FILOSOFIA,Extendida,Presencial,TUNJA,C.C.,2003-09-11,F,2,PERDIO CUPO A130/98 ART. 80 LIT. C,SOGAMOSO,SOGAMOSO,LIT. C,21
SEGUNDO SEMESTRE DE 2024,CIENCIAS DE LA EDUCACION,LICENCIATURA EN FILOSOFIA,Extendida,Presencial,TUNJA,C.C.,2005-12-19,F,2,PERDIO CUPO A130/98 ART. 80 LIT. C,TUNJA,TUNJA,LIT. C,19
SEGUNDO SEMESTRE DE 2024,CIENCIAS DE LA EDUCACION,LICENCIATURA EN FILOSOFIA,Extendida,Presencial,TUNJA,T.I.,2006-08-18,M,1,PERDIO CUPO A130/98 ART. 80 LIT. B,YOPAL,AGUAZUL,LIT. B,18
SEGUNDO SEMESTRE DE 2024,CIENCIAS DE LA EDUCACION,LICENCIATURA EN FILOSOFIA,Extendida,Presencial,TUNJA,C.C.,2003-04-22,M,4,PERDIO CUPO A130/98 ART. 80 LIT. C,BOGOTÁ D.C.,TUNJA,LIT. C,21
SEGUNDO SEMESTRE DE 2024,CIENCIAS DE LA EDUCACION,LICENCIATURA EN FILOSOFIA,Extendida,Presencial,TUNJA,T.I.,2001-10-20,F,2,PERDIO CUPO A130/98 ART.80 LIT. E,SOGAMOSO,NOBSA,LIT. E,23
SEGUNDO SEMESTRE DE 2024,CIENCIAS DE LA EDUCACION,LICENCIATURA EN FILOSOFIA,Extendida,Presencial,TUNJA,C.C.,1998-04-21,M,3,PERDIO CUPO A130/98 ART. 80 LIT. C,SAN GIL,SAN GIL,LIT. C,26
SEGUNDO SEMESTRE DE 2024,CIENCIAS DE LA EDUCACION,LICENCIATURA EN LENGUAS EXTRANJERAS CON ENFASIS EN INGLES Y EN FRANCES,Extendida,Presencial,TUNJA,C.C.,1999-10-02,F,2,PERDIO CUPO A130/98 ART.80 LIT. E,SOCHA,DUITAMA,LIT. E,25
SEGUNDO SEMESTRE DE 2024,CIENCIAS DE LA EDUCACION,LICENCIATURA EN LENGUAS EXTRANJERAS CON ENFASIS EN INGLES Y EN FRANCES,Extendida,Presencial,TUNJA,C.C.,2001-06-14,M,2,PERDIO CUPO A130/98 ART.80 LIT. E,SOGAMOSO,SOGAMOSO,LIT. E,23
SEGUNDO SEMESTRE DE 2024,CIENCIAS DE LA EDUCACION,LICENCIATURA EN LENGUAS EXTRANJERAS CON ENFASIS EN INGLES Y EN FRANCES,Extendida,Presencial,TUNJA,C.C.,2001-01-09,F,1,PERDIO CUPO A130/98 ART. 80 LIT. D,CHIQUINQUIRÁ,CHIQUINQUIRÁ,LIT. D,23
SEGUNDO SEMESTRE DE 2024,CIENCIAS DE LA EDUCACION,LICENCIATURA EN LENGUAS EXTRANJERAS CON ENFASIS EN INGLES Y EN FRANCES,Extendida,Presencial,TUNJA,C.C.,2006-01-06,M,2,PERDIO CUPO A130/98 ART. 80 LIT. C,TUNJA,TUNJA,LIT. C,18
SEGUNDO SEMESTRE DE 2024,CIENCIAS DE LA EDUCACION,LICENCIATURA EN LENGUAS EXTRANJERAS CON ENFASIS EN INGLES Y EN FRANCES,Extendida,Presencial,TUNJA,C.C.,1999-08-02,F,2,PERDIO CUPO A130/98 ART.80 LIT. E,MONIQUIRÁ,TUNJA,LIT. E,25
SEGUNDO SEMESTRE DE 2024,CIENCIAS DE LA EDUCACION,LICENCIATURA EN EDUCACIÓN INFANTIL,Extendida,Presencial,TUNJA,C.C.,1998-01-15,M,2,PERDIO CUPO A130/98 ART. 80 LIT. D,BARBOSA,BARBOSA,LIT. D,26
SEGUNDO SEMESTRE DE 2024,CIENCIAS DE LA EDUCACION,LICENCIATURA EN EDUCACIÓN INFANTIL,Extendida,Presencial,TUNJA,C.C.,2003-12-18,F,1,PERDIO CUPO A130/98 ART. 80 LIT. C,SOGAMOSO,DUITAMA,LIT. C,21
SEGUNDO SEMESTRE DE 2024,CIENCIAS DE LA EDUCACION,"LICENCIATURA EN LENGUAS MODERNAS, CON ENFASIS EN INGLES",Extendida,Presencial,TUNJA,C.C.,2001-02-22,F,2,PERDIO CUPO A130/98 ART. 80 LIT. B,TUNJA,TUNJA,LIT. B,23
SEGUNDO SEMESTRE DE 2024,CIENCIAS DE LA EDUCACION,"LICENCIATURA EN LENGUAS MODERNAS, CON ENFASIS EN INGLES",Extendida,Presencial,TUNJA,T.I.,2006-02-28,M,2,PERDIO CUPO A130/98 ART. 80 LIT. B,TUNJA,TUNJA,LIT. B,18
SEGUNDO SEMESTRE DE 2024,CIENCIAS DE LA EDUCACION,"LICENCIATURA EN LENGUAS MODERNAS, CON ENFASIS EN INGLES",Extendida,Presencial,TUNJA,C.C.,2005-04-07,M,2,PERDIO CUPO A130/98 ART. 80 LIT. B,SOGAMOSO,SOGAMOSO,LIT. B,19
SEGUNDO SEMESTRE DE 2024,CIENCIAS DE LA EDUCACION,LICENCIATURA EN LITERATURA Y LENGUA CASTELLANA,Extendida,Presencial,TUNJA,C.C.,2004-08-01,F,1,PERDIO CUPO A130/98 ART. 80 LIT. D,SOATÁ,SOATÁ,LIT. D,20
SEGUNDO SEMESTRE DE 2024,CIENCIAS DE LA EDUCACION,LICENCIATURA EN LITERATURA Y LENGUA CASTELLANA,Extendida,Presencial,TUNJA,T.I.,2004-11-11,F,2,PERDIO CUPO A130/98 ART.80 LIT. E,BOGOTA D.E,CHITARAQUE,LIT. E,20
SEGUNDO SEMESTRE DE 2024,CIENCIAS DE LA EDUCACION,LICENCIATURA EN INFORMATICA,Diurna,Presencial,TUNJA,C.C.,2004-04-30,M,2,PERDIO CUPO A130/98 ART. 80 LIT. B,TINJACÁ,TINJACÁ,LIT. B,20
SEGUNDO SEMESTRE DE 2024,CIENCIAS DE LA EDUCACION,LICENCIATURA EN INFORMATICA,Diurna,Presencial,TUNJA,C.C.,2001-09-27,M,2,PERDIO CUPO A130/98 ART. 80 LIT. D,SOATÁ,TUNJA,LIT. D,23
SEGUNDO SEMESTRE DE 2024,CIENCIAS DE LA EDUCACION,LICENCIATURA EN INFORMATICA,Diurna,Presencial,TUNJA,C.C.,2005-05-07,M,1,PERDIO CUPO A130/98 ART. 80 LIT. C,TUNJA,TUNJA,LIT. C,19
SEGUNDO SEMESTRE DE 2024,CIENCIAS DE LA EDUCACION,ARTES PLASTICAS Y VISUALES,Extendida,Presencial,TUNJA,C.C.,2002-10-14,F,1,PERDIO CUPO A130/98 ART. 80 LIT. B,SOGAMOSO,SOGAMOSO,LIT. B,22
SEGUNDO SEMESTRE DE 2024,CIENCIAS DE LA EDUCACION,MAESTRÍA EN AMBIENTES EDUCATIVOS MEDIADOS POR TIC,Otra,Presencial,TUNJA,C.C.,1999-10-15,F,,PERDIO CUPO A 052/2012  ART 15 LIT.B.,TUNJA,TUNJA,LIT. B,25
SEGUNDO SEMESTRE DE 2024,CIENCIAS DE LA EDUCACION,MAESTRÍA EN LINGÜÍSTICA,Otra,Presencial,TUNJA,C.C.,1986-03-11,F,,PERDIO CUPO A 052/2012  ART 15 LIT.B.,BUCARAMANGA,BUCARAMANGA,LIT. B,38
SEGUNDO SEMESTRE DE 2024,CIENCIAS DE LA EDUCACION,MAESTRÍA EN LITERATURA,Otra,Presencial,TUNJA,C.C.,1999-04-11,F,,PERDIO CUPO A 052/2012  ART 15 LIT.A.,LA BELLEZA,LA BELLEZA,LIT. A,25
SEGUNDO SEMESTRE DE 2024,CIENCIAS DE LA EDUCACION,"LICENCIATURA EN EDUCACIÓN BASICA CON ENFASIS EN MATEMATICAS, HUMANIDADES Y LENGUA CASTELLANA",Otra,Distancia,YOPAL,C.C.,1991-01-11,F,1,PERDIO CUPO A130/98 ART.80 LIT. E,TRINIDAD,TRINIDAD,LIT. E,33
SEGUNDO SEMESTRE DE 2024,CIENCIAS DE LA EDUCACION,LICENCIATURA EN EDUCACIÓN BASICA PRIMARIA,Extendida,Distancia,TUNJA,C.C.,2002-11-10,F,2,PERDIO CUPO A130/98 ART. 80 LIT. B,TUNJA,TUNJA,LIT. B,22
SEGUNDO SEMESTRE DE 2024,CIENCIAS DE LA EDUCACION,LICENCIATURA EN EDUCACIÓN BASICA PRIMARIA,Extendida,Distancia,TUNJA,C.C.,1998-01-07,M,1,PERDIO CUPO A130/98 ART.80 LIT. E,DUITAMA,SOGAMOSO,LIT. E,26
SEGUNDO SEMESTRE DE 2024,CIENCIAS DE LA EDUCACION,LICENCIATURA EN EDUCACIÓN BASICA PRIMARIA,Extendida,Distancia,TUNJA,C.C.,2002-01-29,F,2,PERDIO CUPO A130/98 ART. 80 LIT. D,TUTA,TUTA,LIT. D,22
SEGUNDO SEMESTRE DE 2024,CIENCIAS DE LA EDUCACION,LICENCIATURA EN EDUCACIÓN BASICA PRIMARIA,Extendida,Distancia,SOGAMOSO,C.C.,2005-11-03,F,2,PERDIO CUPO A130/98 ART. 80 LIT. B,SOGAMOSO,SOGAMOSO,LIT. B,19
SEGUNDO SEMESTRE DE 2024,CIENCIAS DE LA EDUCACION,LICENCIATURA EN EDUCACIÓN BASICA PRIMARIA,Extendida,Distancia,SOGAMOSO,C.C.,2004-01-28,F,2,PERDIO CUPO A130/98 ART. 80 LIT. C,SOGAMOSO,TUNJA,LIT. C,20
SEGUNDO SEMESTRE DE 2024,CIENCIAS DE LA EDUCACION,LICENCIATURA EN EDUCACIÓN BASICA PRIMARIA,Extendida,Distancia,SOGAMOSO,C.C.,2002-01-04,M,2,PERDIO CUPO A130/98 ART.80 LIT. E,VILLANUEVA,VILLANUEVA,LIT. E,22
SEGUNDO SEMESTRE DE 2024,CIENCIAS DE LA EDUCACION,LICENCIATURA EN EDUCACIÓN BASICA PRIMARIA,Extendida,Distancia,SOGAMOSO,C.C.,1999-02-19,F,2,PERDIO CUPO A130/98 ART. 80 LIT. D,PUERTO LÓPEZ,SOGAMOSO,LIT. D,25
SEGUNDO SEMESTRE DE 2024,CIENCIAS DE LA EDUCACION,LICENCIATURA EN EDUCACIÓN BASICA PRIMARIA,Extendida,Distancia,DUITAMA,C.C.,2002-09-02,F,2,PERDIO CUPO A130/98 ART. 80 LIT. C,CERRITO,CERRITO,LIT. C,22
SEGUNDO SEMESTRE DE 2024,CIENCIAS DE LA EDUCACION,LICENCIATURA EN EDUCACIÓN BASICA PRIMARIA,Extendida,Distancia,DUITAMA,C.C.,1994-04-19,F,2,PERDIO CUPO A130/98 ART.80 LIT. E,BARRANQUILLA,DUITAMA,LIT. E,30
SEGUNDO SEMESTRE DE 2024,CIENCIAS DE LA EDUCACION,LICENCIATURA EN EDUCACIÓN BASICA PRIMARIA,Extendida,Distancia,DUITAMA,C.C.,2004-12-02,F,2,PERDIO CUPO A130/98 ART. 80 LIT. C,DUITAMA,DUITAMA,LIT. C,20
SEGUNDO SEMESTRE DE 2024,CIENCIAS DE LA EDUCACION,LICENCIATURA EN EDUCACIÓN BASICA PRIMARIA,Extendida,Distancia,DUITAMA,C.C.,2002-05-12,F,2,PERDIO CUPO A130/98 ART. 80 LIT. D,DUITAMA,DUITAMA,LIT. D,22
SEGUNDO SEMESTRE DE 2024,CIENCIAS DE LA EDUCACION,LICENCIATURA EN EDUCACIÓN BASICA PRIMARIA,Extendida,Distancia,DUITAMA,C.C.,1996-08-28,F,2,PERDIO CUPO A130/98 ART. 80 LIT. B,PAIPA,PAIPA,LIT. B,28
SEGUNDO SEMESTRE DE 2024,CIENCIAS DE LA EDUCACION,LICENCIATURA EN EDUCACIÓN BASICA PRIMARIA,Extendida,Distancia,CHIQUINQUIRA,C.C.,1999-10-28,F,2,PERDIO CUPO A130/98 ART. 80 LIT. C,CHIQUINQUIRÁ,BOGOTÁ D.C.,LIT. C,25
SEGUNDO SEMESTRE DE 2024,CIENCIAS DE LA SALUD,PSICOLOGIA,Diurna,Presencial,TUNJA,C.C.,2001-12-04,F,3,PERDIO CUPO A130/98 ART. 80 LIT. D,TUNJA,PAIPA,LIT. D,23
SEGUNDO SEMESTRE DE 2024,CIENCIAS DE LA SALUD,PSICOLOGIA,Diurna,Presencial,TUNJA,C.C.,1999-01-26,M,3,PERDIO CUPO A130/98 ART. 80 LIT. D,TUNJA,TUNJA,LIT. D,25
SEGUNDO SEMESTRE DE 2024,CIENCIAS ECONOMICAS Y ADMINISTRATIVAS,ECONOMIA,Diurna,Presencial,TUNJA,C.C.,2001-11-28,F,2,PERDIO CUPO A130/98 ART. 80 LIT. C,TUNJA,ARCABUCO,LIT. C,23
SEGUNDO SEMESTRE DE 2024,CIENCIAS ECONOMICAS Y ADMINISTRATIVAS,ECONOMIA,Diurna,Presencial,TUNJA,C.C.,1998-10-19,M,3,PERDIO CUPO A130/98 ART.80 LIT. E,DUITAMA,DUITAMA,LIT. E,26
SEGUNDO SEMESTRE DE 2024,CIENCIAS ECONOMICAS Y ADMINISTRATIVAS,ECONOMIA,Diurna,Presencial,TUNJA,C.C.,2003-06-27,M,4,PERDIO CUPO A130/98 ART. 80 LIT. D,TUNJA,TUNJA,LIT. D,21
SEGUNDO SEMESTRE DE 2024,CIENCIAS ECONOMICAS Y ADMINISTRATIVAS,ECONOMIA,Diurna,Presencial,TUNJA,C.C.,1998-06-28,M,3,PERDIO CUPO A130/98 ART.80 LIT. E,TUNJA,TUNJA,LIT. E,26
SEGUNDO SEMESTRE DE 2024,CIENCIAS ECONOMICAS Y ADMINISTRATIVAS,ECONOMIA,Nocturna,Presencial,TUNJA,C.C.,1998-07-17,M,2,PERDIO CUPO A130/98 ART. 80 LIT. B,TUNJA,TUNJA,LIT. B,26
SEGUNDO SEMESTRE DE 2024,CIENCIAS ECONOMICAS Y ADMINISTRATIVAS,ECONOMIA,Nocturna,Presencial,TUNJA,C.C.,1996-10-18,M,2,PERDIO CUPO A130/98 ART. 80 LIT. D,TUNJA,TUNJA,LIT. D,28
SEGUNDO SEMESTRE DE 2024,CIENCIAS ECONOMICAS Y ADMINISTRATIVAS,ECONOMIA,Nocturna,Presencial,TUNJA,C.C.,2001-10-16,M,1,PERDIO CUPO A130/98 ART. 80 LIT. B,UMBITA,MOTAVITA,LIT. B,23
SEGUNDO SEMESTRE DE 2024,CIENCIAS ECONOMICAS Y ADMINISTRATIVAS,ECONOMIA,Nocturna,Presencial,TUNJA,C.C.,1999-07-20,M,2,PERDIO CUPO A130/98 ART. 80 LIT. D,BOGOTÁ D.C.,DUITAMA,LIT. D,25
SEGUNDO SEMESTRE DE 2024,CIENCIAS ECONOMICAS Y ADMINISTRATIVAS,ADMINISTRACIÓN DE EMPRESAS,Diurna,Presencial,TUNJA,C.C.,2002-02-16,M,2,PERDIO CUPO A130/98 ART.80 LIT. E,SANTA ROSA DE VITERBO,TUNJA,LIT. E,22
SEGUNDO SEMESTRE DE 2024,CIENCIAS ECONOMICAS Y ADMINISTRATIVAS,ADMINISTRACIÓN DE EMPRESAS,Diurna,Presencial,TUNJA,C.C.,2001-05-11,M,2,PERDIO CUPO A130/98 ART. 80 LIT. D,TUNJA,TUNJA,LIT. D,23
SEGUNDO SEMESTRE DE 2024,CIENCIAS ECONOMICAS Y ADMINISTRATIVAS,ADMINISTRACIÓN DE EMPRESAS,Diurna,Presencial,TUNJA,C.C.,2005-02-04,M,2,PERDIO CUPO A130/98 ART. 80 LIT. B,DUITAMA,DUITAMA,LIT. B,19
SEGUNDO SEMESTRE DE 2024,CIENCIAS ECONOMICAS Y ADMINISTRATIVAS,ADMINISTRACIÓN DE EMPRESAS,Diurna,Presencial,TUNJA,C.C.,1989-07-20,M,3,PERDIO CUPO A130/98 ART.80 LIT. E,TUNJA,TUNJA,LIT. E,35
SEGUNDO SEMESTRE DE 2024,CIENCIAS ECONOMICAS Y ADMINISTRATIVAS,ADMINISTRACIÓN DE EMPRESAS,Nocturna,Presencial,TUNJA,T.I.,2007-01-24,M,2,PERDIO CUPO A130/98 ART. 80 LIT. B,TOCA,TOCA,LIT. B,17
SEGUNDO SEMESTRE DE 2024,CIENCIAS ECONOMICAS Y ADMINISTRATIVAS,ADMINISTRACIÓN DE EMPRESAS,Nocturna,Presencial,TUNJA,C.C.,1998-05-08,F,1,PERDIO CUPO A130/98 ART.80 LIT. E,YOPAL,TUNJA,LIT. E,26
SEGUNDO SEMESTRE DE 2024,CIENCIAS ECONOMICAS Y ADMINISTRATIVAS,ADMINISTRACIÓN DE EMPRESAS,Nocturna,Presencial,TUNJA,C.C.,1996-03-22,F,2,PERDIO CUPO A130/98 ART. 80 LIT. C,TUNJA,TUNJA,LIT. C,28
SEGUNDO SEMESTRE DE 2024,CIENCIAS ECONOMICAS Y ADMINISTRATIVAS,ADMINISTRACIÓN DE EMPRESAS,Nocturna,Presencial,TUNJA,C.C.,1992-09-03,M,1,PERDIO CUPO A130/98 ART. 80 LIT. C,MONIQUIRÁ,BARBOSA,LIT. C,32
SEGUNDO SEMESTRE DE 2024,CIENCIAS ECONOMICAS Y ADMINISTRATIVAS,ADMINISTRACIÓN DE EMPRESAS,Nocturna,Presencial,TUNJA,C.C.,1991-07-17,F,1,PERDIO CUPO A130/98 ART.80 LIT. E,BOGOTA D.E,BOGOTÁ D.C.,LIT. E,33
SEGUNDO SEMESTRE DE 2024,CIENCIAS ECONOMICAS Y ADMINISTRATIVAS,ADMINISTRACIÓN DE EMPRESAS,Nocturna,Presencial,TUNJA,C.C.,2002-11-12,M,2,PERDIO CUPO A130/98 ART.80 LIT. E,CHITA,SÁCAMA,LIT. E,22
SEGUNDO SEMESTRE DE 2024,CIENCIAS ECONOMICAS Y ADMINISTRATIVAS,ADMINISTRACIÓN DE EMPRESAS,Nocturna,Presencial,TUNJA,C.C.,1995-04-04,M,2,PERDIO CUPO A130/98 ART. 80 LIT. C,TUNJA,TUNJA,LIT. C,29
SEGUNDO SEMESTRE DE 2024,CIENCIAS ECONOMICAS Y ADMINISTRATIVAS,ADMINISTRACIÓN DE EMPRESAS,Nocturna,Presencial,TUNJA,C.C.,2000-08-25,M,3,PERDIO CUPO A130/98 ART. 80 LIT. C,FLORENCIA,NEIVA,LIT. C,24
SEGUNDO SEMESTRE DE 2024,CIENCIAS ECONOMICAS Y ADMINISTRATIVAS,ADMINISTRACIÓN DE EMPRESAS,Nocturna,Presencial,TUNJA,C.C.,1997-10-23,M,2,PERDIO CUPO A130/98 ART. 80 LIT. C,CHÍQUIZA,MOTAVITA,LIT. C,27
SEGUNDO SEMESTRE DE 2024,CIENCIAS ECONOMICAS Y ADMINISTRATIVAS,ADMINISTRACIÓN DE EMPRESAS,Nocturna,Presencial,TUNJA,C.C.,1990-01-25,F,3,PERDIO CUPO A130/98 ART.80 LIT. E,TUNJA,SORA,LIT. E,34
SEGUNDO SEMESTRE DE 2024,CIENCIAS ECONOMICAS Y ADMINISTRATIVAS,ADMINISTRACIÓN DE EMPRESAS,Nocturna,Presencial,TUNJA,C.C.,2003-07-03,F,1,PERDIO CUPO A130/98 ART.80 LIT. E,SOCOTÁ,SOCOTÁ,LIT. E,21
SEGUNDO SEMESTRE DE 2024,CIENCIAS ECONOMICAS Y ADMINISTRATIVAS,CONTADURIA PUBLICA,Nocturna,Presencial,TUNJA,C.C.,2000-01-13,M,3,PERDIO CUPO A130/98 ART. 80 LIT. B,BERBEO,BOGOTÁ D.C.,LIT. B,24
SEGUNDO SEMESTRE DE 2024,CIENCIAS ECONOMICAS Y ADMINISTRATIVAS,CONTADURIA PUBLICA,Nocturna,Presencial,TUNJA,C.C.,2000-10-13,M,2,PERDIO CUPO A130/98 ART.80 LIT. E,TUNJA,SOTAQUIRÁ,LIT. E,24
SEGUNDO SEMESTRE DE 2024,CIENCIAS ECONOMICAS Y ADMINISTRATIVAS,CONTADURIA PUBLICA,Nocturna,Presencial,TUNJA,C.C.,2002-09-24,M,1,PERDIO CUPO A130/98 ART. 80 LIT. C,TUNJA,TUNJA,LIT. C,22
SEGUNDO SEMESTRE DE 2024,CIENCIAS ECONOMICAS Y ADMINISTRATIVAS,CONTADURIA PUBLICA,Nocturna,Presencial,TUNJA,C.C.,2004-08-17,M,3,PERDIO CUPO A130/98 ART. 80 LIT. C,LA PALMA,TUNJA,LIT. C,20
SEGUNDO SEMESTRE DE 2024,DERECHO Y CIENCIAS  SOCIALES,DERECHO,Diurna,Presencial,TUNJA,C.C.,2002-05-30,M,2,PERDIO CUPO A130/98 ART. 80 LIT. C,CHITA,TUNJA,LIT. C,22
SEGUNDO SEMESTRE DE 2024,DERECHO Y CIENCIAS  SOCIALES,DERECHO,Diurna,Presencial,TUNJA,C.C.,2005-08-18,M,2,PERDIO CUPO A130/98 ART. 80 LIT. B,SOGAMOSO,SOGAMOSO,LIT. B,19
SEGUNDO SEMESTRE DE 2024,DERECHO Y CIENCIAS  SOCIALES,DERECHO,Extendida,Presencial,AGUAZUL,T.I.,2007-05-28,M,1,PERDIO CUPO A130/98 ART. 80 LIT. C,YOPAL,YOPAL,LIT. C,17
SEGUNDO SEMESTRE DE 2024,DERECHO Y CIENCIAS  SOCIALES,DERECHO,Extendida,Presencial,AGUAZUL,C.C.,1998-06-14,F,1,PERDIO CUPO A130/98 ART.80 LIT. E,YOPAL,AGUAZUL,LIT. E,26
SEGUNDO SEMESTRE DE 2024,ESTUDIOS A DISTANCIA,ESPECIALIZACION EN ALTA GERENCIA DE EMPRESAS,Otra,Virtual,TUNJA,C.C.,1984-06-27,F,,PERDIO CUPO A 052/2012  ART 15 LIT.A.,TUNJA,TUNJA,LIT. A,40
SEGUNDO SEMESTRE DE 2024,ESTUDIOS A DISTANCIA,ESPECIALIZACION EN DIDACTICA DE LA MATEMATICA PARA LA EDUCACION BASICA,Otra,Virtual,TUNJA,C.C.,1996-06-02,M,,PERDIO CUPO A 052/2012  ART 15 LIT.B.,SAN ANDRÉS,SAN ANDRÉS,LIT. B,28
SEGUNDO SEMESTRE DE 2024,ESTUDIOS A DISTANCIA,TECNOLOGIA EN OBRAS CIVILES,Otra,Distancia,TUNJA,C.C.,1995-07-24,M,2,PERDIO CUPO A130/98 ART. 80 LIT. D,CÓMBITA,CÓMBITA,LIT. D,29
SEGUNDO SEMESTRE DE 2024,ESTUDIOS A DISTANCIA,TECNOLOGIA EN OBRAS CIVILES,Otra,Distancia,TUNJA,C.C.,1992-11-15,M,3,PERDIO CUPO A130/98 ART.80 LIT. E,TUNJA,TUNJA,LIT. E,32
SEGUNDO SEMESTRE DE 2024,ESTUDIOS A DISTANCIA,TECNOLOGIA EN OBRAS CIVILES,Otra,Distancia,TUNJA,C.C.,2004-05-19,M,1,PERDIO CUPO A130/98 ART. 80 LIT. B,TUNJA,TUNJA,LIT. B,20
SEGUNDO SEMESTRE DE 2024,ESTUDIOS A DISTANCIA,TECNOLOGIA EN OBRAS CIVILES,Otra,Distancia,TUNJA,C.C.,2000-06-12,M,2,PERDIO CUPO A130/98 ART. 80 LIT. C,TUNJA,TUNJA,LIT. C,24
SEGUNDO SEMESTRE DE 2024,ESTUDIOS A DISTANCIA,TECNOLOGIA EN OBRAS CIVILES,Otra,Distancia,TUNJA,C.C.,2000-09-03,M,1,PERDIO CUPO A130/98 ART.80 LIT. E,TUNJA,TUNJA,LIT. E,24
SEGUNDO SEMESTRE DE 2024,ESTUDIOS A DISTANCIA,TECNOLOGIA EN OBRAS CIVILES,Otra,Distancia,TUNJA,T.I.,2006-07-05,F,1,PERDIO CUPO A130/98 ART. 80 LIT. C,TUNJA,TUNJA,LIT. C,18
SEGUNDO SEMESTRE DE 2024,ESTUDIOS A DISTANCIA,TECNOLOGIA EN OBRAS CIVILES,Otra,Distancia,TUNJA,C.C.,2004-02-22,M,1,PERDIO CUPO A130/98 ART. 80 LIT. C,GARAGOA,GARAGOA,LIT. C,20
SEGUNDO SEMESTRE DE 2024,ESTUDIOS A DISTANCIA,TECNOLOGIA EN OBRAS CIVILES,Otra,Distancia,TUNJA,C.C.,2000-12-26,M,3,PERDIO CUPO A130/98 ART. 80 LIT. D,MOSQUERA,TUNJA,LIT. D,24
SEGUNDO SEMESTRE DE 2024,ESTUDIOS A DISTANCIA,TECNOLOGIA EN OBRAS CIVILES,Otra,Distancia,TUNJA,C.C.,2001-01-23,F,2,PERDIO CUPO A130/98 ART. 80 LIT. B,LA MESA,CIÉNEGA,LIT. B,23
SEGUNDO SEMESTRE DE 2024,ESTUDIOS A DISTANCIA,TECNOLOGIA EN OBRAS CIVILES,Otra,Distancia,TUNJA,C.C.,2001-03-10,M,2,PERDIO CUPO A130/98 ART.80 LIT. E,SAMACÁ,SAMACÁ,LIT. E,23
SEGUNDO SEMESTRE DE 2024,ESTUDIOS A DISTANCIA,TECNOLOGIA EN OBRAS CIVILES,Otra,Distancia,TUNJA,C.C.,2003-12-06,M,3,PERDIO CUPO A130/98 ART.80 LIT. E,TUNJA,VILLA DE LEYVA,LIT. E,21
SEGUNDO SEMESTRE DE 2024,ESTUDIOS A DISTANCIA,TECNOLOGIA EN OBRAS CIVILES,Otra,Distancia,SOGAMOSO,C.C.,1997-09-09,F,2,PERDIO CUPO A130/98 ART.80 LIT. E,SOGAMOSO,SOGAMOSO,LIT. E,27
SEGUNDO SEMESTRE DE 2024,ESTUDIOS A DISTANCIA,TECNOLOGIA EN OBRAS CIVILES,Otra,Distancia,SOGAMOSO,C.C.,2004-04-07,M,2,PERDIO CUPO A130/98 ART. 80 LIT. C,SOGAMOSO,SOGAMOSO,LIT. C,20
SEGUNDO SEMESTRE DE 2024,ESTUDIOS A DISTANCIA,TECNOLOGIA EN OBRAS CIVILES,Otra,Distancia,CHISCAS,C.C.,1984-05-02,M,2,PERDIO CUPO A130/98 ART.80 LIT. E,EL ESPINO,EL ESPINO,LIT. E,40
SEGUNDO SEMESTRE DE 2024,ESTUDIOS A DISTANCIA,TECNOLOGIA EN OBRAS CIVILES,Otra,Distancia,YOPAL,C.C.,1994-03-05,F,2,PERDIO CUPO A130/98 ART.80 LIT. E,BOGOTÁ D.C.,TAME,LIT. E,30
SEGUNDO SEMESTRE DE 2024,ESTUDIOS A DISTANCIA,TECNOLOGIA EN OBRAS CIVILES,Otra,Distancia,CHIQUINQUIRA,T.I.,2005-12-08,M,2,PERDIO CUPO A130/98 ART. 80 LIT. B,CHIQUINQUIRÁ,CHIQUINQUIRÁ,LIT. B,19
SEGUNDO SEMESTRE DE 2024,ESTUDIOS A DISTANCIA,TECNOLOGIA EN OBRAS CIVILES,Otra,Distancia,CHIQUINQUIRA,C.C.,1976-04-09,M,1,PERDIO CUPO A130/98 ART. 80 LIT. B,PIEDRAS,BOGOTÁ D.C.,LIT. B,48
SEGUNDO SEMESTRE DE 2024,ESTUDIOS A DISTANCIA,TECNOLOGIA EN OBRAS CIVILES,Otra,Distancia,AGUAZUL,C.C.,2004-07-17,M,2,PERDIO CUPO A130/98 ART. 80 LIT. B,TAURAMENA,TAURAMENA,LIT. B,20
SEGUNDO SEMESTRE DE 2024,ESTUDIOS A DISTANCIA,TECNOLOGIA EN OBRAS CIVILES,Otra,Distancia,AGUAZUL,C.C.,2004-06-16,M,1,PERDIO CUPO A130/98 ART. 80 LIT. B,VILLANUEVA,MONTERREY,LIT. B,20
SEGUNDO SEMESTRE DE 2024,ESTUDIOS A DISTANCIA,TECNOLOGIA EN OBRAS CIVILES,Otra,Distancia,AGUAZUL,C.C.,2003-01-14,F,3,PERDIO CUPO A130/98 ART. 80 LIT. B,AGUAZUL,AGUAZUL,LIT. B,21
SEGUNDO SEMESTRE DE 2024,ESTUDIOS A DISTANCIA,TECNOLOGIA EN OBRAS CIVILES,Otra,Distancia,AGUAZUL,C.C.,2001-10-28,M,2,PERDIO CUPO A130/98 ART. 80 LIT. C,CÚCUTA,AGUAZUL,LIT. C,23
SEGUNDO SEMESTRE DE 2024,ESTUDIOS A DISTANCIA,TECNOLOGIA EN OBRAS CIVILES,Otra,Distancia,DUITAMA,C.C.,1985-01-09,M,2,PERDIO CUPO A130/98 ART.80 LIT. E,DUITAMA,DUITAMA,LIT. E,39
SEGUNDO SEMESTRE DE 2024,ESTUDIOS A DISTANCIA,TECNOLOGIA EN REGENCIA DE FARMACIA,Otra,Distancia,TUNJA,C.C.,1998-03-17,F,2,PERDIO CUPO A130/98 ART. 80 LIT. C,TUNJA,TUNJA,LIT. C,26
SEGUNDO SEMESTRE DE 2024,ESTUDIOS A DISTANCIA,TECNOLOGIA EN REGENCIA DE FARMACIA,Otra,Distancia,TUNJA,C.C.,2001-09-17,F,3,PERDIO CUPO A130/98 ART.80 LIT. E,TUNJA,TUNJA,LIT. E,23
SEGUNDO SEMESTRE DE 2024,ESTUDIOS A DISTANCIA,TECNOLOGIA EN REGENCIA DE FARMACIA,Otra,Distancia,TUNJA,C.C.,1996-02-10,F,1,PERDIO CUPO A130/98 ART.80 LIT. E,TUNJA,TUNJA,LIT. E,28
SEGUNDO SEMESTRE DE 2024,ESTUDIOS A DISTANCIA,TECNOLOGIA EN REGENCIA DE FARMACIA,Otra,Distancia,DUITAMA,C.C.,2000-09-15,F,3,PERDIO CUPO A130/98 ART. 80 LIT. C,PAIPA,VILLAVICENCIO,LIT. C,24
SEGUNDO SEMESTRE DE 2024,ESTUDIOS A DISTANCIA,TECNOLOGIA EN REGENCIA DE FARMACIA,Otra,Distancia,DUITAMA,C.C.,1997-10-26,F,2,PERDIO CUPO A130/98 ART. 80 LIT. D,BELÉN,BELÉN,LIT. D,27
SEGUNDO SEMESTRE DE 2024,ESTUDIOS A DISTANCIA,TECNOLOGIA EN REGENCIA DE FARMACIA,Otra,Distancia,DUITAMA,C.C.,2002-09-24,M,2,PERDIO CUPO A130/98 ART. 80 LIT. B,CHIQUINQUIRÁ,CHIQUINQUIRÁ,LIT. B,22
SEGUNDO SEMESTRE DE 2024,ESTUDIOS A DISTANCIA,TECNOLOGIA EN REGENCIA DE FARMACIA,Otra,Distancia,DUITAMA,C.C.,1995-07-28,F,1,PERDIO CUPO A130/98 ART.80 LIT. E,SOATÁ,SOATÁ,LIT. E,29
SEGUNDO SEMESTRE DE 2024,ESTUDIOS A DISTANCIA,TECNOLOGIA EN REGENCIA DE FARMACIA,Otra,Distancia,SOGAMOSO,T.I.,2001-10-11,F,3,PERDIO CUPO A130/98 ART.80 LIT. E,SOGAMOSO,SOGAMOSO,LIT. E,23
SEGUNDO SEMESTRE DE 2024,ESTUDIOS A DISTANCIA,TECNOLOGIA EN OBRAS CIVILES,Otra,Distancia,SANTA FE DE BOGOTA,C.C.,1991-05-18,M,1,PERDIO CUPO A130/98 ART. 80 LIT. C,PUERTO RICO,BOGOTÁ D.C.,LIT. C,33
SEGUNDO SEMESTRE DE 2024,ESTUDIOS A DISTANCIA,TECNOLOGIA EN ELECTRICIDAD,Otra,Distancia,SANTA FE DE BOGOTA,C.C.,1989-07-15,M,1,PERDIO CUPO A130/98 ART.80 LIT. E,VILLAVICENCIO,ACACÍAS,LIT. E,35
SEGUNDO SEMESTRE DE 2024,ESTUDIOS A DISTANCIA,TECNICA PROFESIONAL EN PROCESOS AGROINDUSTRIALES,Otra,Virtual,TUNJA,C.C.,1994-02-17,M,2,PERDIO CUPO A130/98 ART. 80 LIT. C,TUNJA,SIACHOQUE,LIT. C,30
SEGUNDO SEMESTRE DE 2024,ESTUDIOS A DISTANCIA,TECNICA PROFESIONAL EN PROCESOS AGROINDUSTRIALES,Otra,Virtual,TUNJA,C.C.,1991-07-26,M,1,PERDIO CUPO A130/98 ART. 80 LIT. C,VILLA DE LEYVA,VILLA DE LEYVA,LIT. C,33
SEGUNDO SEMESTRE DE 2024,ESTUDIOS A DISTANCIA,TECNICA PROFESIONAL EN PROCESOS AGROINDUSTRIALES,Otra,Virtual,TUNJA,C.C.,2002-11-11,M,3,PERDIO CUPO A130/98 ART. 80 LIT. B,CHIQUINQUIRÁ,CHIQUINQUIRÁ,LIT. B,22
SEGUNDO SEMESTRE DE 2024,ESTUDIOS A DISTANCIA,TECNICA PROFESIONAL EN PROCESOS AGROINDUSTRIALES,Otra,Virtual,TUNJA,C.C.,2002-02-01,F,2,PERDIO CUPO A130/98 ART. 80 LIT. B,TUNJA,VENTAQUEMADA,LIT. B,22
SEGUNDO SEMESTRE DE 2024,ESTUDIOS A DISTANCIA,TECNICA PROFESIONAL EN PROCESOS AGROINDUSTRIALES,Otra,Virtual,TUNJA,C.C.,2004-08-11,F,2,PERDIO CUPO A130/98 ART. 80 LIT. B,SOGAMOSO,SOGAMOSO,LIT. B,20
SEGUNDO SEMESTRE DE 2024,ESTUDIOS A DISTANCIA,TECNICA PROFESIONAL EN PROCESOS AGROINDUSTRIALES,Otra,Virtual,GARAGOA,C.C.,2001-01-11,F,1,PERDIO CUPO A130/98 ART. 80 LIT. B,GARAGOA,GARAGOA,LIT. B,23
SEGUNDO SEMESTRE DE 2024,ESTUDIOS A DISTANCIA,TECNICA PROFESIONAL EN PROCESOS AGROINDUSTRIALES,Otra,Virtual,DUITAMA,C.C.,1984-04-14,F,1,PERDIO CUPO A130/98 ART.80 LIT. E,TOCA,BOGOTA D.E,LIT. E,40
SEGUNDO SEMESTRE DE 2024,ESTUDIOS A DISTANCIA,TECNICA PROFESIONAL EN PROCESOS ADMINISTRATIVOS DE SALUD,Otra,Virtual,RONDON,C.C.,2003-02-02,F,1,PERDIO CUPO A130/98 ART. 80 LIT. C,EL BANCO,EL BANCO,LIT. C,21
SEGUNDO SEMESTRE DE 2024,ESTUDIOS A DISTANCIA,TECNICA PROFESIONAL EN PROCESOS ADMINISTRATIVOS DE SALUD,Otra,Virtual,RONDON,C.C.,2000-02-08,F,1,PERDIO CUPO A130/98 ART.80 LIT. E,SANTA MARTA,SANTA MARTA,LIT. E,24
SEGUNDO SEMESTRE DE 2024,ESTUDIOS A DISTANCIA,TECNICA PROFESIONAL EN PROCESOS ADMINISTRATIVOS DE SALUD,Otra,Virtual,RONDON,C.C.,2004-05-14,F,1,PERDIO CUPO A130/98 ART. 80 LIT. C,EL BANCO,EL BANCO,LIT. C,20
SEGUNDO SEMESTRE DE 2024,ESTUDIOS A DISTANCIA,TECNOLOGIA DE PROGRAMACIÓN DE SISTEMAS INFORMATICOS,Otra,Distancia,TUNJA,T.I.,2005-12-19,M,2,PERDIO CUPO A130/98 ART. 80 LIT. B,TUNJA,TUNJA,LIT. B,19
SEGUNDO SEMESTRE DE 2024,ESTUDIOS A DISTANCIA,TECNOLOGIA DE PROGRAMACIÓN DE SISTEMAS INFORMATICOS,Otra,Distancia,TUNJA,C.C.,1996-08-13,M,3,PERDIO CUPO A130/98 ART. 80 LIT. C,TUNJA,TUNJA,LIT. C,28
SEGUNDO SEMESTRE DE 2024,ESTUDIOS A DISTANCIA,TECNOLOGIA DE PROGRAMACIÓN DE SISTEMAS INFORMATICOS,Otra,Distancia,TUNJA,C.C.,2004-07-18,M,1,PERDIO CUPO A130/98 ART. 80 LIT. C,SIACHOQUE,TUNJA,LIT. C,20
SEGUNDO SEMESTRE DE 2024,ESTUDIOS A DISTANCIA,TECNOLOGIA DE PROGRAMACIÓN DE SISTEMAS INFORMATICOS,Otra,Distancia,TUNJA,C.C.,2005-03-20,M,2,PERDIO CUPO A130/98 ART. 80 LIT. B,TUNJA,TUNJA,LIT. B,19
SEGUNDO SEMESTRE DE 2024,ESTUDIOS A DISTANCIA,TECNOLOGIA DE PROGRAMACIÓN DE SISTEMAS INFORMATICOS,Otra,Distancia,TUNJA,C.C.,1994-02-17,M,1,PERDIO CUPO A130/98 ART. 80 LIT. B,TUNJA,TUNJA,LIT. B,30
SEGUNDO SEMESTRE DE 2024,ESTUDIOS A DISTANCIA,TECNOLOGIA DE PROGRAMACIÓN DE SISTEMAS INFORMATICOS,Otra,Distancia,TUNJA,C.C.,2003-01-26,M,2,PERDIO CUPO A130/98 ART. 80 LIT. C,BOGOTÁ D.C.,TUNJA,LIT. C,21
SEGUNDO SEMESTRE DE 2024,ESTUDIOS A DISTANCIA,TECNOLOGIA DE PROGRAMACIÓN DE SISTEMAS INFORMATICOS,Otra,Distancia,TUNJA,T.I.,2007-03-05,M,2,PERDIO CUPO A130/98 ART. 80 LIT. B,BOGOTÁ D.C.,BOGOTÁ D.C.,LIT. B,17
SEGUNDO SEMESTRE DE 2024,ESTUDIOS A DISTANCIA,TECNOLOGIA DE PROGRAMACIÓN DE SISTEMAS INFORMATICOS,Otra,Distancia,TUNJA,C.C.,1999-04-10,M,3,PERDIO CUPO A130/98 ART. 80 LIT. D,BOGOTÁ D.C.,BOGOTÁ D.C.,LIT. D,25
SEGUNDO SEMESTRE DE 2024,ESTUDIOS A DISTANCIA,TECNOLOGIA DE PROGRAMACIÓN DE SISTEMAS INFORMATICOS,Otra,Distancia,TUNJA,C.C.,1996-03-13,M,2,PERDIO CUPO A130/98 ART.80 LIT. E,BARBOSA,BARBOSA,LIT. E,28
SEGUNDO SEMESTRE DE 2024,ESTUDIOS A DISTANCIA,TECNOLOGIA DE PROGRAMACIÓN DE SISTEMAS INFORMATICOS,Otra,Distancia,TUNJA,C.C.,1984-05-23,M,1,PERDIO CUPO A130/98 ART.80 LIT. E,DUITAMA,PAIPA,LIT. E,40
SEGUNDO SEMESTRE DE 2024,ESTUDIOS A DISTANCIA,TECNOLOGIA DE PROGRAMACIÓN DE SISTEMAS INFORMATICOS,Otra,Distancia,SOGAMOSO,C.C.,2005-08-24,M,2,PERDIO CUPO A130/98 ART. 80 LIT. C,DUITAMA,DUITAMA,LIT. C,19
SEGUNDO SEMESTRE DE 2024,ESTUDIOS A DISTANCIA,TECNOLOGIA DE PROGRAMACIÓN DE SISTEMAS INFORMATICOS,Otra,Distancia,SOGAMOSO,C.C.,2004-08-22,M,2,PERDIO CUPO A130/98 ART. 80 LIT. B,DUITAMA,PAIPA,LIT. B,20
SEGUNDO SEMESTRE DE 2024,ESTUDIOS A DISTANCIA,TECNOLOGIA DE PROGRAMACIÓN DE SISTEMAS INFORMATICOS,Otra,Distancia,SOGAMOSO,C.C.,2002-10-20,M,2,PERDIO CUPO A130/98 ART. 80 LIT. B,CAJAMARCA,TASCO,LIT. B,22
SEGUNDO SEMESTRE DE 2024,ESTUDIOS A DISTANCIA,TECNICA PROFESIONAL EN INSTALACION Y MANTENIMIENTO DE REDES Y COMPUTADORES,Otra,Distancia,TUNJA,T.I.,2006-08-01,F,2,PERDIO CUPO A130/98 ART. 80 LIT. C,GUATEQUE,GUATEQUE,LIT. C,18
SEGUNDO SEMESTRE DE 2024,ESTUDIOS A DISTANCIA,TECNICA PROFESIONAL EN INSTALACION Y MANTENIMIENTO DE REDES Y COMPUTADORES,Otra,Distancia,TUNJA,C.C.,2004-04-15,M,2,PERDIO CUPO A130/98 ART. 80 LIT. C,VILLA DE LEYVA,VILLA DE LEYVA,LIT. C,20
SEGUNDO SEMESTRE DE 2024,ESTUDIOS A DISTANCIA,TECNICA PROFESIONAL EN INSTALACION Y MANTENIMIENTO DE REDES Y COMPUTADORES,Otra,Distancia,TUNJA,C.C.,2005-12-30,M,2,PERDIO CUPO A130/98 ART. 80 LIT. B,TUNJA,TUNJA,LIT. B,19
SEGUNDO SEMESTRE DE 2024,ESTUDIOS A DISTANCIA,TECNICA PROFESIONAL EN INSTALACION Y MANTENIMIENTO DE REDES Y COMPUTADORES,Otra,Distancia,TUNJA,T.I.,2007-01-16,M,1,PERDIO CUPO A130/98 ART. 80 LIT. C,YOPAL,YOPAL,LIT. C,17
SEGUNDO SEMESTRE DE 2024,ESTUDIOS A DISTANCIA,TECNICA PROFESIONAL EN PROCESOS ADMINISTRATIVOS DE SALUD,Otra,Virtual,TUNJA,C.C.,1998-12-17,M,2,PERDIO CUPO A130/98 ART.80 LIT. E,TUNJA,TUNJA,LIT. E,26
SEGUNDO SEMESTRE DE 2024,ESTUDIOS A DISTANCIA,TECNICA PROFESIONAL EN PROCESOS ADMINISTRATIVOS DE SALUD,Otra,Virtual,TUNJA,C.C.,1990-04-13,F,2,PERDIO CUPO A130/98 ART. 80 LIT. B,TUNJA,TUNJA,LIT. B,34
SEGUNDO SEMESTRE DE 2024,ESTUDIOS A DISTANCIA,TECNICA PROFESIONAL EN PROCESOS ADMINISTRATIVOS DE SALUD,Otra,Virtual,TUNJA,C.C.,1999-11-09,F,2,PERDIO CUPO A130/98 ART. 80 LIT. D,TUNJA,TUNJA,LIT. D,25
SEGUNDO SEMESTRE DE 2024,ESTUDIOS A DISTANCIA,TECNICA PROFESIONAL EN PROCESOS ADMINISTRATIVOS DE SALUD,Otra,Virtual,TUNJA,C.C.,1998-04-02,F,2,PERDIO CUPO A130/98 ART.80 LIT. E,TUNJA,SORACÁ,LIT. E,26
SEGUNDO SEMESTRE DE 2024,ESTUDIOS A DISTANCIA,TECNICA PROFESIONAL EN PROCESOS ADMINISTRATIVOS DE SALUD,Otra,Virtual,TUNJA,C.C.,1990-07-05,F,2,PERDIO CUPO A130/98 ART. 80 LIT. D,BOGOTÁ D.C.,VÉLEZ,LIT. D,34
SEGUNDO SEMESTRE DE 2024,ESTUDIOS A DISTANCIA,TECNICA PROFESIONAL EN PROCESOS ADMINISTRATIVOS DE SALUD,Otra,Virtual,TUNJA,C.C.,2003-05-03,F,2,PERDIO CUPO A130/98 ART. 80 LIT. B,RAMIRIQUÍ,RAMIRIQUÍ,LIT. B,21
SEGUNDO SEMESTRE DE 2024,ESTUDIOS A DISTANCIA,TECNOLOGIA EN GESTIÓN ADMINISTRATIVA DE SERVICIOS DE SALUD,Otra,Virtual,TUNJA,C.C.,2001-10-15,F,1,PERDIO CUPO A130/98 ART.80 LIT. E,SÁCHICA,SÁCHICA,LIT. E,23
SEGUNDO SEMESTRE DE 2024,ESTUDIOS A DISTANCIA,TECNICA PROFESIONAL EN PROCESOS COMERCIALES Y FINANCIEROS,Otra,Virtual,TUNJA,C.C.,2005-10-22,F,2,PERDIO CUPO A130/98 ART. 80 LIT. B,TUNJA,TUNJA,LIT. B,19
SEGUNDO SEMESTRE DE 2024,ESTUDIOS A DISTANCIA,TECNICA PROFESIONAL EN PROCESOS COMERCIALES Y FINANCIEROS,Otra,Virtual,TUNJA,C.C.,1975-12-25,M,2,PERDIO CUPO A130/98 ART. 80 LIT. C,TUNJA,TUNJA,LIT. C,49
SEGUNDO SEMESTRE DE 2024,ESTUDIOS A DISTANCIA,TECNICA PROFESIONAL EN PROCESOS COMERCIALES Y FINANCIEROS,Otra,Virtual,TUNJA,C.C.,1999-07-15,M,2,PERDIO CUPO A130/98 ART. 80 LIT. B,TUNJA,TUNJA,LIT. B,25
SEGUNDO SEMESTRE DE 2024,ESTUDIOS A DISTANCIA,TECNICA PROFESIONAL EN PROCESOS COMERCIALES Y FINANCIEROS,Otra,Virtual,TUNJA,T.I.,2005-08-23,F,,PERDIO CUPO A130/98 ART. 80 LIT. C,RAMIRIQUÍ,TUNJA,LIT. C,19
SEGUNDO SEMESTRE DE 2024,ESTUDIOS A DISTANCIA,TECNICA PROFESIONAL EN PROCESOS COMERCIALES Y FINANCIEROS,Otra,Virtual,TUNJA,T.I.,2006-09-05,F,2,PERDIO CUPO A130/98 ART. 80 LIT. B,FACATATIVÁ,RÁQUIRA,LIT. B,18
SEGUNDO SEMESTRE DE 2024,ESTUDIOS A DISTANCIA,TECNICA PROFESIONAL EN PROCESOS COMERCIALES Y FINANCIEROS,Otra,Virtual,TUNJA,T.I.,2006-01-12,F,2,PERDIO CUPO A130/98 ART. 80 LIT. C,FLANDES,BOGOTÁ D.C.,LIT. C,18
SEGUNDO SEMESTRE DE 2024,ESTUDIOS A DISTANCIA,TECNICA PROFESIONAL EN PROCESOS COMERCIALES Y FINANCIEROS,Otra,Virtual,TUNJA,T.I.,2006-10-07,F,2,PERDIO CUPO A130/98 ART. 80 LIT. B,GAMBITA,GAMBITA,LIT. B,18
SEGUNDO SEMESTRE DE 2024,ESTUDIOS A DISTANCIA,TECNICA PROFESIONAL EN PROCESOS COMERCIALES Y FINANCIEROS,Otra,Virtual,TUNJA,C.C.,2005-01-18,F,2,PERDIO CUPO A130/98 ART. 80 LIT. B,VENTAQUEMADA,VENTAQUEMADA,LIT. B,19
SEGUNDO SEMESTRE DE 2024,ESTUDIOS A DISTANCIA,TECNICA PROFESIONAL EN PROCESOS COMERCIALES Y FINANCIEROS,Otra,Virtual,TUNJA,C.C.,2005-03-23,F,2,PERDIO CUPO A130/98 ART. 80 LIT. C,LETICIA,LETICIA,LIT. C,19
SEGUNDO SEMESTRE DE 2024,ESTUDIOS A DISTANCIA,TECNICA PROFESIONAL EN PROCESOS COMERCIALES Y FINANCIEROS,Otra,Virtual,TUNJA,C.C.,2001-11-03,F,2,PERDIO CUPO A130/98 ART. 80 LIT. B,TUNJA,VENTAQUEMADA,LIT. B,23
SEGUNDO SEMESTRE DE 2024,ESTUDIOS A DISTANCIA,TECNOLOGIA EN GESTIÓN COMERCIAL Y FINANCIERA,Otra,Virtual,TUNJA,C.C.,1990-10-15,F,3,PERDIO CUPO A130/98 ART.80 LIT. E,SORA,SORA,LIT. E,34
SEGUNDO SEMESTRE DE 2024,ESTUDIOS A DISTANCIA,TECNOLOGIA EN GESTIÓN COMERCIAL Y FINANCIERA,Otra,Virtual,TUNJA,C.C.,1999-02-08,M,1,PERDIO CUPO A130/98 ART.80 LIT. E,TUNJA,TOCA,LIT. E,25
SEGUNDO SEMESTRE DE 2024,ESTUDIOS A DISTANCIA,ADMINISTRACIÓN COMERCIAL Y FINANCIERA,Otra,Virtual,TUNJA,C.C.,1999-10-23,F,2,PERDIO CUPO A130/98 ART.80 LIT. E,GARAGOA,MACANAL,LIT. E,25
SEGUNDO SEMESTRE DE 2024,ESTUDIOS A DISTANCIA,TECNICA PROFESIONAL EN PROCESOS ADMINISTRATIVOS DE SALUD,Otra,Virtual,BARRANCABERMEJA,C.C.,1996-12-23,F,1,PERDIO CUPO A130/98 ART. 80 LIT. C,PLATO,ARIGUANÍ,LIT. C,28
SEGUNDO SEMESTRE DE 2024,ESTUDIOS A DISTANCIA,TECNICA PROFESIONAL EN PROCESOS ADMINISTRATIVOS DE SALUD,Otra,Virtual,SOGAMOSO,C.C.,2001-03-27,F,2,PERDIO CUPO A130/98 ART. 80 LIT. B,BOGOTÁ D.C.,BOGOTÁ D.C.,LIT. B,23
SEGUNDO SEMESTRE DE 2024,ESTUDIOS A DISTANCIA,TECNICA PROFESIONAL EN PROCESOS ADMINISTRATIVOS DE SALUD,Otra,Virtual,DUITAMA,C.C.,1996-03-02,F,2,PERDIO CUPO A130/98 ART.80 LIT. E,PAIPA,PAIPA,LIT. E,28
SEGUNDO SEMESTRE DE 2024,ESTUDIOS A DISTANCIA,TECNOLOGIA EN GESTIÓN ADMINISTRATIVA DE SERVICIOS DE SALUD,Otra,Virtual,DUITAMA,C.C.,1984-10-11,F,1,PERDIO CUPO A130/98 ART. 80 LIT. D,MACANAL,MACANAL,LIT. D,40
SEGUNDO SEMESTRE DE 2024,ESTUDIOS A DISTANCIA,TECNICA PROFESIONAL EN PROCESOS ADMINISTRATIVOS DE SALUD,Otra,Virtual,CHIQUINQUIRA,C.C.,2000-07-07,F,1,PERDIO CUPO A130/98 ART.80 LIT. E,EL BANCO,EL BANCO,LIT. E,24
SEGUNDO SEMESTRE DE 2024,ESTUDIOS A DISTANCIA,TECNICA PROFESIONAL EN PROCESOS ADMINISTRATIVOS DE SALUD,Otra,Virtual,CHIQUINQUIRA,C.C.,2003-06-23,F,1,PERDIO CUPO A130/98 ART.80 LIT. E,CIÉNAGA,CIÉNAGA,LIT. E,21
SEGUNDO SEMESTRE DE 2024,ESTUDIOS A DISTANCIA,TECNICA PROFESIONAL EN PROCESOS ADMINISTRATIVOS DE SALUD,Otra,Virtual,CHIQUINQUIRA,C.C.,1997-07-22,F,2,PERDIO CUPO A130/98 ART.80 LIT. E,SANTA MARTA,SANTA MARTA,LIT. E,27
SEGUNDO SEMESTRE DE 2024,ESTUDIOS A DISTANCIA,TECNICA PROFESIONAL EN PROCESOS ADMINISTRATIVOS DE SALUD,Otra,Virtual,SANTA FE DE BOGOTA,C.C.,1986-02-17,M,2,PERDIO CUPO A130/98 ART.80 LIT. E,SANTA MARTA,MADRID,LIT. E,38
SEGUNDO SEMESTRE DE 2024,ESTUDIOS A DISTANCIA,TECNICA PROFESIONAL EN PROCESOS ADMINISTRATIVOS DE SALUD,Otra,Virtual,GARAGOA,C.C.,2001-10-12,F,1,PERDIO CUPO A130/98 ART.80 LIT. E,CIÉNAGA,CIÉNAGA,LIT. E,23
SEGUNDO SEMESTRE DE 2024,ESTUDIOS A DISTANCIA,TECNICA PROFESIONAL EN PROCESOS ADMINISTRATIVOS DE SALUD,Otra,Virtual,RIONEGRO,C.C.,1995-05-19,F,1,PERDIO CUPO A130/98 ART. 80 LIT. D,FUNDACIÓN,EL COPEY,LIT. D,29
SEGUNDO SEMESTRE DE 2024,ESTUDIOS A DISTANCIA,TECNICA PROFESIONAL EN PROCESOS ADMINISTRATIVOS DE SALUD,Otra,Virtual,SOATA,C.C.,2000-04-26,F,2,PERDIO CUPO A130/98 ART. 80 LIT. C,CONCORDIA,CONCORDIA,LIT. C,24
SEGUNDO SEMESTRE DE 2024,ESTUDIOS A DISTANCIA,TECNICA PROFESIONAL EN PROCESOS ADMINISTRATIVOS DE SALUD,Otra,Virtual,SOATA,C.C.,1992-01-24,F,1,PERDIO CUPO A130/98 ART.80 LIT. E,ARACATACA,ARACATACA,LIT. E,32
SEGUNDO SEMESTRE DE 2024,ESTUDIOS A DISTANCIA,TECNICA PROFESIONAL EN PROCESOS ADMINISTRATIVOS DE SALUD,Otra,Virtual,YOPAL,C.C.,1994-08-08,F,1,PERDIO CUPO A130/98 ART.80 LIT. E,YOPAL,YOPAL,LIT. E,30
SEGUNDO SEMESTRE DE 2024,ESTUDIOS A DISTANCIA,TECNOLOGIA EN GESTIÓN ADMINISTRATIVA DE SERVICIOS DE SALUD,Otra,Virtual,SANTA FE DE BOGOTA,C.C.,1989-09-25,F,1,PERDIO CUPO A130/98 ART. 80 LIT. D,CHIQUINQUIRÁ,CHIQUINQUIRÁ,LIT. D,35
SEGUNDO SEMESTRE DE 2024,ESTUDIOS A DISTANCIA,TECNICA PROFESIONAL EN PROCESOS COMERCIALES Y FINANCIEROS,Otra,Virtual,GARAGOA,C.C.,2000-04-04,F,2,PERDIO CUPO A130/98 ART.80 LIT. E,GARAGOA,GARAGOA,LIT. E,24
SEGUNDO SEMESTRE DE 2024,ESTUDIOS A DISTANCIA,TECNICA PROFESIONAL EN PROCESOS COMERCIALES Y FINANCIEROS,Otra,Virtual,GARAGOA,C.C.,2004-09-26,F,2,PERDIO CUPO A130/98 ART. 80 LIT. B,GARAGOA,GARAGOA,LIT. B,20
SEGUNDO SEMESTRE DE 2024,ESTUDIOS A DISTANCIA,TECNICA PROFESIONAL EN PROCESOS COMERCIALES Y FINANCIEROS,Otra,Virtual,SANTA FE DE BOGOTA,C.C.,1987-06-12,F,1,PERDIO CUPO A130/98 ART.80 LIT. E,BOGOTÁ D.C.,BOGOTA D.E,LIT. E,37
SEGUNDO SEMESTRE DE 2024,ESTUDIOS A DISTANCIA,TECNICA PROFESIONAL EN PROCESOS COMERCIALES Y FINANCIEROS,Otra,Virtual,DUITAMA,C.C.,2004-11-06,F,2,PERDIO CUPO A130/98 ART. 80 LIT. B,SANTA ROSA DE VITERBO,PAZ DE ARIPORO,LIT. B,20
SEGUNDO SEMESTRE DE 2024,ESTUDIOS A DISTANCIA,TECNICA PROFESIONAL EN PROCESOS COMERCIALES Y FINANCIEROS,Otra,Virtual,DUITAMA,C.C.,2003-04-09,M,1,PERDIO CUPO A130/98 ART. 80 LIT. B,DUITAMA,DUITAMA,LIT. B,21
SEGUNDO SEMESTRE DE 2024,ESTUDIOS A DISTANCIA,TECNICA PROFESIONAL EN PROCESOS COMERCIALES Y FINANCIEROS,Otra,Virtual,DUITAMA,C.C.,1996-01-11,M,2,PERDIO CUPO A130/98 ART. 80 LIT. B,DUITAMA,DUITAMA,LIT. B,28
SEGUNDO SEMESTRE DE 2024,ESTUDIOS A DISTANCIA,TECNICA PROFESIONAL EN PROCESOS COMERCIALES Y FINANCIEROS,Otra,Virtual,DUITAMA,C.C.,1981-07-15,F,2,PERDIO CUPO A130/98 ART. 80 LIT. D,SOGAMOSO,SOGAMOSO,LIT. D,43
SEGUNDO SEMESTRE DE 2024,ESTUDIOS A DISTANCIA,TECNICA PROFESIONAL EN PROCESOS COMERCIALES Y FINANCIEROS,Otra,Virtual,CHIQUINQUIRA,T.I.,2006-03-10,F,2,PERDIO CUPO A130/98 ART. 80 LIT. B,CHIQUINQUIRÁ,CHIQUINQUIRÁ,LIT. B,18
SEGUNDO SEMESTRE DE 2024,ESTUDIOS A DISTANCIA,TECNICA PROFESIONAL EN PROCESOS COMERCIALES Y FINANCIEROS,Otra,Virtual,YOPAL,C.C.,1999-05-13,F,3,PERDIO CUPO A130/98 ART. 80 LIT. D,VILLAVICENCIO,PORE,LIT. D,25
SEGUNDO SEMESTRE DE 2024,ESTUDIOS A DISTANCIA,TECNICA PROFESIONAL EN PROCESOS COMERCIALES Y FINANCIEROS,Otra,Virtual,SOGAMOSO,C.C.,1997-04-26,M,3,PERDIO CUPO A130/98 ART. 80 LIT. B,SOGAMOSO,SOGAMOSO,LIT. B,27
SEGUNDO SEMESTRE DE 2024,ESTUDIOS A DISTANCIA,TECNICA PROFESIONAL EN PROCESOS COMERCIALES Y FINANCIEROS,Otra,Virtual,SOGAMOSO,C.C.,1993-09-12,M,2,PERDIO CUPO A130/98 ART. 80 LIT. B,SOGAMOSO,TÓPAGA,LIT. B,31
SEGUNDO SEMESTRE DE 2024,ESTUDIOS A DISTANCIA,TECNICA PROFESIONAL EN PROCESOS COMERCIALES Y FINANCIEROS,Otra,Virtual,SOGAMOSO,C.C.,2003-02-05,F,2,PERDIO CUPO A130/98 ART. 80 LIT. C,SOGAMOSO,SOGAMOSO,LIT. C,21
SEGUNDO SEMESTRE DE 2024,ESTUDIOS A DISTANCIA,TECNICA PROFESIONAL EN PROCESOS COMERCIALES Y FINANCIEROS,Otra,Virtual,SOGAMOSO,C.C.,1992-06-09,F,1,PERDIO CUPO A130/98 ART. 80 LIT. B,DUITAMA,DUITAMA,LIT. B,32
SEGUNDO SEMESTRE DE 2024,ESTUDIOS A DISTANCIA,TECNICA PROFESIONAL EN PROCESOS COMERCIALES Y FINANCIEROS,Otra,Virtual,SOGAMOSO,C.C.,2002-12-12,F,3,PERDIO CUPO A130/98 ART. 80 LIT. B,ARACATACA,SOGAMOSO,LIT. B,22
SEGUNDO SEMESTRE DE 2024,ESTUDIOS A DISTANCIA,TECNICA PROFESIONAL EN PROCESOS COMERCIALES Y FINANCIEROS,Otra,Virtual,SOGAMOSO,C.C.,2002-04-17,M,2,PERDIO CUPO A130/98 ART. 80 LIT. B,BOGOTÁ D.C.,SOGAMOSO,LIT. B,22
SEGUNDO SEMESTRE DE 2024,ESTUDIOS A DISTANCIA,TECNICA PROFESIONAL EN PROCESOS COMERCIALES Y FINANCIEROS,Otra,Virtual,SOGAMOSO,C.C.,1988-08-11,F,2,PERDIO CUPO A130/98 ART.80 LIT. E,SOGAMOSO,SOGAMOSO,LIT. E,36
SEGUNDO SEMESTRE DE 2024,ESTUDIOS A DISTANCIA,TECNOLOGIA EN GESTIÓN COMERCIAL Y FINANCIERA,Otra,Virtual,GARAGOA,C.C.,1998-09-10,F,1,PERDIO CUPO A130/98 ART. 80 LIT. D,BERBEO,BERBEO,LIT. D,26
SEGUNDO SEMESTRE DE 2024,ESTUDIOS A DISTANCIA,TECNOLOGIA EN GESTIÓN COMERCIAL Y FINANCIERA,Otra,Virtual,SOGAMOSO,C.C.,1986-08-09,F,2,PERDIO CUPO A130/98 ART.80 LIT. E,SOGAMOSO,CUÍTIVA,LIT. E,38
SEGUNDO SEMESTRE DE 2024,ESTUDIOS A DISTANCIA,TECNOLOGIA EN GESTIÓN COMERCIAL Y FINANCIERA,Otra,Virtual,SOGAMOSO,C.C.,2002-06-15,F,1,PERDIO CUPO A130/98 ART. 80 LIT. D,EXTRANJERO,VILLANUEVA,LIT. D,22
SEGUNDO SEMESTRE DE 2024,ESTUDIOS A DISTANCIA,TECNOLOGIA EN GESTIÓN COMERCIAL Y FINANCIERA,Otra,Virtual,SOGAMOSO,C.C.,1996-10-24,F,2,PERDIO CUPO A130/98 ART.80 LIT. E,SOGAMOSO,SOGAMOSO,LIT. E,28
SEGUNDO SEMESTRE DE 2024,ESTUDIOS A DISTANCIA,TECNOLOGIA EN GESTIÓN COMERCIAL Y FINANCIERA,Otra,Virtual,SOGAMOSO,C.C.,1999-07-20,F,1,PERDIO CUPO A130/98 ART. 80 LIT. D,SOGAMOSO,TIBASOSA,LIT. D,25
SEGUNDO SEMESTRE DE 2024,ESTUDIOS A DISTANCIA,TECNOLOGIA EN GESTIÓN COMERCIAL Y FINANCIERA,Otra,Virtual,DUITAMA,C.C.,1987-09-19,F,2,PERDIO CUPO A130/98 ART. 80 LIT. D,SOATÁ,SOATÁ,LIT. D,37
SEGUNDO SEMESTRE DE 2024,ESTUDIOS A DISTANCIA,ADMINISTRACIÓN COMERCIAL Y FINANCIERA,Otra,Virtual,SOGAMOSO,C.C.,1991-07-26,F,2,PERDIO CUPO A130/98 ART.80 LIT. E,RESTREPO,RESTREPO,LIT. E,33
SEGUNDO SEMESTRE DE 2024,ESTUDIOS A DISTANCIA,ADMINISTRACIÓN COMERCIAL Y FINANCIERA,Otra,Virtual,DUITAMA,C.C.,1989-10-14,M,1,PERDIO CUPO A130/98 ART. 80 LIT. B,DUITAMA,DUITAMA,LIT. B,35
SEGUNDO SEMESTRE DE 2024,ESTUDIOS A DISTANCIA,TECNICA PROFESIONAL EN PROCESOS COMERCIALES Y FINANCIEROS,Otra,Virtual,RONDON,C.C.,2001-09-25,F,1,PERDIO CUPO A130/98 ART. 80 LIT. C,ALGARROBO,SANTA MARTA,LIT. C,23
SEGUNDO SEMESTRE DE 2024,ESTUDIOS A DISTANCIA,TECNOLOGIA EN GESTIÓN ADMINISTRATIVA DE SERVICIOS DE SALUD,Otra,Virtual,SOGAMOSO,C.C.,2002-12-06,F,3,PERDIO CUPO A130/98 ART.80 LIT. E,DUITAMA,PAIPA,LIT. E,22
SEGUNDO SEMESTRE DE 2024,ESTUDIOS A DISTANCIA,TECNOLOGIA EN ELECTRICIDAD INDUSTRIAL,Otra,Distancia,TUNJA,C.C.,1992-08-16,F,2,PERDIO CUPO A130/98 ART. 80 LIT. D,BOGOTÁ D.C.,BOGOTÁ D.C.,LIT. D,32
SEGUNDO SEMESTRE DE 2024,ESTUDIOS A DISTANCIA,TECNOLOGIA EN ELECTRICIDAD INDUSTRIAL,Otra,Distancia,TUNJA,C.C.,2000-07-16,M,1,PERDIO CUPO A130/98 ART. 80 LIT. B,BUENAVENTURA,BUENAVENTURA,LIT. B,24
SEGUNDO SEMESTRE DE 2024,ESTUDIOS A DISTANCIA,TECNOLOGIA EN ELECTRICIDAD INDUSTRIAL,Otra,Distancia,RIONEGRO,C.C.,1993-02-28,M,1,PERDIO CUPO A130/98 ART.80 LIT. E,PUERTO BOYACÁ,PUERTO BOYACÁ,LIT. E,31
SEGUNDO SEMESTRE DE 2024,ESTUDIOS A DISTANCIA,TECNOLOGIA EN ELECTRICIDAD INDUSTRIAL,Otra,Distancia,SANTA FE DE BOGOTA,C.C.,1982-12-02,M,2,PERDIO CUPO A130/98 ART.80 LIT. E,BOGOTÁ D.C.,BOGOTÁ D.C.,LIT. E,42
SEGUNDO SEMESTRE DE 2024,ESTUDIOS A DISTANCIA,TECNOLOGIA EN ELECTRICIDAD INDUSTRIAL,Otra,Distancia,SANTA FE DE BOGOTA,C.C.,1995-10-08,M,1,PERDIO CUPO A130/98 ART. 80 LIT. B,BOGOTÁ D.C.,BOGOTÁ D.C.,LIT. B,29
SEGUNDO SEMESTRE DE 2024,ESTUDIOS A DISTANCIA,TECNOLOGIA DE PROGRAMACIÓN DE SISTEMAS INFORMATICOS,Otra,Distancia,AGUAZUL,C.C.,2003-03-15,M,2,PERDIO CUPO A130/98 ART. 80 LIT. B,CHÍQUIZA,CHÍQUIZA,LIT. B,21
SEGUNDO SEMESTRE DE 2024,ESTUDIOS A DISTANCIA,TECNICA PROFESIONAL EN PROCESOS COMERCIALES Y FINANCIEROS,Otra,Virtual,AGUAZUL,C.C.,1988-01-21,F,2,PERDIO CUPO A130/98 ART. 80 LIT. B,SANTA MARTA,SANTA MARTA,LIT. B,36
SEGUNDO SEMESTRE DE 2024,ESTUDIOS A DISTANCIA,TECNICA PROFESIONAL EN PROCESOS COMERCIALES Y FINANCIEROS,Otra,Virtual,AGUAZUL,C.C.,1989-10-03,F,1,PERDIO CUPO A130/98 ART. 80 LIT. C,YOPAL,AGUAZUL,LIT. C,35
SEGUNDO SEMESTRE DE 2024,ESTUDIOS A DISTANCIA,TECNICA PROFESIONAL EN PROCESOS ADMINISTRATIVOS DE SALUD,Otra,Virtual,AGUAZUL,C.C.,1996-04-25,F,1,PERDIO CUPO A130/98 ART. 80 LIT. C,TARQUI,MONTERREY,LIT. C,28
SEGUNDO SEMESTRE DE 2024,ESTUDIOS A DISTANCIA,TECNICA PROFESIONAL EN PROCESOS ADMINISTRATIVOS DE SALUD,Otra,Virtual,AGUAZUL,C.C.,2001-12-30,F,2,PERDIO CUPO A130/98 ART. 80 LIT. D,YOPAL,YOPAL,LIT. D,23
SEGUNDO SEMESTRE DE 2024,ESTUDIOS A DISTANCIA,TECNICA PROFESIONAL EN PROCESOS ADMINISTRATIVOS DE SALUD,Otra,Virtual,AGUAZUL,C.C.,2002-01-29,F,2,PERDIO CUPO A130/98 ART. 80 LIT. C,YOPAL,YOPAL,LIT. C,22
SEGUNDO SEMESTRE DE 2024,ESTUDIOS A DISTANCIA,TECNICA PROFESIONAL EN PROCESOS AGROINDUSTRIALES,Otra,Virtual,AGUAZUL,C.C.,1999-01-28,F,2,PERDIO CUPO A130/98 ART. 80 LIT. C,PORE,YOPAL,LIT. C,25
SEGUNDO SEMESTRE DE 2024,ESTUDIOS A DISTANCIA,TECNICA PROFESIONAL EN PROCESOS AGROINDUSTRIALES,Otra,Virtual,AGUAZUL,C.C.,2003-06-19,M,1,PERDIO CUPO A130/98 ART. 80 LIT. B,BOGOTÁ D.C.,FLORESTA,LIT. B,21
SEGUNDO SEMESTRE DE 2024,ESTUDIOS A DISTANCIA,TECNICA PROFESIONAL EN PROCESOS AGROINDUSTRIALES,Otra,Virtual,AGUAZUL,C.C.,2000-06-17,F,2,PERDIO CUPO A130/98 ART. 80 LIT. D,DUITAMA,AGUAZUL,LIT. D,24
SEGUNDO SEMESTRE DE 2024,INGENIERIA,INGENIERÍA CIVIL,Diurna,Presencial,TUNJA,C.C.,2002-08-01,M,2,PERDIO CUPO A130/98 ART. 80 LIT. B,TUNJA,SORACÁ,LIT. B,22
SEGUNDO SEMESTRE DE 2024,INGENIERIA,INGENIERÍA CIVIL,Diurna,Presencial,TUNJA,T.I.,2001-09-12,M,2,PERDIO CUPO A130/98 ART.80 LIT. E,JERICÓ,JERICÓ,LIT. E,23
SEGUNDO SEMESTRE DE 2024,INGENIERIA,INGENIERÍA CIVIL,Diurna,Presencial,TUNJA,C.C.,2003-06-22,M,2,PERDIO CUPO A130/98 ART. 80 LIT. C,UBATE,UBATE,LIT. C,21
SEGUNDO SEMESTRE DE 2024,INGENIERIA,INGENIERÍA METALURGICA,Diurna,Presencial,TUNJA,C.C.,1999-01-16,M,1,PERDIO CUPO A130/98 ART.80 LIT. E,BARBOSA,BARBOSA,LIT. E,25
SEGUNDO SEMESTRE DE 2024,INGENIERIA,INGENIERÍA METALURGICA,Diurna,Presencial,TUNJA,C.C.,1999-12-14,M,2,PERDIO CUPO A130/98 ART.80 LIT. E,TUNJA,TUNJA,LIT. E,25
SEGUNDO SEMESTRE DE 2024,INGENIERIA,INGENIERÍA METALURGICA,Diurna,Presencial,TUNJA,C.C.,2000-11-21,M,2,PERDIO CUPO A130/98 ART. 80 LIT. B,TUNJA,TUTA,LIT. B,24
SEGUNDO SEMESTRE DE 2024,INGENIERIA,INGENIERÍA METALURGICA,Diurna,Presencial,TUNJA,T.I.,2006-03-30,M,2,PERDIO CUPO A130/98 ART. 80 LIT. C,SOGAMOSO,NOBSA,LIT. C,18
SEGUNDO SEMESTRE DE 2024,INGENIERIA,INGENIERÍA METALURGICA,Diurna,Presencial,TUNJA,T.I.,2004-10-02,M,2,PERDIO CUPO A130/98 ART. 80 LIT. C,TUNJA,CUCAITA,LIT. C,20
SEGUNDO SEMESTRE DE 2024,INGENIERIA,INGENIERÍA METALURGICA,Diurna,Presencial,TUNJA,C.C.,2006-02-07,M,2,PERDIO CUPO A130/98 ART. 80 LIT. C,SIACHOQUE,TUNJA,LIT. C,18
SEGUNDO SEMESTRE DE 2024,INGENIERIA,INGENIERÍA METALURGICA,Diurna,Presencial,TUNJA,T.I.,2006-10-15,M,1,PERDIO CUPO A130/98 ART. 80 LIT. C,TUNJA,TUNJA,LIT. C,18
SEGUNDO SEMESTRE DE 2024,INGENIERIA,INGENIERÍA METALURGICA,Diurna,Presencial,TUNJA,C.C.,2003-05-17,M,1,PERDIO CUPO A130/98 ART. 80 LIT. B,CHIQUINQUIRÁ,CHIQUINQUIRÁ,LIT. B,21
SEGUNDO SEMESTRE DE 2024,INGENIERIA,INGENIERÍA METALURGICA,Diurna,Presencial,TUNJA,C.C.,2000-11-28,M,2,PERDIO CUPO A130/98 ART. 80 LIT. D,TUNJA,TUNJA,LIT. D,24
SEGUNDO SEMESTRE DE 2024,INGENIERIA,INGENIERÍA DE TRANSPORTE Y VIAS,Diurna,Presencial,TUNJA,C.C.,1997-12-26,M,1,PERDIO CUPO A130/98 ART.80 LIT. E,SOGAMOSO,SOGAMOSO,LIT. E,27
SEGUNDO SEMESTRE DE 2024,INGENIERIA,INGENIERÍA DE TRANSPORTE Y VIAS,Diurna,Presencial,TUNJA,C.C.,1992-04-26,F,2,PERDIO CUPO A130/98 ART.80 LIT. E,IZA,IZA,LIT. E,32
SEGUNDO SEMESTRE DE 2024,INGENIERIA,INGENIERÍA DE TRANSPORTE Y VIAS,Diurna,Presencial,TUNJA,C.C.,2005-07-12,F,3,PERDIO CUPO A130/98 ART. 80 LIT. C,BARRANQUILLA,MONTERÍA,LIT. C,19
SEGUNDO SEMESTRE DE 2024,INGENIERIA,INGENIERÍA DE TRANSPORTE Y VIAS,Diurna,Presencial,TUNJA,C.C.,1999-09-15,M,1,PERDIO CUPO A130/98 ART. 80 LIT. C,FLORENCIA,FLORENCIA,LIT. C,25
SEGUNDO SEMESTRE DE 2024,INGENIERIA,INGENIERÍA DE TRANSPORTE Y VIAS,Diurna,Presencial,TUNJA,T.I.,2003-03-05,M,3,PERDIO CUPO A130/98 ART.80 LIT. E,SANTA SOFÍA,SANTA SOFÍA,LIT. E,21
SEGUNDO SEMESTRE DE 2024,INGENIERIA,INGENIERÍA DE TRANSPORTE Y VIAS,Diurna,Presencial,TUNJA,T.I.,2005-09-19,F,3,PERDIO CUPO A130/98 ART. 80 LIT. D,YOPAL,TUNJA,LIT. D,19
SEGUNDO SEMESTRE DE 2024,INGENIERIA,INGENIERÍA DE TRANSPORTE Y VIAS,Diurna,Presencial,TUNJA,C.C.,2006-02-11,F,2,PERDIO CUPO A130/98 ART. 80 LIT. C,BOGOTÁ D.C.,TUNJA,LIT. C,18
SEGUNDO SEMESTRE DE 2024,INGENIERIA,INGENIERÍA DE TRANSPORTE Y VIAS,Diurna,Presencial,TUNJA,C.C.,1992-12-01,F,,PERDIO CUPO A130/98 ART.80 LIT. E,TUNJA,TUNJA,LIT. E,32
SEGUNDO SEMESTRE DE 2024,INGENIERIA,INGENIERÍA DE TRANSPORTE Y VIAS,Diurna,Presencial,TUNJA,C.C.,2000-03-24,M,2,PERDIO CUPO A130/98 ART.80 LIT. E,TURMEQUÉ,VENTAQUEMADA,LIT. E,24
SEGUNDO SEMESTRE DE 2024,INGENIERIA,INGENIERÍA DE SISTEMAS Y COMPUTACION,Diurna,Presencial,TUNJA,C.C.,2003-12-02,M,3,PERDIO CUPO A130/98 ART. 80 LIT. C,TUNJA,TUNJA,LIT. C,21
SEGUNDO SEMESTRE DE 2024,INGENIERIA,INGENIERÍA DE SISTEMAS Y COMPUTACION,Diurna,Presencial,TUNJA,T.I.,2006-08-06,M,3,PERDIO CUPO A130/98 ART. 80 LIT. C,TUNJA,TUNJA,LIT. C,18
SEGUNDO SEMESTRE DE 2024,INGENIERIA,INGENIERÍA DE SISTEMAS Y COMPUTACION,Diurna,Presencial,TUNJA,C.C.,1993-05-16,M,2,PERDIO CUPO A130/98 ART.80 LIT. E,TURMEQUÉ,TURMEQUÉ,LIT. E,31
SEGUNDO SEMESTRE DE 2024,INGENIERIA,INGENIERÍA DE SISTEMAS Y COMPUTACION,Diurna,Presencial,TUNJA,T.I.,2006-05-10,M,2,PERDIO CUPO A130/98 ART. 80 LIT. B,TUNJA,VILLA DE LEYVA,LIT. B,18
SEGUNDO SEMESTRE DE 2024,INGENIERIA,INGENIERÍA DE SISTEMAS Y COMPUTACION,Diurna,Presencial,TUNJA,C.C.,2005-06-23,M,2,PERDIO CUPO A130/98 ART.80 LIT. E,CÚCUTA,CÚCUTA,LIT. E,19
SEGUNDO SEMESTRE DE 2024,INGENIERIA,INGENIERÍA DE SISTEMAS Y COMPUTACION,Diurna,Presencial,TUNJA,C.C.,2001-10-01,M,2,PERDIO CUPO A130/98 ART. 80 LIT. D,TIBANÁ,TIBANÁ,LIT. D,23
SEGUNDO SEMESTRE DE 2024,INGENIERIA,INGENIERÍA DE SISTEMAS Y COMPUTACION,Diurna,Presencial,TUNJA,C.C.,2003-09-05,M,3,PERDIO CUPO A130/98 ART. 80 LIT. B,DUITAMA,DUITAMA,LIT. B,21
SEGUNDO SEMESTRE DE 2024,INGENIERIA,INGENIERÍA DE SISTEMAS Y COMPUTACION,Diurna,Presencial,TUNJA,T.I.,2002-01-06,M,2,PERDIO CUPO A130/98 ART. 80 LIT. D,DUITAMA,DUITAMA,LIT. D,22
SEGUNDO SEMESTRE DE 2024,INGENIERIA,INGENIERÍA DE SISTEMAS Y COMPUTACION,Diurna,Presencial,TUNJA,C.C.,1999-12-04,M,2,PERDIO CUPO A130/98 ART.80 LIT. E,PAIPA,PAIPA,LIT. E,25
SEGUNDO SEMESTRE DE 2024,INGENIERIA,INGENIERÍA AMBIENTAL,Diurna,Presencial,TUNJA,C.C.,1998-06-22,M,2,PERDIO CUPO A130/98 ART.80 LIT. E,BOGOTA D.E,DUITAMA,LIT. E,26
SEGUNDO SEMESTRE DE 2024,INGENIERIA,INGENIERÍA AMBIENTAL,Diurna,Presencial,TUNJA,C.C.,2003-07-16,M,1,PERDIO CUPO A130/98 ART. 80 LIT. C,SOGAMOSO,TUNJA,LIT. C,21
SEGUNDO SEMESTRE DE 2024,INGENIERIA,INGENIERÍA AMBIENTAL,Diurna,Presencial,TUNJA,T.I.,2005-12-09,F,2,PERDIO CUPO A130/98 ART. 80 LIT. C,DUITAMA,PAIPA,LIT. C,19
SEGUNDO SEMESTRE DE 2024,INGENIERIA,INGENIERÍA AMBIENTAL,Diurna,Presencial,TUNJA,C.C.,2005-12-29,M,1,PERDIO CUPO A130/98 ART. 80 LIT. B,TUNJA,TUNJA,LIT. B,19
SEGUNDO SEMESTRE DE 2024,INGENIERIA,INGENIERÍA ELECTRONICA,Diurna,Presencial,TUNJA,C.C.,2000-11-29,M,2,PERDIO CUPO A130/98 ART. 80 LIT. D,TUNJA,VENTAQUEMADA,LIT. D,24
SEGUNDO SEMESTRE DE 2024,INGENIERIA,INGENIERÍA ELECTRONICA,Diurna,Presencial,TUNJA,C.C.,2002-12-19,M,1,PERDIO CUPO A130/98 ART. 80 LIT. B,DUITAMA,PAIPA,LIT. B,22
SEGUNDO SEMESTRE DE 2024,INGENIERIA,INGENIERÍA ELECTRONICA,Diurna,Presencial,TUNJA,C.C.,2002-09-11,M,2,PERDIO CUPO A130/98 ART. 80 LIT. B,CHIQUINQUIRÁ,CHIQUINQUIRÁ,LIT. B,22
SEGUNDO SEMESTRE DE 2024,INGENIERIA,INGENIERÍA ELECTRONICA,Diurna,Presencial,TUNJA,C.C.,2000-11-03,M,3,PERDIO CUPO A130/98 ART. 80 LIT. D,OROCUÉ,YOPAL,LIT. D,24
SEGUNDO SEMESTRE DE 2024,INGENIERIA,INGENIERÍA ELECTRONICA,Diurna,Presencial,TUNJA,C.C.,2001-01-03,M,1,PERDIO CUPO A130/98 ART. 80 LIT. C,CHIQUINQUIRÁ,CHIQUINQUIRÁ,LIT. C,23
SEGUNDO SEMESTRE DE 2024,INGENIERIA,ARQUITECTURA,Extendida,Presencial,TUNJA,C.C.,2000-08-10,M,1,PERDIO CUPO A130/98 ART.80 LIT. E,TUNJA,TUNJA,LIT. E,24
SEGUNDO SEMESTRE DE 2024,INGENIERIA,ESPECIALIZACIÓN EN INFRAESTRUCTURA VIAL,Otra,Presencial,TUNJA,C.C.,1997-08-04,M,,PERDIO CUPO A 052/2012  ART 15 LIT.A.,TUNJA,TUNJA,LIT. A,27
SEGUNDO SEMESTRE DE 2024,INGENIERIA,ESPECIALIZACIÓN EN ESTRUCTURAS,Otra,Presencial,TUNJA,C.C.,1992-01-05,F,,PERDIO CUPO A 052/2012  ART 15 LIT.B.,SOGAMOSO,TUNJA,LIT. B,32
SEGUNDO SEMESTRE DE 2024,INGENIERIA,ESPECIALIZACIÓN EN ESTRUCTURAS,Otra,Presencial,TUNJA,C.C.,1999-11-17,M,,PERDIO CUPO A 052/2012  ART 15 LIT.A.,TUNJA,TUNJA,LIT. A,25
SEGUNDO SEMESTRE DE 2024,INGENIERIA,ESPECIALIZACIÓN EN BASES DE DATOS,Diurna,Presencial,TUNJA,C.C.,1997-06-17,F,,PERDIO CUPO A 052/2012  ART 15 LIT.A.,BOGOTÁ D.C.,TUNJA,LIT. A,27
SEGUNDO SEMESTRE DE 2024,INGENIERIA,ESPECIALIZACIÓN EN GESTIÓN DE INTEGRIDAD Y CORROSIÓN,Extendida,Virtual,TUNJA,C.C.,1969-08-07,M,,PERDIO CUPO A 052/2012  ART 15 LIT.A.,BOGOTA D.E,BOGOTÁ D.C.,LIT. A,55
SEGUNDO SEMESTRE DE 2024,INGENIERIA,ESPECIALIZACIÓN EN GESTIÓN DE INTEGRIDAD Y CORROSIÓN,Extendida,Virtual,TUNJA,C.C.,1994-04-22,F,,PERDIO CUPO A 052/2012  ART 15 LIT.A.,SOCHA,TUNJA,LIT. A,30
SEGUNDO SEMESTRE DE 2024,INGENIERIA,ESPECIALIZACIÓN EN GERENCIA DE PROYECTOS DE CONSTRUCCIÓN,Extendida,Virtual,TUNJA,C.C.,1993-05-17,M,,PERDIO CUPO A 052/2012  ART 15 LIT.A.,VILLANUEVA,VILLAVICENCIO,LIT. A,31
SEGUNDO SEMESTRE DE 2024,INGENIERIA,MAESTRÍA EN METALÚRGIA Y CIENCIA DE MATERIALES,Diurna,Presencial,TUNJA,C.C.,1994-05-01,F,,PERDIO CUPO A 052/2012  ART 15 LIT.B.,SOGAMOSO,SOGAMOSO,LIT. B,30
SEGUNDO SEMESTRE DE 2024,INGENIERIA,MAESTRÍA EN INGENIERÍA AMBIENTAL,Diurna,Presencial,TUNJA,C.C.,1987-08-02,F,,PERDIO CUPO A 052/2012  ART 15 LIT.B.,TUNJA,TUNJA,LIT. B,37
SEGUNDO SEMESTRE DE 2024,INGENIERIA,MAESTRÍA EN GESTIÓN DE INTEGRIDAD Y CORROSIÓN,Extendida,Virtual,TUNJA,C.C.,1988-10-04,M,,PERDIO CUPO A 052/2012  ART 15 LIT.A.,BOGOTÁ D.C.,BOGOTÁ D.C.,LIT. A,36
SEGUNDO SEMESTRE DE 2024,INGENIERIA,TECNICO PROFESIONAL EN PRODUCCIÓN Y TRANSFORMACIÓN DEL ACERO,Otra,Presencial,TUNJA,T.I.,2006-12-11,M,2,PERDIO CUPO A130/98 ART. 80 LIT. C,TUNJA,TUNJA,LIT. C,18
SEGUNDO SEMESTRE DE 2024,SECCIONAL CHIQUINQUIRA,ADMINISTRACIÓN DE EMPRESAS,Extendida,Presencial,CHIQUINQUIRA,C.C.,2001-09-14,M,2,PERDIO CUPO A130/98 ART. 80 LIT. D,CHIQUINQUIRÁ,CALDAS,LIT. D,23
SEGUNDO SEMESTRE DE 2024,SECCIONAL CHIQUINQUIRA,ADMINISTRACIÓN DE EMPRESAS,Extendida,Presencial,CHIQUINQUIRA,C.C.,2003-06-26,F,1,PERDIO CUPO A130/98 ART.80 LIT. E,BOGOTA D.E,BRICEÑO,LIT. E,21
SEGUNDO SEMESTRE DE 2024,SECCIONAL CHIQUINQUIRA,ADMINISTRACIÓN DE EMPRESAS,Extendida,Presencial,CHIQUINQUIRA,C.C.,2002-10-20,M,2,PERDIO CUPO A130/98 ART. 80 LIT. C,CHIQUINQUIRÁ,CHIQUINQUIRÁ,LIT. C,22
SEGUNDO SEMESTRE DE 2024,SECCIONAL CHIQUINQUIRA,ADMINISTRACIÓN DE EMPRESAS,Extendida,Presencial,CHIQUINQUIRA,C.C.,2000-02-18,M,2,PERDIO CUPO A130/98 ART. 80 LIT. B,CALDAS,CALDAS,LIT. B,24
SEGUNDO SEMESTRE DE 2024,SECCIONAL CHIQUINQUIRA,ADMINISTRACIÓN DE EMPRESAS,Extendida,Presencial,CHIQUINQUIRA,C.C.,2000-03-05,M,2,PERDIO CUPO A130/98 ART. 80 LIT. C,CHIQUINQUIRÁ,CHIQUINQUIRÁ,LIT. C,24
SEGUNDO SEMESTRE DE 2024,SECCIONAL CHIQUINQUIRA,CONTADURIA PUBLICA,Nocturna,Presencial,CHIQUINQUIRA,C.C.,1995-05-29,F,2,PERDIO CUPO A130/98 ART.80 LIT. E,CHIQUINQUIRÁ,CHIQUINQUIRÁ,LIT. E,29
SEGUNDO SEMESTRE DE 2024,SECCIONAL CHIQUINQUIRA,CONTADURIA PUBLICA,Nocturna,Presencial,CHIQUINQUIRA,C.C.,2004-01-01,M,2,PERDIO CUPO A130/98 ART. 80 LIT. C,CHIQUINQUIRÁ,CHIQUINQUIRÁ,LIT. C,20
SEGUNDO SEMESTRE DE 2024,SECCIONAL CHIQUINQUIRA,LICENCIATURA EN EDUCACIÓN FISICA RECREACIÓN Y DEPORTE,Diurna,Presencial,CHIQUINQUIRA,C.C.,1998-09-12,M,2,PERDIO CUPO A130/98 ART. 80 LIT. D,DUITAMA,DUITAMA,LIT. D,26
SEGUNDO SEMESTRE DE 2024,SECCIONAL CHIQUINQUIRA,LICENCIATURA EN EDUCACIÓN FISICA RECREACIÓN Y DEPORTE,Diurna,Presencial,CHIQUINQUIRA,C.C.,1999-12-08,M,2,PERDIO CUPO A130/98 ART. 80 LIT. C,SOGAMOSO,SOGAMOSO,LIT. C,25
SEGUNDO SEMESTRE DE 2024,SECCIONAL CHIQUINQUIRA,LICENCIATURA EN EDUCACIÓN FISICA RECREACIÓN Y DEPORTE,Diurna,Presencial,CHIQUINQUIRA,C.C.,2005-09-10,M,4,PERDIO CUPO A130/98 ART. 80 LIT. C,DUITAMA,FLORESTA,LIT. C,19
SEGUNDO SEMESTRE DE 2024,SECCIONAL CHIQUINQUIRA,LICENCIATURA EN EDUCACIÓN FISICA RECREACIÓN Y DEPORTE,Diurna,Presencial,CHIQUINQUIRA,C.C.,2004-05-14,M,2,PERDIO CUPO A130/98 ART.80 LIT. E,SOGAMOSO,SOGAMOSO,LIT. E,20
SEGUNDO SEMESTRE DE 2024,SECCIONAL DUITAMA,LICENCIATURA EN TECNOLOGIA,Diurna,Presencial,DUITAMA,C.C.,1995-04-15,F,1,PERDIO CUPO A130/98 ART. 80 LIT. D,SOCHA,SOCHA,LIT. D,29
SEGUNDO SEMESTRE DE 2024,SECCIONAL DUITAMA,INGENIERÍA ELECTROMECANICA,Diurna,Presencial,DUITAMA,T.I.,2005-11-01,M,1,PERDIO CUPO A130/98 ART.80 LIT. E,DUITAMA,DUITAMA,LIT. E,19
SEGUNDO SEMESTRE DE 2024,SECCIONAL DUITAMA,INGENIERÍA ELECTROMECANICA,Diurna,Presencial,DUITAMA,C.C.,2002-03-10,M,2,PERDIO CUPO A130/98 ART. 80 LIT. C,DUITAMA,DUITAMA,LIT. C,22
SEGUNDO SEMESTRE DE 2024,SECCIONAL DUITAMA,INGENIERÍA ELECTROMECANICA,Diurna,Presencial,DUITAMA,C.C.,1993-02-13,M,3,PERDIO CUPO A130/98 ART. 80 LIT. B,DUITAMA,DUITAMA,LIT. B,31
SEGUNDO SEMESTRE DE 2024,SECCIONAL DUITAMA,INGENIERÍA ELECTROMECANICA,Diurna,Presencial,DUITAMA,C.C.,2004-09-20,M,2,PERDIO CUPO A130/98 ART. 80 LIT. B,SOGAMOSO,SOGAMOSO,LIT. B,20
SEGUNDO SEMESTRE DE 2024,SECCIONAL DUITAMA,INGENIERÍA ELECTROMECANICA,Diurna,Presencial,DUITAMA,C.C.,2005-03-16,M,3,PERDIO CUPO A130/98 ART. 80 LIT. D,SOGAMOSO,TIBASOSA,LIT. D,19
SEGUNDO SEMESTRE DE 2024,SECCIONAL DUITAMA,INGENIERÍA ELECTROMECANICA,Diurna,Presencial,DUITAMA,C.C.,2001-09-08,M,1,PERDIO CUPO A130/98 ART.80 LIT. E,FLORIDABLANCA,CÚCUTA,LIT. E,23
SEGUNDO SEMESTRE DE 2024,SECCIONAL DUITAMA,INGENIERÍA ELECTROMECANICA,Diurna,Presencial,DUITAMA,C.C.,2002-11-16,M,1,PERDIO CUPO A130/98 ART. 80 LIT. B,SARAVENA,ARAUCA,LIT. B,22
SEGUNDO SEMESTRE DE 2024,SECCIONAL DUITAMA,ADMINISTRACIÓN TURISTICA Y HOTELERA,Diurna,Presencial,DUITAMA,C.C.,2005-04-09,M,3,PERDIO CUPO A130/98 ART. 80 LIT. D,SAN PABLO,DUITAMA,LIT. D,19
SEGUNDO SEMESTRE DE 2024,SECCIONAL DUITAMA,ADMINISTRACIÓN TURISTICA Y HOTELERA,Diurna,Presencial,DUITAMA,C.C.,1998-09-24,M,1,PERDIO CUPO A130/98 ART.80 LIT. E,PAIPA,PAIPA,LIT. E,26
SEGUNDO SEMESTRE DE 2024,SECCIONAL DUITAMA,ADMINISTRACIÓN TURISTICA Y HOTELERA,Diurna,Presencial,DUITAMA,C.C.,2003-10-26,M,1,PERDIO CUPO A130/98 ART. 80 LIT. D,DUITAMA,DUITAMA,LIT. D,21
SEGUNDO SEMESTRE DE 2024,SECCIONAL DUITAMA,ADMINISTRACIÓN TURISTICA Y HOTELERA,Diurna,Presencial,DUITAMA,C.C.,2000-06-13,M,2,PERDIO CUPO A130/98 ART. 80 LIT. B,DUITAMA,DUITAMA,LIT. B,24
SEGUNDO SEMESTRE DE 2024,SECCIONAL DUITAMA,ADMINISTRACIÓN TURISTICA Y HOTELERA,Diurna,Presencial,DUITAMA,C.C.,1993-03-11,M,2,PERDIO CUPO A130/98 ART. 80 LIT. B,DUITAMA,BOGOTÁ D.C.,LIT. B,31
SEGUNDO SEMESTRE DE 2024,SECCIONAL DUITAMA,ADMINISTRACIÓN TURISTICA Y HOTELERA,Diurna,Presencial,DUITAMA,C.C.,1997-03-05,F,2,PERDIO CUPO A130/98 ART.80 LIT. E,BOGOTA D.E,SOGAMOSO,LIT. E,27
SEGUNDO SEMESTRE DE 2024,SECCIONAL DUITAMA,ADMINISTRACIÓN TURISTICA Y HOTELERA,Diurna,Presencial,DUITAMA,C.C.,2003-06-19,F,1,PERDIO CUPO A130/98 ART.80 LIT. E,BOGOTA D.E,BOGOTA D.E,LIT. E,21
SEGUNDO SEMESTRE DE 2024,SECCIONAL DUITAMA,ADMINISTRACIÓN DE EMPRESAS AGROPECUARIAS,Diurna,Presencial,DUITAMA,C.C.,2002-06-27,F,1,PERDIO CUPO A130/98 ART.80 LIT. E,MUZO,MUZO,LIT. E,22
SEGUNDO SEMESTRE DE 2024,SECCIONAL DUITAMA,ADMINISTRACIÓN DE EMPRESAS AGROPECUARIAS,Diurna,Presencial,DUITAMA,C.C.,2003-02-22,M,2,PERDIO CUPO A130/98 ART. 80 LIT. D,DUITAMA,DUITAMA,LIT. D,21
SEGUNDO SEMESTRE DE 2024,SECCIONAL DUITAMA,ADMINISTRACIÓN DE EMPRESAS AGROPECUARIAS,Diurna,Presencial,DUITAMA,C.C.,2003-09-07,M,3,PERDIO CUPO A130/98 ART. 80 LIT. C,DUITAMA,BOGOTÁ D.C.,LIT. C,21
SEGUNDO SEMESTRE DE 2024,SECCIONAL DUITAMA,ADMINISTRACIÓN INDUSTRIAL,Diurna,Presencial,DUITAMA,C.C.,2002-04-14,M,2,PERDIO CUPO A130/98 ART. 80 LIT. D,DUITAMA,DUITAMA,LIT. D,22
SEGUNDO SEMESTRE DE 2024,SECCIONAL DUITAMA,ADMINISTRACIÓN INDUSTRIAL,Diurna,Presencial,DUITAMA,C.C.,2000-02-16,F,1,PERDIO CUPO A130/98 ART. 80 LIT. B,LEJANÍAS,SÁCAMA,LIT. B,24
SEGUNDO SEMESTRE DE 2024,SECCIONAL DUITAMA,ADMINISTRACIÓN INDUSTRIAL,Diurna,Presencial,DUITAMA,C.C.,1997-01-18,M,3,PERDIO CUPO A130/98 ART.80 LIT. E,DUITAMA,DUITAMA,LIT. E,27
SEGUNDO SEMESTRE DE 2024,SECCIONAL DUITAMA,ADMINISTRACIÓN INDUSTRIAL,Diurna,Presencial,DUITAMA,C.C.,1991-04-17,F,,PERDIO CUPO A130/98 ART.80 LIT. E,SOGAMOSO,SOGAMOSO,LIT. E,33
SEGUNDO SEMESTRE DE 2024,SECCIONAL DUITAMA,DISEÑO INDUSTRIAL,Diurna,Presencial,DUITAMA,T.I.,2007-07-19,M,2,PERDIO CUPO A130/98 ART. 80 LIT. C,DUITAMA,DUITAMA,LIT. C,17
SEGUNDO SEMESTRE DE 2024,SECCIONAL DUITAMA,LICENCIATURA EN MATEMATICAS,Diurna,Presencial,DUITAMA,C.C.,2001-08-17,F,1,PERDIO CUPO A130/98 ART.80 LIT. E,DUITAMA,DUITAMA,LIT. E,23
SEGUNDO SEMESTRE DE 2024,SECCIONAL DUITAMA,LICENCIATURA EN MATEMATICAS,Diurna,Presencial,DUITAMA,C.C.,2003-09-16,M,2,PERDIO CUPO A130/98 ART. 80 LIT. C,BUCARAMANGA,TIBASOSA,LIT. C,21
SEGUNDO SEMESTRE DE 2024,SECCIONAL DUITAMA,LICENCIATURA EN MATEMATICAS,Diurna,Presencial,DUITAMA,C.C.,1999-03-16,M,2,PERDIO CUPO A130/98 ART.80 LIT. E,SOGAMOSO,PAZ DE RÍO,LIT. E,25
SEGUNDO SEMESTRE DE 2024,SECCIONAL DUITAMA,LICENCIATURA EN MATEMATICAS,Diurna,Presencial,DUITAMA,C.C.,2002-11-06,M,1,PERDIO CUPO A130/98 ART.80 LIT. E,SOGAMOSO,MANÍ,LIT. E,22
SEGUNDO SEMESTRE DE 2024,SECCIONAL DUITAMA,LICENCIATURA EN MATEMATICAS,Diurna,Presencial,DUITAMA,C.C.,1994-01-26,M,2,PERDIO CUPO A130/98 ART.80 LIT. E,BOGOTÁ D.C.,PAIPA,LIT. E,30
SEGUNDO SEMESTRE DE 2024,SECCIONAL SOGAMOSO,INGENIERÍA ELECTRONICA,Diurna,Presencial,SOGAMOSO,T.I.,2006-05-20,M,2,PERDIO CUPO A130/98 ART. 80 LIT. B,SOGAMOSO,SOGAMOSO,LIT. B,18
SEGUNDO SEMESTRE DE 2024,SECCIONAL SOGAMOSO,INGENIERÍA ELECTRONICA,Diurna,Presencial,SOGAMOSO,C.C.,1999-12-13,M,3,PERDIO CUPO A130/98 ART.80 LIT. E,SOGAMOSO,SOGAMOSO,LIT. E,25
SEGUNDO SEMESTRE DE 2024,SECCIONAL SOGAMOSO,INGENIERÍA ELECTRONICA,Diurna,Presencial,SOGAMOSO,C.C.,1997-04-16,M,2,PERDIO CUPO A130/98 ART.80 LIT. E,SOGAMOSO,SOGAMOSO,LIT. E,27
SEGUNDO SEMESTRE DE 2024,SECCIONAL SOGAMOSO,INGENIERÍA ELECTRONICA,Diurna,Presencial,SOGAMOSO,C.C.,2002-12-14,F,2,PERDIO CUPO A130/98 ART. 80 LIT. B,SOGAMOSO,SOGAMOSO,LIT. B,22
SEGUNDO SEMESTRE DE 2024,SECCIONAL SOGAMOSO,INGENIERÍA ELECTRONICA,Diurna,Presencial,SOGAMOSO,T.I.,2006-05-08,M,2,PERDIO CUPO A130/98 ART. 80 LIT. C,SOGAMOSO,SOGAMOSO,LIT. C,18
SEGUNDO SEMESTRE DE 2024,SECCIONAL SOGAMOSO,INGENIERÍA ELECTRONICA,Diurna,Presencial,SOGAMOSO,C.C.,2001-07-09,F,2,PERDIO CUPO A130/98 ART.80 LIT. E,DUITAMA,SANTA ROSA DE VITERBO,LIT. E,23
SEGUNDO SEMESTRE DE 2024,SECCIONAL SOGAMOSO,INGENIERÍA ELECTRONICA,Diurna,Presencial,SOGAMOSO,C.C.,1990-10-31,M,2,PERDIO CUPO A130/98 ART.80 LIT. E,DUITAMA,BUCARAMANGA,LIT. E,34
SEGUNDO SEMESTRE DE 2024,SECCIONAL SOGAMOSO,INGENIERÍA ELECTRONICA,Diurna,Presencial,SOGAMOSO,C.C.,1997-09-06,M,2,PERDIO CUPO A130/98 ART.80 LIT. E,YOPAL,YOPAL,LIT. E,27
SEGUNDO SEMESTRE DE 2024,SECCIONAL SOGAMOSO,INGENIERÍA ELECTRONICA,Diurna,Presencial,SOGAMOSO,C.C.,2004-09-11,M,2,PERDIO CUPO A130/98 ART. 80 LIT. C,DUITAMA,DUITAMA,LIT. C,20
SEGUNDO SEMESTRE DE 2024,SECCIONAL SOGAMOSO,INGENIERÍA GEOLOGICA,Diurna,Presencial,SOGAMOSO,T.I.,2003-02-09,M,2,PERDIO CUPO A130/98 ART. 80 LIT. D,YOPAL,YOPAL,LIT. D,21
SEGUNDO SEMESTRE DE 2024,SECCIONAL SOGAMOSO,INGENIERÍA GEOLOGICA,Diurna,Presencial,SOGAMOSO,C.C.,2003-07-17,M,2,PERDIO CUPO A130/98 ART. 80 LIT. D,UMBITA,UMBITA,LIT. D,21
SEGUNDO SEMESTRE DE 2024,SECCIONAL SOGAMOSO,INGENIERÍA GEOLOGICA,Diurna,Presencial,SOGAMOSO,C.C.,2004-06-04,F,1,PERDIO CUPO A130/98 ART. 80 LIT. B,SOGAMOSO,SOGAMOSO,LIT. B,20
SEGUNDO SEMESTRE DE 2024,SECCIONAL SOGAMOSO,INGENIERÍA GEOLOGICA,Diurna,Presencial,SOGAMOSO,T.I.,2006-04-29,M,2,PERDIO CUPO A130/98 ART. 80 LIT. B,DUITAMA,NOBSA,LIT. B,18
SEGUNDO SEMESTRE DE 2024,SECCIONAL SOGAMOSO,INGENIERÍA GEOLOGICA,Diurna,Presencial,SOGAMOSO,T.I.,2005-04-27,F,2,PERDIO CUPO A130/98 ART. 80 LIT. C,SOGAMOSO,SOGAMOSO,LIT. C,19
SEGUNDO SEMESTRE DE 2024,SECCIONAL SOGAMOSO,INGENIERÍA GEOLOGICA,Diurna,Presencial,SOGAMOSO,C.C.,1999-01-13,M,3,PERDIO CUPO A130/98 ART. 80 LIT. B,SOGAMOSO,SOGAMOSO,LIT. B,25
SEGUNDO SEMESTRE DE 2024,SECCIONAL SOGAMOSO,INGENIERÍA GEOLOGICA,Diurna,Presencial,SOGAMOSO,C.C.,2001-05-09,M,2,PERDIO CUPO A130/98 ART.80 LIT. E,SOCOTÁ,SOCOTÁ,LIT. E,23
SEGUNDO SEMESTRE DE 2024,SECCIONAL SOGAMOSO,INGENIERÍA DE MINAS,Diurna,Presencial,SOGAMOSO,C.C.,2005-06-25,M,2,PERDIO CUPO A130/98 ART. 80 LIT. C,CHIQUINQUIRÁ,MUZO,LIT. C,19
SEGUNDO SEMESTRE DE 2024,SECCIONAL SOGAMOSO,INGENIERÍA DE MINAS,Diurna,Presencial,SOGAMOSO,C.C.,2003-08-17,M,3,PERDIO CUPO A130/98 ART.80 LIT. E,VALLEDUPAR,SOGAMOSO,LIT. E,21
SEGUNDO SEMESTRE DE 2024,SECCIONAL SOGAMOSO,INGENIERÍA INDUSTRIAL,Diurna,Presencial,SOGAMOSO,C.C.,2006-03-08,M,2,PERDIO CUPO A130/98 ART. 80 LIT. B,TIBASOSA,TIBASOSA,LIT. B,18
SEGUNDO SEMESTRE DE 2024,SECCIONAL SOGAMOSO,INGENIERÍA INDUSTRIAL,Diurna,Presencial,SOGAMOSO,C.C.,1996-08-08,M,2,PERDIO CUPO A130/98 ART.80 LIT. E,TIBASOSA,TIBASOSA,LIT. E,28
SEGUNDO SEMESTRE DE 2024,SECCIONAL SOGAMOSO,INGENIERÍA INDUSTRIAL,Diurna,Presencial,SOGAMOSO,C.C.,1993-09-27,M,2,PERDIO CUPO A130/98 ART.80 LIT. E,AGUA DE DIOS,IZA,LIT. E,31
SEGUNDO SEMESTRE DE 2024,SECCIONAL SOGAMOSO,INGENIERÍA INDUSTRIAL,Diurna,Presencial,SOGAMOSO,T.I.,2003-02-19,F,2,PERDIO CUPO A130/98 ART.80 LIT. E,DUITAMA,DUITAMA,LIT. E,21
SEGUNDO SEMESTRE DE 2024,SECCIONAL SOGAMOSO,INGENIERÍA INDUSTRIAL,Diurna,Presencial,SOGAMOSO,C.C.,2000-03-02,M,1,PERDIO CUPO A130/98 ART. 80 LIT. D,DUITAMA,DUITAMA,LIT. D,24
SEGUNDO SEMESTRE DE 2024,SECCIONAL SOGAMOSO,INGENIERÍA INDUSTRIAL,Diurna,Presencial,SOGAMOSO,C.C.,1986-06-11,F,1,PERDIO CUPO A130/98 ART.80 LIT. E,SOGAMOSO,SOGAMOSO,LIT. E,38
SEGUNDO SEMESTRE DE 2024,SECCIONAL SOGAMOSO,INGENIERÍA INDUSTRIAL,Diurna,Presencial,SOGAMOSO,C.C.,2002-09-27,M,2,PERDIO CUPO A130/98 ART.80 LIT. E,DUITAMA,DUITAMA,LIT. E,22
SEGUNDO SEMESTRE DE 2024,SECCIONAL SOGAMOSO,INGENIERÍA INDUSTRIAL,Diurna,Presencial,SOGAMOSO,C.C.,2004-08-07,M,3,PERDIO CUPO A130/98 ART. 80 LIT. C,SOGAMOSO,SOGAMOSO,LIT. C,20
SEGUNDO SEMESTRE DE 2024,SECCIONAL SOGAMOSO,INGENIERÍA DE SISTEMAS Y COMPUTACION,Diurna,Presencial,SOGAMOSO,C.C.,2004-09-12,M,2,PERDIO CUPO A130/98 ART. 80 LIT. C,SOGAMOSO,SOGAMOSO,LIT. C,20
SEGUNDO SEMESTRE DE 2024,SECCIONAL SOGAMOSO,INGENIERÍA DE SISTEMAS Y COMPUTACION,Diurna,Presencial,SOGAMOSO,C.C.,2004-01-31,M,2,PERDIO CUPO A130/98 ART. 80 LIT. D,SOGAMOSO,SOGAMOSO,LIT. D,20
SEGUNDO SEMESTRE DE 2024,SECCIONAL SOGAMOSO,INGENIERÍA DE SISTEMAS Y COMPUTACION,Diurna,Presencial,SOGAMOSO,C.C.,2003-02-11,M,2,PERDIO CUPO A130/98 ART. 80 LIT. B,SOGAMOSO,SOGAMOSO,LIT. B,21
SEGUNDO SEMESTRE DE 2024,SECCIONAL SOGAMOSO,INGENIERÍA DE SISTEMAS Y COMPUTACION,Diurna,Presencial,SOGAMOSO,C.C.,1970-04-02,M,2,PERDIO CUPO A130/98 ART. 80 LIT. C,SOGAMOSO,SOGAMOSO,LIT. C,54
SEGUNDO SEMESTRE DE 2024,SECCIONAL SOGAMOSO,INGENIERÍA DE SISTEMAS Y COMPUTACION,Diurna,Presencial,SOGAMOSO,T.I.,2006-08-08,M,1,PERDIO CUPO A130/98 ART. 80 LIT. B,AGUAZUL,AGUAZUL,LIT. B,18
SEGUNDO SEMESTRE DE 2024,SECCIONAL SOGAMOSO,CONTADURIA PUBLICA,Diurna,Presencial,SOGAMOSO,C.C.,2003-09-26,M,2,PERDIO CUPO A130/98 ART. 80 LIT. B,PAZ DE ARIPORO,DUITAMA,LIT. B,21
SEGUNDO SEMESTRE DE 2024,SECCIONAL SOGAMOSO,CONTADURIA PUBLICA,Diurna,Presencial,SOGAMOSO,T.I.,2007-01-27,F,2,PERDIO CUPO A130/98 ART. 80 LIT. C,SOGAMOSO,SOGAMOSO,LIT. C,17
SEGUNDO SEMESTRE DE 2024,SECCIONAL SOGAMOSO,CONTADURIA PUBLICA,Diurna,Presencial,SOGAMOSO,C.C.,2004-11-23,M,3,PERDIO CUPO A130/98 ART. 80 LIT. B,TUNJA,SOGAMOSO,LIT. B,20
SEGUNDO SEMESTRE DE 2024,SECCIONAL SOGAMOSO,CONTADURIA PUBLICA,Diurna,Presencial,SOGAMOSO,C.C.,2004-04-25,F,2,PERDIO CUPO A130/98 ART. 80 LIT. C,BOGOTÁ D.C.,IZA,LIT. C,20
SEGUNDO SEMESTRE DE 2024,SECCIONAL SOGAMOSO,ADMINISTRACIÓN DE EMPRESAS,Extendida,Presencial,SOGAMOSO,C.C.,2002-10-01,F,1,PERDIO CUPO A130/98 ART. 80 LIT. B,SOGAMOSO,SOGAMOSO,LIT. B,22
SEGUNDO SEMESTRE DE 2024,SECCIONAL SOGAMOSO,ADMINISTRACIÓN DE EMPRESAS,Extendida,Presencial,SOGAMOSO,C.C.,1998-05-29,M,2,PERDIO CUPO A130/98 ART. 80 LIT. C,SOGAMOSO,SOGAMOSO,LIT. C,26
SEGUNDO SEMESTRE DE 2024,SECCIONAL SOGAMOSO,ADMINISTRACIÓN DE EMPRESAS,Extendida,Presencial,SOGAMOSO,C.C.,2004-03-09,F,2,PERDIO CUPO A130/98 ART. 80 LIT. C,BOGOTÁ D.C.,SOGAMOSO,LIT. C,20
SEGUNDO SEMESTRE DE 2024,SECCIONAL SOGAMOSO,ADMINISTRACIÓN DE EMPRESAS,Extendida,Presencial,SOGAMOSO,C.C.,1984-08-29,F,2,PERDIO CUPO A130/98 ART.80 LIT. E,BOGOTÁ D.C.,SOGAMOSO,LIT. E,40
SEGUNDO SEMESTRE DE 2024,SECCIONAL SOGAMOSO,ADMINISTRACIÓN DE EMPRESAS,Extendida,Presencial,SOGAMOSO,C.C.,2003-04-17,M,2,PERDIO CUPO A130/98 ART. 80 LIT. B,SANTANA,SANTANA,LIT. B,21
SEGUNDO SEMESTRE DE 2024,SECCIONAL SOGAMOSO,ADMINISTRACIÓN DE EMPRESAS,Extendida,Presencial,SOGAMOSO,T.I.,2005-10-31,M,2,PERDIO CUPO A130/98 ART. 80 LIT. C,CÚCUTA,DUITAMA,LIT. C,19
SEGUNDO SEMESTRE DE 2024,SECCIONAL SOGAMOSO,FINANZAS Y COMERCIO INTERNACIONAL,Extendida,Presencial,SOGAMOSO,C.C.,2001-04-28,F,3,PERDIO CUPO A130/98 ART. 80 LIT. C,SOGAMOSO,SOGAMOSO,LIT. C,23
SEGUNDO SEMESTRE DE 2024,SECCIONAL SOGAMOSO,ESPECIALIZACIÓN EN GESTIÓN AMBIENTAL,Otra,Presencial,SOGAMOSO,C.C.,1993-06-18,M,,PERDIO CUPO A 052/2012  ART 15 LIT.A.,DUITAMA,DUITAMA,LIT. A,31
SEGUNDO SEMESTRE DE 2024,SEDE REGIONAL AGUAZUL,ADMINISTRACIÓN DE EMPRESAS TURISTICAS,Diurna,Presencial,AGUAZUL,C.C.,2005-09-02,F,2,PERDIO CUPO A130/98 ART. 80 LIT. C,SOGAMOSO,SOGAMOSO,LIT. C,19
PRIMER SEMESTRE DE 2025,CIENCIAS,FISICA,Diurna,Presencial,TUNJA,C.C.,2004-07-07,F,2,PERDIO CUPO A130/98 ART. 80 LIT. B,BUCARAMANGA,BUCARAMANGA,LIT. B,20
PRIMER SEMESTRE DE 2025,CIENCIAS,FISICA,Diurna,Presencial,TUNJA,C.C.,2004-12-27,F,2,PERDIO CUPO A130/98 ART. 80 LIT. B,TUNJA,TUNJA,LIT. B,20
PRIMER SEMESTRE DE 2025,CIENCIAS,FISICA,Diurna,Presencial,TUNJA,C.C.,2005-09-02,M,2,PERDIO CUPO A130/98 ART. 80 LIT. B,DUITAMA,TUNJA,LIT. B,19
PRIMER SEMESTRE DE 2025,CIENCIAS,FISICA,Diurna,Presencial,TUNJA,C.C.,2004-09-03,M,2,PERDIO CUPO A130/98 ART. 80 LIT. C,TUNJA,TUNJA,LIT. C,20
PRIMER SEMESTRE DE 2025,CIENCIAS,FISICA,Diurna,Presencial,TUNJA,T.I.,2006-11-30,F,1,PERDIO CUPO A130/98 ART. 80 LIT. B,TUNJA,TUNJA,LIT. B,18
PRIMER SEMESTRE DE 2025,CIENCIAS,FISICA,Diurna,Presencial,TUNJA,C.C.,2002-05-25,M,2,PERDIO CUPO A130/98 ART.80 LIT. E,BOGOTÁ D.C.,SABOYÁ,LIT. E,22
PRIMER SEMESTRE DE 2025,CIENCIAS,FISICA,Diurna,Presencial,TUNJA,T.I.,2006-10-11,M,1,PERDIO CUPO A130/98 ART. 80 LIT. B,SIMIJACA,CHIQUINQUIRÁ,LIT. B,18
PRIMER SEMESTRE DE 2025,CIENCIAS,BIOLOGIA,Diurna,Presencial,TUNJA,C.C.,2000-12-18,M,2,PERDIO CUPO A130/98 ART. 80 LIT. C,ARCABUCO,ARCABUCO,LIT. C,24
PRIMER SEMESTRE DE 2025,CIENCIAS,MATEMATICAS,Diurna,Presencial,TUNJA,C.C.,2004-10-25,F,3,PERDIO CUPO A130/98 ART. 80 LIT. B,TUNJA,TUNJA,LIT. B,20
PRIMER SEMESTRE DE 2025,CIENCIAS,MATEMATICAS,Diurna,Presencial,TUNJA,T.I.,2007-05-10,M,3,PERDIO CUPO A130/98 ART. 80 LIT. B,TUNJA,TUNJA,LIT. B,17
PRIMER SEMESTRE DE 2025,CIENCIAS,MATEMATICAS,Diurna,Presencial,TUNJA,C.C.,2004-10-27,M,2,PERDIO CUPO A130/98 ART. 80 LIT. C,TUNJA,TUNJA,LIT. C,20
PRIMER SEMESTRE DE 2025,CIENCIAS,MATEMATICAS,Diurna,Presencial,TUNJA,C.C.,2004-08-25,F,2,PERDIO CUPO A130/98 ART. 80 LIT. C,BOGOTÁ D.C.,TUNJA,LIT. C,20
PRIMER SEMESTRE DE 2025,CIENCIAS,MATEMATICAS,Diurna,Presencial,TUNJA,C.C.,2004-06-21,M,2,PERDIO CUPO A130/98 ART. 80 LIT. C,TUNJA,TUTA,LIT. C,20
PRIMER SEMESTRE DE 2025,CIENCIAS,MATEMATICAS,Diurna,Presencial,TUNJA,C.C.,2004-04-23,M,1,PERDIO CUPO A130/98 ART. 80 LIT. B,BOGOTÁ D.C.,EXTRANJERO,LIT. B,20
PRIMER SEMESTRE DE 2025,CIENCIAS,MATEMATICAS,Diurna,Presencial,TUNJA,C.C.,2002-04-01,M,2,PERDIO CUPO A130/98 ART.80 LIT. E,VILLAVICENCIO,SOGAMOSO,LIT. E,22
PRIMER SEMESTRE DE 2025,CIENCIAS,MATEMATICAS,Diurna,Presencial,TUNJA,C.C.,1999-07-04,M,1,PERDIO CUPO A130/98 ART. 80 LIT. B,EL CASTILLO,UMBITA,LIT. B,25
PRIMER SEMESTRE DE 2025,CIENCIAS,MATEMATICAS,Diurna,Presencial,TUNJA,C.C.,2003-09-05,M,3,PERDIO CUPO A130/98 ART. 80 LIT. C,BOGOTÁ D.C.,TAURAMENA,LIT. C,21
PRIMER SEMESTRE DE 2025,CIENCIAS,QUIMICA,Diurna,Presencial,TUNJA,C.C.,1999-12-10,M,2,PERDIO CUPO A130/98 ART.80 LIT. E,PAZ DE RÍO,TUNJA,LIT. E,25
PRIMER SEMESTRE DE 2025,CIENCIAS,QUIMICA,Diurna,Presencial,TUNJA,C.C.,2001-12-27,M,2,PERDIO CUPO A130/98 ART.80 LIT. E,BUSBANZÁ,BUSBANZÁ,LIT. E,23
PRIMER SEMESTRE DE 2025,CIENCIAS,QUIMICA,Diurna,Presencial,TUNJA,C.C.,2005-10-06,F,3,PERDIO CUPO A130/98 ART. 80 LIT. C,BOGOTÁ D.C.,DUITAMA,LIT. C,19
PRIMER SEMESTRE DE 2025,CIENCIAS,MAESTRÍA EN CIENCIAS BIOLÓGICAS,Otra,Presencial,TUNJA,C.C.,1985-11-06,M,,PERDIO CUPO A 052/2012  ART 15 LIT.B.,PANQUEBA,SOGAMOSO,LIT. B,39
PRIMER SEMESTRE DE 2025,CIENCIAS AGROPECUARIAS,INGENIERÍA AGRONOMICA,Diurna,Presencial,TUNJA,C.C.,2003-11-07,M,2,PERDIO CUPO A130/98 ART. 80 LIT. B,TUNJA,TUNJA,LIT. B,21
PRIMER SEMESTRE DE 2025,CIENCIAS AGROPECUARIAS,INGENIERÍA AGRONOMICA,Diurna,Presencial,TUNJA,C.C.,1996-06-17,M,2,PERDIO CUPO A130/98 ART. 80 LIT. B,EL ESPINO,EL ESPINO,LIT. B,28
PRIMER SEMESTRE DE 2025,CIENCIAS AGROPECUARIAS,INGENIERÍA AGRONOMICA,Diurna,Presencial,TUNJA,C.C.,2005-10-09,M,2,PERDIO CUPO A130/98 ART. 80 LIT. C,TUNJA,TUNJA,LIT. C,19
PRIMER SEMESTRE DE 2025,CIENCIAS AGROPECUARIAS,INGENIERÍA AGRONOMICA,Diurna,Presencial,TUNJA,C.C.,2004-02-25,M,2,PERDIO CUPO A130/98 ART.80 LIT. E,VILLAPINZÓN,VILLAPINZÓN,LIT. E,20
PRIMER SEMESTRE DE 2025,CIENCIAS AGROPECUARIAS,INGENIERÍA AGRONOMICA,Diurna,Presencial,TUNJA,C.C.,2004-11-06,M,2,PERDIO CUPO A130/98 ART. 80 LIT. C,PORE,PORE,LIT. C,20
PRIMER SEMESTRE DE 2025,CIENCIAS AGROPECUARIAS,MEDICINA VETERINARIA Y ZOOTECNIA,Diurna,Presencial,TUNJA,C.C.,2003-10-23,M,3,PERDIO CUPO A130/98 ART. 80 LIT. C,DUITAMA,TUNJA,LIT. C,21
PRIMER SEMESTRE DE 2025,CIENCIAS AGROPECUARIAS,MEDICINA VETERINARIA Y ZOOTECNIA,Diurna,Presencial,TUNJA,C.C.,1995-12-12,F,1,PERDIO CUPO A130/98 ART.80 LIT. E,TUNJA,TUNJA,LIT. E,29
PRIMER SEMESTRE DE 2025,CIENCIAS DE LA EDUCACION,LICENCIATURA EN MATEMATICAS,Diurna,Presencial,TUNJA,T.I.,2006-07-11,M,1,PERDIO CUPO A130/98 ART. 80 LIT. C,CHIQUINQUIRÁ,RÁQUIRA,LIT. C,18
PRIMER SEMESTRE DE 2025,CIENCIAS DE LA EDUCACION,LICENCIATURA EN MATEMATICAS,Diurna,Presencial,TUNJA,C.C.,2004-05-07,M,1,PERDIO CUPO A130/98 ART. 80 LIT. D,TUNJA,TUNJA,LIT. D,20
PRIMER SEMESTRE DE 2025,CIENCIAS DE LA EDUCACION,LICENCIATURA EN MATEMATICAS,Diurna,Presencial,TUNJA,C.C.,2003-07-11,M,2,PERDIO CUPO A130/98 ART. 80 LIT. D,BOGOTÁ D.C.,TUNJA,LIT. D,21
PRIMER SEMESTRE DE 2025,CIENCIAS DE LA EDUCACION,LICENCIATURA EN MATEMATICAS,Diurna,Presencial,TUNJA,C.C.,1990-04-16,M,1,PERDIO CUPO A130/98 ART.80 LIT. E,TUNJA,TUNJA,LIT. E,34
PRIMER SEMESTRE DE 2025,CIENCIAS DE LA EDUCACION,LICENCIATURA EN MATEMATICAS,Diurna,Presencial,TUNJA,T.I.,2005-12-16,M,1,PERDIO CUPO A130/98 ART.80 LIT. E,TUNJA,TUNJA,LIT. E,19
PRIMER SEMESTRE DE 2025,CIENCIAS DE LA EDUCACION,LICENCIATURA EN MATEMATICAS,Diurna,Presencial,TUNJA,C.C.,2006-05-01,M,2,PERDIO CUPO A130/98 ART. 80 LIT. B,TUNJA,TUNJA,LIT. B,18
PRIMER SEMESTRE DE 2025,CIENCIAS DE LA EDUCACION,LICENCIATURA EN CIENCIAS NATURALES Y EDUCACIÓN AMBIENTAL,Diurna,Presencial,TUNJA,C.C.,1996-11-05,M,3,PERDIO CUPO A130/98 ART.80 LIT. E,TUNJA,TUNJA,LIT. E,28
PRIMER SEMESTRE DE 2025,CIENCIAS DE LA EDUCACION,LICENCIATURA EN CIENCIAS NATURALES Y EDUCACIÓN AMBIENTAL,Diurna,Presencial,TUNJA,C.C.,2006-01-11,M,1,PERDIO CUPO A130/98 ART. 80 LIT. C,TAME,TUNJA,LIT. C,18
PRIMER SEMESTRE DE 2025,CIENCIAS DE LA EDUCACION,LICENCIATURA EN CIENCIAS NATURALES Y EDUCACIÓN AMBIENTAL,Diurna,Presencial,TUNJA,C.C.,2003-10-18,F,2,PERDIO CUPO A130/98 ART. 80 LIT. C,PAIPA,TUTA,LIT. C,21
PRIMER SEMESTRE DE 2025,CIENCIAS DE LA EDUCACION,LICENCIATURA EN CIENCIAS NATURALES Y EDUCACIÓN AMBIENTAL,Diurna,Presencial,TUNJA,C.C.,1999-03-12,F,2,PERDIO CUPO A130/98 ART. 80 LIT. B,SOGAMOSO,BOGOTÁ D.C.,LIT. B,25
PRIMER SEMESTRE DE 2025,CIENCIAS DE LA EDUCACION,LICENCIATURA EN MATEMATICAS,Nocturna,Presencial,TUNJA,T.I.,2006-08-31,F,2,PERDIO CUPO A130/98 ART. 80 LIT. C,TIBANÁ,TIBANÁ,LIT. C,18
PRIMER SEMESTRE DE 2025,CIENCIAS DE LA EDUCACION,LICENCIATURA EN MATEMATICAS,Nocturna,Presencial,TUNJA,C.C.,2004-04-19,F,2,PERDIO CUPO A130/98 ART. 80 LIT. D,TUNJA,TUNJA,LIT. D,20
PRIMER SEMESTRE DE 2025,CIENCIAS DE LA EDUCACION,LICENCIATURA EN MATEMATICAS,Nocturna,Presencial,TUNJA,C.C.,2006-01-02,F,3,PERDIO CUPO A130/98 ART. 80 LIT. B,TUNJA,TUTA,LIT. B,18
PRIMER SEMESTRE DE 2025,CIENCIAS DE LA EDUCACION,LICENCIATURA EN MATEMATICAS,Nocturna,Presencial,TUNJA,C.C.,2004-01-31,M,2,PERDIO CUPO A130/98 ART. 80 LIT. B,TUNJA,TUNJA,LIT. B,20
PRIMER SEMESTRE DE 2025,CIENCIAS DE LA EDUCACION,LICENCIATURA EN MATEMATICAS,Nocturna,Presencial,TUNJA,C.C.,2002-08-18,M,1,PERDIO CUPO A130/98 ART. 80 LIT. B,TUNJA,TUNJA,LIT. B,22
PRIMER SEMESTRE DE 2025,CIENCIAS DE LA EDUCACION,LICENCIATURA EN MATEMATICAS,Nocturna,Presencial,TUNJA,C.C.,2004-05-05,F,2,PERDIO CUPO A130/98 ART. 80 LIT. C,TUNJA,TUNJA,LIT. C,20
PRIMER SEMESTRE DE 2025,CIENCIAS DE LA EDUCACION,LICENCIATURA EN EDUCACIÓN FISICA RECREACIÓN Y DEPORTE,Diurna,Presencial,TUNJA,T.I.,2005-11-08,F,2,PERDIO CUPO A130/98 ART. 80 LIT. B,SOGAMOSO,SOGAMOSO,LIT. B,19
PRIMER SEMESTRE DE 2025,CIENCIAS DE LA EDUCACION,LICENCIATURA EN EDUCACIÓN FISICA RECREACIÓN Y DEPORTE,Diurna,Presencial,TUNJA,C.C.,2005-05-20,M,3,PERDIO CUPO A130/98 ART. 80 LIT. B,TUNJA,TUNJA,LIT. B,19
PRIMER SEMESTRE DE 2025,CIENCIAS DE LA EDUCACION,LICENCIATURA EN EDUCACIÓN FISICA RECREACIÓN Y DEPORTE,Diurna,Presencial,TUNJA,C.C.,2004-05-05,M,3,PERDIO CUPO A130/98 ART. 80 LIT. B,TUNJA,TUNJA,LIT. B,20
PRIMER SEMESTRE DE 2025,CIENCIAS DE LA EDUCACION,LICENCIATURA EN EDUCACIÓN FISICA RECREACIÓN Y DEPORTE,Diurna,Presencial,TUNJA,T.I.,2007-04-24,M,2,PERDIO CUPO A130/98 ART. 80 LIT. C,TUNJA,TURMEQUÉ,LIT. C,17
PRIMER SEMESTRE DE 2025,CIENCIAS DE LA EDUCACION,LICENCIATURA EN CIENCIAS SOCIALES,Diurna,Presencial,TUNJA,C.C.,2000-05-03,M,2,PERDIO CUPO A130/98 ART. 80 LIT. C,SIACHOQUE,SIACHOQUE,LIT. C,24
PRIMER SEMESTRE DE 2025,CIENCIAS DE LA EDUCACION,LICENCIATURA EN CIENCIAS SOCIALES,Diurna,Presencial,TUNJA,C.C.,1997-07-03,M,1,PERDIO CUPO A130/98 ART.80 LIT. E,BOGOTA D.E,YOPAL,LIT. E,27
PRIMER SEMESTRE DE 2025,CIENCIAS DE LA EDUCACION,LICENCIATURA EN CIENCIAS SOCIALES,Diurna,Presencial,TUNJA,C.C.,2004-06-11,M,2,PERDIO CUPO A130/98 ART. 80 LIT. C,ZIPAQUIRÁ,SOGAMOSO,LIT. C,20
PRIMER SEMESTRE DE 2025,CIENCIAS DE LA EDUCACION,LICENCIATURA EN MUSICA,Diurna,Presencial,TUNJA,C.C.,1997-10-25,F,1,PERDIO CUPO A130/98 ART. 80 LIT. D,TUNJA,TUNJA,LIT. D,27
PRIMER SEMESTRE DE 2025,CIENCIAS DE LA EDUCACION,LICENCIATURA EN MUSICA,Diurna,Presencial,TUNJA,C.C.,1998-01-09,M,,PERDIO CUPO A130/98 ART.80 LIT. E,TUNJA,TUNJA,LIT. E,26
PRIMER SEMESTRE DE 2025,CIENCIAS DE LA EDUCACION,LICENCIATURA EN MUSICA,Diurna,Presencial,TUNJA,C.C.,1996-07-08,M,2,PERDIO CUPO A130/98 ART. 80 LIT. C,CARTAGENA,AGUAZUL,LIT. C,28
PRIMER SEMESTRE DE 2025,CIENCIAS DE LA EDUCACION,LICENCIATURA EN MUSICA,Diurna,Presencial,TUNJA,C.C.,2005-05-08,M,2,PERDIO CUPO A130/98 ART. 80 LIT. D,SAMACÁ,SAMACÁ,LIT. D,19
PRIMER SEMESTRE DE 2025,CIENCIAS DE LA EDUCACION,LICENCIATURA EN MUSICA,Diurna,Presencial,TUNJA,T.I.,2005-10-12,F,2,PERDIO CUPO A130/98 ART. 80 LIT. B,DUITAMA,BELÉN,LIT. B,19
PRIMER SEMESTRE DE 2025,CIENCIAS DE LA EDUCACION,LICENCIATURA EN FILOSOFIA,Extendida,Presencial,TUNJA,C.C.,2005-03-04,F,2,PERDIO CUPO A130/98 ART. 80 LIT. C,JENESANO,TUNJA,LIT. C,19
PRIMER SEMESTRE DE 2025,CIENCIAS DE LA EDUCACION,LICENCIATURA EN FILOSOFIA,Extendida,Presencial,TUNJA,C.C.,2002-01-24,M,2,PERDIO CUPO A130/98 ART.80 LIT. E,DUITAMA,DUITAMA,LIT. E,22
PRIMER SEMESTRE DE 2025,CIENCIAS DE LA EDUCACION,LICENCIATURA EN LENGUAS EXTRANJERAS CON ENFASIS EN INGLES Y EN FRANCES,Extendida,Presencial,TUNJA,C.C.,2003-11-15,F,3,PERDIO CUPO A130/98 ART. 80 LIT. D,OCAÑA,SOGAMOSO,LIT. D,21
PRIMER SEMESTRE DE 2025,CIENCIAS DE LA EDUCACION,LICENCIATURA EN LENGUAS EXTRANJERAS CON ENFASIS EN INGLES Y EN FRANCES,Extendida,Presencial,TUNJA,C.C.,2003-05-21,F,2,PERDIO CUPO A130/98 ART. 80 LIT. D,SOGAMOSO,SOGAMOSO,LIT. D,21
PRIMER SEMESTRE DE 2025,CIENCIAS DE LA EDUCACION,LICENCIATURA EN LENGUAS EXTRANJERAS CON ENFASIS EN INGLES Y EN FRANCES,Extendida,Presencial,TUNJA,C.C.,2004-04-30,F,2,PERDIO CUPO A130/98 ART. 80 LIT. C,TUNJA,TUNJA,LIT. C,20
PRIMER SEMESTRE DE 2025,CIENCIAS DE LA EDUCACION,LICENCIATURA EN LENGUAS EXTRANJERAS CON ENFASIS EN INGLES Y EN FRANCES,Extendida,Presencial,TUNJA,C.C.,2006-10-05,M,3,PERDIO CUPO A130/98 ART. 80 LIT. B,TUNJA,TUNJA,LIT. B,18
PRIMER SEMESTRE DE 2025,CIENCIAS DE LA EDUCACION,LICENCIATURA EN LENGUAS EXTRANJERAS CON ENFASIS EN INGLES Y EN FRANCES,Extendida,Presencial,TUNJA,C.C.,2004-01-21,M,3,PERDIO CUPO A130/98 ART.80 LIT. E,TUNJA,TUNJA,LIT. E,20
PRIMER SEMESTRE DE 2025,CIENCIAS DE LA EDUCACION,LICENCIATURA EN LENGUAS EXTRANJERAS CON ENFASIS EN INGLES Y EN FRANCES,Extendida,Presencial,TUNJA,T.I.,2004-04-28,M,2,PERDIO CUPO A130/98 ART. 80 LIT. D,SANTA ROSA DE VITERBO,BELÉN,LIT. D,20
PRIMER SEMESTRE DE 2025,CIENCIAS DE LA EDUCACION,LICENCIATURA EN EDUCACIÓN INFANTIL,Extendida,Presencial,TUNJA,C.C.,2005-10-30,F,2,PERDIO CUPO A130/98 ART. 80 LIT. B,MIRAFLORES,TUNJA,LIT. B,19
PRIMER SEMESTRE DE 2025,CIENCIAS DE LA EDUCACION,"LICENCIATURA EN LENGUAS MODERNAS, CON ENFASIS EN INGLES",Extendida,Presencial,TUNJA,C.C.,1998-11-10,M,3,PERDIO CUPO A130/98 ART. 80 LIT. B,TUNJA,TUNJA,LIT. B,26
PRIMER SEMESTRE DE 2025,CIENCIAS DE LA EDUCACION,"LICENCIATURA EN LENGUAS MODERNAS, CON ENFASIS EN INGLES",Extendida,Presencial,TUNJA,C.C.,2004-06-01,M,2,PERDIO CUPO A130/98 ART. 80 LIT. B,TUNJA,TUNJA,LIT. B,20
PRIMER SEMESTRE DE 2025,CIENCIAS DE LA EDUCACION,"LICENCIATURA EN LENGUAS MODERNAS, CON ENFASIS EN INGLES",Extendida,Presencial,TUNJA,C.C.,2006-02-19,M,2,PERDIO CUPO A130/98 ART. 80 LIT. C,TUNJA,TUNJA,LIT. C,18
PRIMER SEMESTRE DE 2025,CIENCIAS DE LA EDUCACION,"LICENCIATURA EN LENGUAS MODERNAS, CON ENFASIS EN INGLES",Extendida,Presencial,TUNJA,C.C.,2003-08-18,F,2,PERDIO CUPO A130/98 ART. 80 LIT. D,JENESANO,JENESANO,LIT. D,21
PRIMER SEMESTRE DE 2025,CIENCIAS DE LA EDUCACION,"LICENCIATURA EN LENGUAS MODERNAS, CON ENFASIS EN INGLES",Extendida,Presencial,TUNJA,T.I.,2005-10-11,F,3,PERDIO CUPO A130/98 ART.80 LIT. E,CHIQUINQUIRÁ,TUNJA,LIT. E,19
PRIMER SEMESTRE DE 2025,CIENCIAS DE LA EDUCACION,LICENCIATURA EN LITERATURA Y LENGUA CASTELLANA,Extendida,Presencial,TUNJA,C.C.,2005-12-25,M,1,PERDIO CUPO A130/98 ART. 80 LIT. C,CRAVO NORTE,CRAVO NORTE,LIT. C,19
PRIMER SEMESTRE DE 2025,CIENCIAS DE LA EDUCACION,LICENCIATURA EN LITERATURA Y LENGUA CASTELLANA,Extendida,Presencial,TUNJA,C.C.,2006-10-22,F,2,PERDIO CUPO A130/98 ART. 80 LIT. C,TUNJA,TUNJA,LIT. C,18
PRIMER SEMESTRE DE 2025,CIENCIAS DE LA EDUCACION,LICENCIATURA EN INFORMATICA,Diurna,Presencial,TUNJA,C.C.,2004-11-28,M,2,PERDIO CUPO A130/98 ART. 80 LIT. D,TUNJA,TUNJA,LIT. D,20
PRIMER SEMESTRE DE 2025,CIENCIAS DE LA EDUCACION,LICENCIATURA EN INFORMATICA,Diurna,Presencial,TUNJA,C.C.,2006-08-01,M,1,PERDIO CUPO A130/98 ART. 80 LIT. C,CRAVO NORTE,TUNJA,LIT. C,18
PRIMER SEMESTRE DE 2025,CIENCIAS DE LA EDUCACION,LICENCIATURA EN INFORMATICA,Diurna,Presencial,TUNJA,C.C.,2002-12-07,M,2,PERDIO CUPO A130/98 ART. 80 LIT. B,TUNJA,TUNJA,LIT. B,22
PRIMER SEMESTRE DE 2025,CIENCIAS DE LA EDUCACION,LICENCIATURA EN INFORMATICA,Diurna,Presencial,TUNJA,C.C.,1999-01-07,M,1,PERDIO CUPO A130/98 ART.80 LIT. E,TOCA,TUNJA,LIT. E,25
PRIMER SEMESTRE DE 2025,CIENCIAS DE LA EDUCACION,LICENCIATURA EN INFORMATICA,Diurna,Presencial,TUNJA,C.C.,2002-08-20,M,2,PERDIO CUPO A130/98 ART.80 LIT. E,IBAGUÉ,NUEVO COLÓN,LIT. E,22
PRIMER SEMESTRE DE 2025,CIENCIAS DE LA EDUCACION,LICENCIATURA EN INFORMATICA,Diurna,Presencial,TUNJA,T.I.,2004-12-28,M,2,PERDIO CUPO A130/98 ART. 80 LIT. C,BOGOTÁ D.C.,BOGOTÁ D.C.,LIT. C,20
PRIMER SEMESTRE DE 2025,CIENCIAS DE LA EDUCACION,ARTES PLASTICAS Y VISUALES,Extendida,Presencial,TUNJA,T.I.,2002-02-01,M,2,PERDIO CUPO A130/98 ART. 80 LIT. D,BOGOTÁ D.C.,TINJACÁ,LIT. D,22
PRIMER SEMESTRE DE 2025,CIENCIAS DE LA EDUCACION,MAESTRÍA EN LINGÜÍSTICA,Otra,Presencial,TUNJA,C.C.,1999-02-15,M,,PERDIO CUPO A 052/2012  ART 15 LIT.B.,SOGAMOSO,SOGAMOSO,LIT. B,25
PRIMER SEMESTRE DE 2025,CIENCIAS DE LA EDUCACION,DOCTORADO EN CIENCIAS DE LA EDUCACIÓN,Otra,Presencial,TUNJA,C.C.,1968-03-31,F,,PERDIO CUPO A 052/2012  ART 15 LIT.A.,BELÉN,BELÉN,LIT. A,56
PRIMER SEMESTRE DE 2025,CIENCIAS DE LA EDUCACION,MAESTRÍA EN LITERATURA,Otra,Presencial,TUNJA,C.C.,1973-02-16,M,,PERDIO CUPO A 052/2012  ART 15 LIT.A.,BOGOTÁ D.C.,BOGOTÁ D.C.,LIT. A,51
PRIMER SEMESTRE DE 2025,CIENCIAS DE LA EDUCACION,LICENCIATURA EN EDUCACIÓN BASICA PRIMARIA,Extendida,Distancia,TUNJA,C.C.,2003-11-10,F,1,PERDIO CUPO A130/98 ART. 80 LIT. C,MIRAFLORES,ZETAQUIRA,LIT. C,21
PRIMER SEMESTRE DE 2025,CIENCIAS DE LA EDUCACION,LICENCIATURA EN EDUCACIÓN BASICA PRIMARIA,Extendida,Distancia,TUNJA,C.C.,1997-02-09,F,1,PERDIO CUPO A130/98 ART.80 LIT. E,SOATÁ,SOATÁ,LIT. E,27
PRIMER SEMESTRE DE 2025,CIENCIAS DE LA EDUCACION,LICENCIATURA EN EDUCACIÓN BASICA PRIMARIA,Extendida,Distancia,TUNJA,C.C.,2001-06-01,F,2,PERDIO CUPO A130/98 ART. 80 LIT. B,VILLA DE LEYVA,VILLA DE LEYVA,LIT. B,23
PRIMER SEMESTRE DE 2025,CIENCIAS DE LA EDUCACION,LICENCIATURA EN EDUCACIÓN BASICA PRIMARIA,Extendida,Distancia,TUNJA,C.C.,1997-12-03,F,2,PERDIO CUPO A130/98 ART. 80 LIT. D,TUNJA,TUNJA,LIT. D,27
PRIMER SEMESTRE DE 2025,CIENCIAS DE LA EDUCACION,LICENCIATURA EN EDUCACIÓN BASICA PRIMARIA,Extendida,Distancia,SOGAMOSO,C.C.,2002-02-18,F,1,PERDIO CUPO A130/98 ART.80 LIT. E,SÁCAMA,PAZ DE ARIPORO,LIT. E,22
PRIMER SEMESTRE DE 2025,CIENCIAS DE LA SALUD,PSICOLOGIA,Diurna,Presencial,TUNJA,C.C.,2000-04-01,M,3,PERDIO CUPO A130/98 ART. 80 LIT. D,TUNJA,TUNJA,LIT. D,24
PRIMER SEMESTRE DE 2025,CIENCIAS DE LA SALUD,PSICOLOGIA,Diurna,Presencial,TUNJA,C.C.,1996-09-15,M,1,PERDIO CUPO A130/98 ART. 80 LIT. D,HATO COROZAL,HATO COROZAL,LIT. D,28
PRIMER SEMESTRE DE 2025,CIENCIAS DE LA SALUD,PSICOLOGIA,Diurna,Presencial,TUNJA,C.C.,2004-11-29,M,2,PERDIO CUPO A130/98 ART.80 LIT. E,CAMPOHERMOSO,DUITAMA,LIT. E,20
PRIMER SEMESTRE DE 2025,CIENCIAS DE LA SALUD,MEDICINA,Diurna,Presencial,TUNJA,C.C.,2001-07-28,F,2,PERDIO CUPO A130/98 ART. 80 LIT. D,OCAÑA,OCAÑA,LIT. D,23
PRIMER SEMESTRE DE 2025,CIENCIAS ECONOMICAS Y ADMINISTRATIVAS,ECONOMIA,Diurna,Presencial,TUNJA,C.C.,2003-08-23,F,2,PERDIO CUPO A130/98 ART. 80 LIT. C,CHOCONTÁ,CHOCONTÁ,LIT. C,21
PRIMER SEMESTRE DE 2025,CIENCIAS ECONOMICAS Y ADMINISTRATIVAS,ECONOMIA,Diurna,Presencial,TUNJA,C.C.,2006-09-18,M,3,PERDIO CUPO A130/98 ART. 80 LIT. C,TUNJA,TUNJA,LIT. C,18
PRIMER SEMESTRE DE 2025,CIENCIAS ECONOMICAS Y ADMINISTRATIVAS,ECONOMIA,Diurna,Presencial,TUNJA,C.C.,2003-06-30,M,2,PERDIO CUPO A130/98 ART. 80 LIT. C,TUNJA,TUNJA,LIT. C,21
PRIMER SEMESTRE DE 2025,CIENCIAS ECONOMICAS Y ADMINISTRATIVAS,ECONOMIA,Nocturna,Presencial,TUNJA,C.C.,2001-01-28,M,3,PERDIO CUPO A130/98 ART. 80 LIT. B,TUNJA,TUNJA,LIT. B,23
PRIMER SEMESTRE DE 2025,CIENCIAS ECONOMICAS Y ADMINISTRATIVAS,ECONOMIA,Nocturna,Presencial,TUNJA,,2006-11-17,M,2,PERDIO CUPO A130/98 ART. 80 LIT. D,TUNJA,BOGOTÁ D.C.,LIT. D,18
PRIMER SEMESTRE DE 2025,CIENCIAS ECONOMICAS Y ADMINISTRATIVAS,ECONOMIA,Nocturna,Presencial,TUNJA,C.C.,2003-01-23,M,2,PERDIO CUPO A130/98 ART.80 LIT. E,TUNJA,TUNJA,LIT. E,21
PRIMER SEMESTRE DE 2025,CIENCIAS ECONOMICAS Y ADMINISTRATIVAS,ADMINISTRACIÓN DE EMPRESAS,Diurna,Presencial,TUNJA,C.C.,2004-07-11,M,2,PERDIO CUPO A130/98 ART. 80 LIT. C,BOGOTÁ D.C.,LETICIA,LIT. C,20
PRIMER SEMESTRE DE 2025,CIENCIAS ECONOMICAS Y ADMINISTRATIVAS,ADMINISTRACIÓN DE EMPRESAS,Diurna,Presencial,TUNJA,C.C.,2006-02-28,M,1,PERDIO CUPO A130/98 ART. 80 LIT. B,GARAGOA,GARAGOA,LIT. B,18
PRIMER SEMESTRE DE 2025,CIENCIAS ECONOMICAS Y ADMINISTRATIVAS,ADMINISTRACIÓN DE EMPRESAS,Nocturna,Presencial,TUNJA,C.C.,2001-11-22,M,3,PERDIO CUPO A130/98 ART. 80 LIT. B,TUNJA,TUNJA,LIT. B,23
PRIMER SEMESTRE DE 2025,CIENCIAS ECONOMICAS Y ADMINISTRATIVAS,ADMINISTRACIÓN DE EMPRESAS,Nocturna,Presencial,TUNJA,C.C.,1993-09-07,M,2,PERDIO CUPO A130/98 ART.80 LIT. E,SAMACÁ,SAMACÁ,LIT. E,31
PRIMER SEMESTRE DE 2025,CIENCIAS ECONOMICAS Y ADMINISTRATIVAS,ADMINISTRACIÓN DE EMPRESAS,Nocturna,Presencial,TUNJA,C.C.,2001-06-04,M,2,PERDIO CUPO A130/98 ART. 80 LIT. D,TUNJA,TUNJA,LIT. D,23
PRIMER SEMESTRE DE 2025,CIENCIAS ECONOMICAS Y ADMINISTRATIVAS,CONTADURIA PUBLICA,Nocturna,Presencial,TUNJA,C.C.,2000-10-29,M,2,PERDIO CUPO A130/98 ART. 80 LIT. C,JENESANO,JENESANO,LIT. C,24
PRIMER SEMESTRE DE 2025,CIENCIAS ECONOMICAS Y ADMINISTRATIVAS,ESPECIALIZACIÓN EN GERENCIA TRIBUTARIA,Otra,Presencial,TUNJA,C.C.,1983-09-30,F,,PERDIO CUPO A 052/2012  ART 15 LIT.A.,TUNJA,TUNJA,LIT. A,41
PRIMER SEMESTRE DE 2025,CIENCIAS ECONOMICAS Y ADMINISTRATIVAS,ESPECIALIZACIÓN EN GERENCIA TRIBUTARIA,Otra,Presencial,TUNJA,C.C.,1999-11-03,F,,PERDIO CUPO A 052/2012  ART 15 LIT.A.,TUNJA,TUNJA,LIT. A,25
PRIMER SEMESTRE DE 2025,DERECHO Y CIENCIAS  SOCIALES,DERECHO,Diurna,Presencial,TUNJA,C.C.,2003-08-26,M,2,PERDIO CUPO A130/98 ART. 80 LIT. D,DUITAMA,DUITAMA,LIT. D,21
PRIMER SEMESTRE DE 2025,DERECHO Y CIENCIAS  SOCIALES,DERECHO,Diurna,Presencial,TUNJA,T.I.,2006-12-07,M,1,PERDIO CUPO A130/98 ART.80 LIT. E,TUNJA,TUNJA,LIT. E,18
PRIMER SEMESTRE DE 2025,DERECHO Y CIENCIAS  SOCIALES,DERECHO,Diurna,Presencial,TUNJA,C.C.,1991-12-29,M,,PERDIO CUPO A130/98 ART.80 LIT. E,TUNJA,TUNJA,LIT. E,33
PRIMER SEMESTRE DE 2025,DERECHO Y CIENCIAS  SOCIALES,DERECHO,Diurna,Presencial,TUNJA,C.C.,2001-04-10,F,2,PERDIO CUPO A130/98 ART.80 LIT. E,SOGAMOSO,SOGAMOSO,LIT. E,23
PRIMER SEMESTRE DE 2025,DERECHO Y CIENCIAS  SOCIALES,DERECHO,Diurna,Presencial,TUNJA,C.C.,1996-04-25,F,2,PERDIO CUPO A130/98 ART. 80 LIT. C,DUITAMA,DUITAMA,LIT. C,28
PRIMER SEMESTRE DE 2025,DERECHO Y CIENCIAS  SOCIALES,DERECHO,Extendida,Presencial,AGUAZUL,T.I.,2005-11-07,F,1,PERDIO CUPO A130/98 ART. 80 LIT. D,DUITAMA,DUITAMA,LIT. D,19
PRIMER SEMESTRE DE 2025,DERECHO Y CIENCIAS  SOCIALES,DERECHO,Extendida,Presencial,AGUAZUL,C.C.,1981-02-12,M,2,PERDIO CUPO A130/98 ART.80 LIT. E,MANÍ,MANÍ,LIT. E,43
PRIMER SEMESTRE DE 2025,DERECHO Y CIENCIAS  SOCIALES,DERECHO,Extendida,Presencial,AGUAZUL,C.C.,2005-11-18,M,2,PERDIO CUPO A130/98 ART. 80 LIT. D,AGUAZUL,AGUAZUL,LIT. D,19
PRIMER SEMESTRE DE 2025,ESTUDIOS A DISTANCIA,ESPECIALIZACION EN ALTA GERENCIA DE EMPRESAS,Otra,Virtual,TUNJA,C.C.,1992-10-21,M,,PERDIO CUPO A 052/2012  ART 15 LIT.A.,TRINIDAD,TRINIDAD,LIT. A,32
PRIMER SEMESTRE DE 2025,ESTUDIOS A DISTANCIA,TECNOLOGIA EN OBRAS CIVILES,Otra,Distancia,TUNJA,C.C.,1999-06-27,M,2,PERDIO CUPO A130/98 ART. 80 LIT. B,BOGOTÁ D.C.,BOGOTÁ D.C.,LIT. B,25
PRIMER SEMESTRE DE 2025,ESTUDIOS A DISTANCIA,TECNOLOGIA EN OBRAS CIVILES,Otra,Distancia,TUNJA,C.C.,1993-10-27,M,2,PERDIO CUPO A130/98 ART. 80 LIT. B,BOGOTÁ D.C.,BOGOTÁ D.C.,LIT. B,31
PRIMER SEMESTRE DE 2025,ESTUDIOS A DISTANCIA,TECNOLOGIA EN OBRAS CIVILES,Otra,Distancia,TUNJA,C.C.,2002-04-07,M,2,PERDIO CUPO A130/98 ART. 80 LIT. C,TUNJA,ARCABUCO,LIT. C,22
PRIMER SEMESTRE DE 2025,ESTUDIOS A DISTANCIA,TECNOLOGIA EN OBRAS CIVILES,Otra,Distancia,TUNJA,T.I.,2006-09-21,M,2,PERDIO CUPO A130/98 ART. 80 LIT. C,TUNJA,TUNJA,LIT. C,18
PRIMER SEMESTRE DE 2025,ESTUDIOS A DISTANCIA,TECNOLOGIA EN OBRAS CIVILES,Otra,Distancia,TUNJA,C.C.,2000-02-05,M,2,PERDIO CUPO A130/98 ART. 80 LIT. B,TUNJA,TUNJA,LIT. B,24
PRIMER SEMESTRE DE 2025,ESTUDIOS A DISTANCIA,TECNOLOGIA EN OBRAS CIVILES,Otra,Distancia,TUNJA,C.C.,1995-12-30,M,1,PERDIO CUPO A130/98 ART. 80 LIT. C,MIRAFLORES,ZETAQUIRA,LIT. C,29
PRIMER SEMESTRE DE 2025,ESTUDIOS A DISTANCIA,TECNOLOGIA EN OBRAS CIVILES,Otra,Distancia,SOGAMOSO,C.C.,2004-11-06,M,2,PERDIO CUPO A130/98 ART. 80 LIT. C,CAMPOHERMOSO,SOGAMOSO,LIT. C,20
PRIMER SEMESTRE DE 2025,ESTUDIOS A DISTANCIA,TECNOLOGIA EN OBRAS CIVILES,Otra,Distancia,SOGAMOSO,C.C.,1997-05-13,M,2,PERDIO CUPO A130/98 ART.80 LIT. E,SOGAMOSO,SOGAMOSO,LIT. E,27
PRIMER SEMESTRE DE 2025,ESTUDIOS A DISTANCIA,TECNOLOGIA EN OBRAS CIVILES,Otra,Distancia,SOGAMOSO,T.I.,2006-05-19,M,2,PERDIO CUPO A130/98 ART. 80 LIT. C,SOGAMOSO,SOGAMOSO,LIT. C,18
PRIMER SEMESTRE DE 2025,ESTUDIOS A DISTANCIA,TECNOLOGIA EN OBRAS CIVILES,Otra,Distancia,SOGAMOSO,C.C.,1995-10-28,M,2,PERDIO CUPO A130/98 ART. 80 LIT. B,BOGOTÁ D.C.,AGUAZUL,LIT. B,29
PRIMER SEMESTRE DE 2025,ESTUDIOS A DISTANCIA,TECNOLOGIA EN OBRAS CIVILES,Otra,Distancia,SOGAMOSO,C.C.,1994-09-02,M,2,PERDIO CUPO A130/98 ART. 80 LIT. B,BOGOTÁ D.C.,SOGAMOSO,LIT. B,30
PRIMER SEMESTRE DE 2025,ESTUDIOS A DISTANCIA,TECNOLOGIA EN OBRAS CIVILES,Otra,Distancia,YOPAL,C.C.,1999-08-16,F,1,PERDIO CUPO A130/98 ART. 80 LIT. B,TAURAMENA,BOGOTÁ D.C.,LIT. B,25
PRIMER SEMESTRE DE 2025,ESTUDIOS A DISTANCIA,TECNOLOGIA EN OBRAS CIVILES,Otra,Distancia,CHIQUINQUIRA,C.C.,2004-11-21,F,1,PERDIO CUPO A130/98 ART. 80 LIT. B,CHIQUINQUIRÁ,CHIQUINQUIRÁ,LIT. B,20
PRIMER SEMESTRE DE 2025,ESTUDIOS A DISTANCIA,TECNOLOGIA EN OBRAS CIVILES,Otra,Distancia,CHIQUINQUIRA,C.C.,2001-07-15,M,2,PERDIO CUPO A130/98 ART. 80 LIT. B,CHIQUINQUIRÁ,CHIQUINQUIRÁ,LIT. B,23
PRIMER SEMESTRE DE 2025,ESTUDIOS A DISTANCIA,TECNOLOGIA EN OBRAS CIVILES,Otra,Distancia,CHIQUINQUIRA,C.C.,2005-09-12,M,2,PERDIO CUPO A130/98 ART. 80 LIT. B,CHIQUINQUIRÁ,CHIQUINQUIRÁ,LIT. B,19
PRIMER SEMESTRE DE 2025,ESTUDIOS A DISTANCIA,TECNOLOGIA EN OBRAS CIVILES,Otra,Distancia,CHIQUINQUIRA,C.C.,2005-12-14,F,2,PERDIO CUPO A130/98 ART. 80 LIT. B,MUZO,MUZO,LIT. B,19
PRIMER SEMESTRE DE 2025,ESTUDIOS A DISTANCIA,TECNOLOGIA EN OBRAS CIVILES,Otra,Distancia,CHIQUINQUIRA,C.C.,1997-08-20,M,2,PERDIO CUPO A130/98 ART. 80 LIT. B,UBATE,SUSA,LIT. B,27
PRIMER SEMESTRE DE 2025,ESTUDIOS A DISTANCIA,TECNOLOGIA EN OBRAS CIVILES,Otra,Distancia,CHIQUINQUIRA,C.C.,2001-11-02,M,2,PERDIO CUPO A130/98 ART. 80 LIT. B,UBATE,SUSA,LIT. B,23
PRIMER SEMESTRE DE 2025,ESTUDIOS A DISTANCIA,TECNOLOGIA EN OBRAS CIVILES,Otra,Distancia,DUITAMA,T.I.,2005-09-08,M,2,PERDIO CUPO A130/98 ART. 80 LIT. D,TOTA,BOGOTÁ D.C.,LIT. D,19
PRIMER SEMESTRE DE 2025,ESTUDIOS A DISTANCIA,TECNOLOGIA EN REGENCIA DE FARMACIA,Otra,Distancia,TUNJA,C.C.,1988-01-22,F,1,PERDIO CUPO A130/98 ART. 80 LIT. D,GUATEQUE,GUATEQUE,LIT. D,36
PRIMER SEMESTRE DE 2025,ESTUDIOS A DISTANCIA,TECNOLOGIA EN REGENCIA DE FARMACIA,Otra,Distancia,TUNJA,C.C.,1995-04-10,F,2,PERDIO CUPO A130/98 ART. 80 LIT. D,TUNJA,TUNJA,LIT. D,29
PRIMER SEMESTRE DE 2025,ESTUDIOS A DISTANCIA,TECNOLOGIA EN REGENCIA DE FARMACIA,Otra,Distancia,SOGAMOSO,C.C.,1987-04-11,F,2,PERDIO CUPO A130/98 ART. 80 LIT. B,SOGAMOSO,BOGOTÁ D.C.,LIT. B,37
PRIMER SEMESTRE DE 2025,ESTUDIOS A DISTANCIA,TECNOLOGIA EN REGENCIA DE FARMACIA,Otra,Distancia,SOGAMOSO,C.C.,1999-09-18,M,2,PERDIO CUPO A130/98 ART. 80 LIT. B,BOGOTÁ D.C.,SOGAMOSO,LIT. B,25
PRIMER SEMESTRE DE 2025,ESTUDIOS A DISTANCIA,TECNOLOGIA EN REGENCIA DE FARMACIA,Otra,Distancia,SOGAMOSO,C.C.,2000-05-20,F,2,PERDIO CUPO A130/98 ART. 80 LIT. C,CÚCUTA,RAGONVALIA,LIT. C,24
PRIMER SEMESTRE DE 2025,ESTUDIOS A DISTANCIA,TECNOLOGIA EN REGENCIA DE FARMACIA,Otra,Distancia,SOGAMOSO,C.C.,1999-11-23,F,1,PERDIO CUPO A130/98 ART. 80 LIT. D,MONGUA,SOGAMOSO,LIT. D,25
PRIMER SEMESTRE DE 2025,ESTUDIOS A DISTANCIA,TECNOLOGIA EN REGENCIA DE FARMACIA,Otra,Distancia,SOGAMOSO,C.C.,1999-08-12,F,2,PERDIO CUPO A130/98 ART.80 LIT. E,SOGAMOSO,SOGAMOSO,LIT. E,25
PRIMER SEMESTRE DE 2025,ESTUDIOS A DISTANCIA,TECNICA PROFESIONAL EN PROCESOS AGROINDUSTRIALES,Otra,Virtual,TUNJA,T.I.,2005-01-01,F,2,PERDIO CUPO A130/98 ART.80 LIT. E,BOGOTÁ D.C.,RÁQUIRA,LIT. E,19
PRIMER SEMESTRE DE 2025,ESTUDIOS A DISTANCIA,TECNICA PROFESIONAL EN PROCESOS AGROINDUSTRIALES,Otra,Virtual,GARAGOA,C.C.,2001-02-06,M,2,PERDIO CUPO A130/98 ART. 80 LIT. B,PLATO,PLATO,LIT. B,23
PRIMER SEMESTRE DE 2025,ESTUDIOS A DISTANCIA,TECNICA PROFESIONAL EN PROCESOS AGROINDUSTRIALES,Otra,Virtual,GARAGOA,C.C.,2004-08-21,M,1,PERDIO CUPO A130/98 ART. 80 LIT. B,NUEVA GRANADA,NUEVA GRANADA,LIT. B,20
PRIMER SEMESTRE DE 2025,ESTUDIOS A DISTANCIA,TECNICA PROFESIONAL EN PROCESOS AGROINDUSTRIALES,Otra,Virtual,GARAGOA,C.C.,1994-10-07,F,1,PERDIO CUPO A130/98 ART. 80 LIT. B,FUNDACIÓN,FUNDACIÓN,LIT. B,30
PRIMER SEMESTRE DE 2025,ESTUDIOS A DISTANCIA,TECNICA PROFESIONAL EN PROCESOS AGROINDUSTRIALES,Otra,Virtual,GARAGOA,C.C.,2003-06-20,M,1,PERDIO CUPO A130/98 ART. 80 LIT. B,PIJIÑO DEL CARMEN,PIJIÑO DEL CARMEN,LIT. B,21
PRIMER SEMESTRE DE 2025,ESTUDIOS A DISTANCIA,TECNICA PROFESIONAL EN PROCESOS AGROINDUSTRIALES,Otra,Virtual,GARAGOA,C.C.,1993-08-31,M,2,PERDIO CUPO A130/98 ART. 80 LIT. B,SAN SEBASTIÁN DE BUENAVISTA,SAN SEBASTIÁN DE BUENAVISTA,LIT. B,31
PRIMER SEMESTRE DE 2025,ESTUDIOS A DISTANCIA,TECNICA PROFESIONAL EN PROCESOS AGROINDUSTRIALES,Otra,Virtual,GARAGOA,C.C.,2005-01-11,F,1,PERDIO CUPO A130/98 ART.80 LIT. E,ARIGUANÍ,SABANAS DE SAN ANGEL,LIT. E,19
PRIMER SEMESTRE DE 2025,ESTUDIOS A DISTANCIA,TECNICA PROFESIONAL EN PROCESOS AGROINDUSTRIALES,Otra,Virtual,GARAGOA,C.C.,1989-06-22,M,1,PERDIO CUPO A130/98 ART. 80 LIT. B,ARACATACA,MAICAO,LIT. B,35
PRIMER SEMESTRE DE 2025,ESTUDIOS A DISTANCIA,TECNICA PROFESIONAL EN PROCESOS AGROINDUSTRIALES,Otra,Virtual,GARAGOA,C.C.,1992-10-14,M,2,PERDIO CUPO A130/98 ART. 80 LIT. B,CIÉNAGA,ZONA BANANERA,LIT. B,32
PRIMER SEMESTRE DE 2025,ESTUDIOS A DISTANCIA,TECNICA PROFESIONAL EN PROCESOS AGROINDUSTRIALES,Otra,Virtual,GARAGOA,C.C.,1990-04-28,M,1,PERDIO CUPO A130/98 ART. 80 LIT. B,PIVIJAY,BARRANQUILLA,LIT. B,34
PRIMER SEMESTRE DE 2025,ESTUDIOS A DISTANCIA,TECNICA PROFESIONAL EN PROCESOS AGROINDUSTRIALES,Otra,Virtual,GARAGOA,C.C.,1992-11-26,F,1,PERDIO CUPO A130/98 ART. 80 LIT. B,EL BANCO,EL BANCO,LIT. B,32
PRIMER SEMESTRE DE 2025,ESTUDIOS A DISTANCIA,TECNICA PROFESIONAL EN PROCESOS AGROINDUSTRIALES,Otra,Virtual,BARRANCABERMEJA,C.C.,1999-08-29,M,1,PERDIO CUPO A130/98 ART. 80 LIT. B,PLATO,CHIVOLO,LIT. B,25
PRIMER SEMESTRE DE 2025,ESTUDIOS A DISTANCIA,TECNICA PROFESIONAL EN PROCESOS AGROINDUSTRIALES,Otra,Virtual,BARRANCABERMEJA,C.C.,2003-01-11,M,1,PERDIO CUPO A130/98 ART. 80 LIT. B,FUNDACIÓN,FUNDACIÓN,LIT. B,21
PRIMER SEMESTRE DE 2025,ESTUDIOS A DISTANCIA,TECNICA PROFESIONAL EN PROCESOS AGROINDUSTRIALES,Otra,Virtual,BARRANCABERMEJA,C.C.,1997-09-20,M,1,PERDIO CUPO A130/98 ART. 80 LIT. B,ALGARROBO,EL RETÉN,LIT. B,27
PRIMER SEMESTRE DE 2025,ESTUDIOS A DISTANCIA,TECNICA PROFESIONAL EN PROCESOS AGROINDUSTRIALES,Otra,Virtual,BARRANCABERMEJA,C.C.,1994-09-11,M,1,PERDIO CUPO A130/98 ART. 80 LIT. B,BOGOTÁ D.C.,EL BANCO,LIT. B,30
PRIMER SEMESTRE DE 2025,ESTUDIOS A DISTANCIA,TECNICA PROFESIONAL EN PROCESOS AGROINDUSTRIALES,Otra,Virtual,BARRANCABERMEJA,C.C.,1999-07-18,F,1,PERDIO CUPO A130/98 ART. 80 LIT. B,ZONA BANANERA,CIÉNAGA,LIT. B,25
PRIMER SEMESTRE DE 2025,ESTUDIOS A DISTANCIA,TECNICA PROFESIONAL EN PROCESOS AGROINDUSTRIALES,Otra,Virtual,BARRANCABERMEJA,C.C.,2004-03-27,F,1,PERDIO CUPO A130/98 ART. 80 LIT. B,BARRANQUILLA,PUEBLOVIEJO,LIT. B,20
PRIMER SEMESTRE DE 2025,ESTUDIOS A DISTANCIA,TECNICA PROFESIONAL EN PROCESOS AGROINDUSTRIALES,Otra,Virtual,BARRANCABERMEJA,C.C.,1995-11-26,F,1,PERDIO CUPO A130/98 ART. 80 LIT. B,EL COPEY,EL COPEY,LIT. B,29
PRIMER SEMESTRE DE 2025,ESTUDIOS A DISTANCIA,TECNICA PROFESIONAL EN PROCESOS AGROINDUSTRIALES,Otra,Virtual,BARRANCABERMEJA,C.C.,2001-12-12,M,1,PERDIO CUPO A130/98 ART. 80 LIT. B,LA VICTORIA,ZONA BANANERA,LIT. B,23
PRIMER SEMESTRE DE 2025,ESTUDIOS A DISTANCIA,TECNICA PROFESIONAL EN PROCESOS AGROINDUSTRIALES,Otra,Virtual,BARRANCABERMEJA,C.C.,2000-10-01,M,1,PERDIO CUPO A130/98 ART. 80 LIT. B,PIVIJAY,PIVIJAY,LIT. B,24
PRIMER SEMESTRE DE 2025,ESTUDIOS A DISTANCIA,TECNICA PROFESIONAL EN PROCESOS ADMINISTRATIVOS DE SALUD,Otra,Virtual,RONDON,C.C.,1997-01-18,F,1,PERDIO CUPO A130/98 ART. 80 LIT. B,PIVIJAY,PIVIJAY,LIT. B,27
PRIMER SEMESTRE DE 2025,ESTUDIOS A DISTANCIA,TECNICA PROFESIONAL EN PROCESOS ADMINISTRATIVOS DE SALUD,Otra,Virtual,RONDON,C.C.,2006-03-13,F,2,PERDIO CUPO A130/98 ART. 80 LIT. B,EL PIÑON,EL PIÑON,LIT. B,18
PRIMER SEMESTRE DE 2025,ESTUDIOS A DISTANCIA,TECNICA PROFESIONAL EN PROCESOS ADMINISTRATIVOS DE SALUD,Otra,Virtual,RONDON,C.C.,2003-10-07,F,1,PERDIO CUPO A130/98 ART. 80 LIT. B,EL PIÑON,EL PIÑON,LIT. B,21
PRIMER SEMESTRE DE 2025,ESTUDIOS A DISTANCIA,TECNICA PROFESIONAL EN PROCESOS ADMINISTRATIVOS DE SALUD,Otra,Virtual,RONDON,C.C.,1988-08-08,F,1,PERDIO CUPO A130/98 ART. 80 LIT. B,ZONA BANANERA,FUNDACIÓN,LIT. B,36
PRIMER SEMESTRE DE 2025,ESTUDIOS A DISTANCIA,TECNICA PROFESIONAL EN PROCESOS ADMINISTRATIVOS DE SALUD,Otra,Virtual,RONDON,C.C.,2003-06-07,F,2,PERDIO CUPO A130/98 ART. 80 LIT. B,ARIGUANÍ,ARIGUANÍ,LIT. B,21
PRIMER SEMESTRE DE 2025,ESTUDIOS A DISTANCIA,TECNICA PROFESIONAL EN PROCESOS ADMINISTRATIVOS DE SALUD,Otra,Virtual,RONDON,C.C.,2004-11-09,F,1,PERDIO CUPO A130/98 ART. 80 LIT. D,FUNDACIÓN,FUNDACIÓN,LIT. D,20
PRIMER SEMESTRE DE 2025,ESTUDIOS A DISTANCIA,TECNICA PROFESIONAL EN PROCESOS ADMINISTRATIVOS DE SALUD,Otra,Virtual,RONDON,C.C.,2003-01-28,F,1,PERDIO CUPO A130/98 ART. 80 LIT. B,FUNDACIÓN,FUNDACIÓN,LIT. B,21
PRIMER SEMESTRE DE 2025,ESTUDIOS A DISTANCIA,TECNICA PROFESIONAL EN PROCESOS ADMINISTRATIVOS DE SALUD,Otra,Virtual,RONDON,C.C.,1991-03-14,F,1,PERDIO CUPO A130/98 ART. 80 LIT. B,FUNDACIÓN,FUNDACIÓN,LIT. B,33
PRIMER SEMESTRE DE 2025,ESTUDIOS A DISTANCIA,TECNICA PROFESIONAL EN PROCESOS ADMINISTRATIVOS DE SALUD,Otra,Virtual,RONDON,C.C.,2004-04-21,F,1,PERDIO CUPO A130/98 ART. 80 LIT. B,PLATO,FUNDACIÓN,LIT. B,20
PRIMER SEMESTRE DE 2025,ESTUDIOS A DISTANCIA,TECNICA PROFESIONAL EN PROCESOS ADMINISTRATIVOS DE SALUD,Otra,Virtual,RONDON,C.C.,1994-09-18,M,1,PERDIO CUPO A130/98 ART. 80 LIT. B,REMOLINO,REMOLINO,LIT. B,30
PRIMER SEMESTRE DE 2025,ESTUDIOS A DISTANCIA,TECNOLOGIA DE PROGRAMACIÓN DE SISTEMAS INFORMATICOS,Otra,Distancia,TUNJA,C.C.,1991-02-20,M,2,PERDIO CUPO A130/98 ART. 80 LIT. C,TUNJA,TUNJA,LIT. C,33
PRIMER SEMESTRE DE 2025,ESTUDIOS A DISTANCIA,TECNOLOGIA DE PROGRAMACIÓN DE SISTEMAS INFORMATICOS,Otra,Distancia,TUNJA,C.C.,2004-10-15,M,2,PERDIO CUPO A130/98 ART. 80 LIT. C,VILLANUEVA,VILLANUEVA,LIT. C,20
PRIMER SEMESTRE DE 2025,ESTUDIOS A DISTANCIA,TECNOLOGIA DE PROGRAMACIÓN DE SISTEMAS INFORMATICOS,Otra,Distancia,TUNJA,C.C.,1982-10-12,M,1,PERDIO CUPO A130/98 ART. 80 LIT. C,BOGOTÁ D.C.,BOGOTÁ D.C.,LIT. C,42
PRIMER SEMESTRE DE 2025,ESTUDIOS A DISTANCIA,TECNOLOGIA DE PROGRAMACIÓN DE SISTEMAS INFORMATICOS,Otra,Distancia,TUNJA,C.C.,2005-09-14,M,2,PERDIO CUPO A130/98 ART. 80 LIT. C,CHIQUINQUIRÁ,CHIQUINQUIRÁ,LIT. C,19
PRIMER SEMESTRE DE 2025,ESTUDIOS A DISTANCIA,TECNOLOGIA DE PROGRAMACIÓN DE SISTEMAS INFORMATICOS,Otra,Distancia,TUNJA,C.C.,2005-09-09,M,2,PERDIO CUPO A130/98 ART. 80 LIT. B,BOGOTÁ D.C.,TURMEQUÉ,LIT. B,19
PRIMER SEMESTRE DE 2025,ESTUDIOS A DISTANCIA,TECNOLOGIA DE PROGRAMACIÓN DE SISTEMAS INFORMATICOS,Otra,Distancia,SOGAMOSO,C.C.,2001-12-12,M,2,PERDIO CUPO A130/98 ART. 80 LIT. B,SOGAMOSO,SOGAMOSO,LIT. B,23
PRIMER SEMESTRE DE 2025,ESTUDIOS A DISTANCIA,TECNOLOGIA DE PROGRAMACIÓN DE SISTEMAS INFORMATICOS,Diurna,Distancia,SOATA,C.C.,2002-12-10,M,1,PERDIO CUPO A130/98 ART. 80 LIT. B,DUITAMA,DUITAMA,LIT. B,22
PRIMER SEMESTRE DE 2025,ESTUDIOS A DISTANCIA,TECNOLOGIA DE PROGRAMACIÓN DE SISTEMAS INFORMATICOS,Diurna,Distancia,SOATA,C.C.,1991-07-13,F,2,PERDIO CUPO A130/98 ART. 80 LIT. B,DUITAMA,DUITAMA,LIT. B,33
PRIMER SEMESTRE DE 2025,ESTUDIOS A DISTANCIA,TECNOLOGIA DE PROGRAMACIÓN DE SISTEMAS INFORMATICOS,Diurna,Distancia,SOATA,T.I.,2007-02-12,M,1,PERDIO CUPO A130/98 ART. 80 LIT. B,SOGAMOSO,MONGUA,LIT. B,17
PRIMER SEMESTRE DE 2025,ESTUDIOS A DISTANCIA,TECNOLOGIA DE PROGRAMACIÓN DE SISTEMAS INFORMATICOS,Diurna,Distancia,GARAGOA,T.I.,2006-11-29,M,2,PERDIO CUPO A130/98 ART. 80 LIT. C,LA CAPILLA,LA CAPILLA,LIT. C,18
PRIMER SEMESTRE DE 2025,ESTUDIOS A DISTANCIA,TECNOLOGIA DE PROGRAMACIÓN DE SISTEMAS INFORMATICOS,Diurna,Distancia,GARAGOA,C.C.,1996-07-08,M,1,PERDIO CUPO A130/98 ART. 80 LIT. B,BOGOTÁ D.C.,BOGOTÁ D.C.,LIT. B,28
PRIMER SEMESTRE DE 2025,ESTUDIOS A DISTANCIA,TECNOLOGIA DE PROGRAMACIÓN DE SISTEMAS INFORMATICOS,Diurna,Distancia,GARAGOA,T.I.,2006-07-07,F,2,PERDIO CUPO A130/98 ART. 80 LIT. B,GARAGOA,GARAGOA,LIT. B,18
PRIMER SEMESTRE DE 2025,ESTUDIOS A DISTANCIA,TECNICA PROFESIONAL EN INSTALACION Y MANTENIMIENTO DE REDES Y COMPUTADORES,Otra,Distancia,TUNJA,C.C.,1983-05-06,M,2,PERDIO CUPO A130/98 ART. 80 LIT. B,VENTAQUEMADA,BOGOTÁ D.C.,LIT. B,41
PRIMER SEMESTRE DE 2025,ESTUDIOS A DISTANCIA,TECNICA PROFESIONAL EN PROCESOS ADMINISTRATIVOS DE SALUD,Otra,Virtual,TUNJA,C.C.,2003-05-23,F,1,PERDIO CUPO A130/98 ART. 80 LIT. C,TUNJA,TUNJA,LIT. C,21
PRIMER SEMESTRE DE 2025,ESTUDIOS A DISTANCIA,TECNICA PROFESIONAL EN PROCESOS ADMINISTRATIVOS DE SALUD,Otra,Virtual,TUNJA,C.C.,2002-05-18,M,2,PERDIO CUPO A130/98 ART. 80 LIT. C,TUNJA,TUNJA,LIT. C,22
PRIMER SEMESTRE DE 2025,ESTUDIOS A DISTANCIA,TECNOLOGIA EN GESTIÓN ADMINISTRATIVA DE SERVICIOS DE SALUD,Otra,Virtual,TUNJA,C.C.,1986-12-29,F,2,PERDIO CUPO A130/98 ART.80 LIT. E,DUITAMA,PAIPA,LIT. E,38
PRIMER SEMESTRE DE 2025,ESTUDIOS A DISTANCIA,TECNICA PROFESIONAL EN PROCESOS COMERCIALES Y FINANCIEROS,Otra,Virtual,TUNJA,C.C.,1998-09-06,F,2,PERDIO CUPO A130/98 ART. 80 LIT. B,TUNJA,TUNJA,LIT. B,26
PRIMER SEMESTRE DE 2025,ESTUDIOS A DISTANCIA,TECNICA PROFESIONAL EN PROCESOS COMERCIALES Y FINANCIEROS,Otra,Virtual,TUNJA,C.C.,1999-11-21,M,1,PERDIO CUPO A130/98 ART. 80 LIT. C,CALI,CALI,LIT. C,25
PRIMER SEMESTRE DE 2025,ESTUDIOS A DISTANCIA,TECNICA PROFESIONAL EN PROCESOS COMERCIALES Y FINANCIEROS,Otra,Virtual,TUNJA,C.C.,1985-05-03,F,3,PERDIO CUPO A130/98 ART. 80 LIT. C,BOGOTÁ D.C.,BOGOTÁ D.C.,LIT. C,39
PRIMER SEMESTRE DE 2025,ESTUDIOS A DISTANCIA,TECNICA PROFESIONAL EN PROCESOS COMERCIALES Y FINANCIEROS,Otra,Virtual,TUNJA,C.C.,1994-10-30,F,2,PERDIO CUPO A130/98 ART.80 LIT. E,BOGOTÁ D.C.,YOPAL,LIT. E,30
PRIMER SEMESTRE DE 2025,ESTUDIOS A DISTANCIA,TECNICA PROFESIONAL EN PROCESOS COMERCIALES Y FINANCIEROS,Otra,Virtual,TUNJA,T.I.,2005-06-01,F,2,PERDIO CUPO A130/98 ART.80 LIT. E,TUNJA,TUNJA,LIT. E,19
PRIMER SEMESTRE DE 2025,ESTUDIOS A DISTANCIA,TECNICA PROFESIONAL EN PROCESOS COMERCIALES Y FINANCIEROS,Otra,Virtual,TUNJA,C.C.,2001-12-10,F,3,PERDIO CUPO A130/98 ART.80 LIT. E,TUNJA,TUNJA,LIT. E,23
PRIMER SEMESTRE DE 2025,ESTUDIOS A DISTANCIA,TECNICA PROFESIONAL EN PROCESOS COMERCIALES Y FINANCIEROS,Otra,Virtual,TUNJA,C.C.,1990-07-16,M,2,PERDIO CUPO A130/98 ART. 80 LIT. C,TUNJA,TUNJA,LIT. C,34
PRIMER SEMESTRE DE 2025,ESTUDIOS A DISTANCIA,TECNICA PROFESIONAL EN PROCESOS COMERCIALES Y FINANCIEROS,Otra,Virtual,TUNJA,C.C.,1998-04-14,F,2,PERDIO CUPO A130/98 ART. 80 LIT. C,TUNJA,TUNJA,LIT. C,26
PRIMER SEMESTRE DE 2025,ESTUDIOS A DISTANCIA,TECNICA PROFESIONAL EN PROCESOS COMERCIALES Y FINANCIEROS,Otra,Virtual,TUNJA,C.C.,1992-07-13,M,2,PERDIO CUPO A130/98 ART. 80 LIT. B,TUNJA,TUNJA,LIT. B,32
PRIMER SEMESTRE DE 2025,ESTUDIOS A DISTANCIA,TECNOLOGIA EN GESTIÓN COMERCIAL Y FINANCIERA,Otra,Virtual,TUNJA,C.C.,1993-04-14,F,2,PERDIO CUPO A130/98 ART.80 LIT. E,TUNJA,TUNJA,LIT. E,31
PRIMER SEMESTRE DE 2025,ESTUDIOS A DISTANCIA,ADMINISTRACIÓN COMERCIAL Y FINANCIERA,Otra,Virtual,TUNJA,C.C.,1995-04-22,F,1,PERDIO CUPO A130/98 ART. 80 LIT. D,MIRAFLORES,MIRAFLORES,LIT. D,29
PRIMER SEMESTRE DE 2025,ESTUDIOS A DISTANCIA,TECNICA PROFESIONAL EN PROCESOS ADMINISTRATIVOS DE SALUD,Otra,Virtual,SOGAMOSO,C.C.,1994-02-18,F,2,PERDIO CUPO A130/98 ART. 80 LIT. C,PESCA,SOGAMOSO,LIT. C,30
PRIMER SEMESTRE DE 2025,ESTUDIOS A DISTANCIA,TECNICA PROFESIONAL EN PROCESOS ADMINISTRATIVOS DE SALUD,Otra,Virtual,SOGAMOSO,C.C.,1985-02-15,F,2,PERDIO CUPO A130/98 ART. 80 LIT. C,BETÉITIVA,BETÉITIVA,LIT. C,39
PRIMER SEMESTRE DE 2025,ESTUDIOS A DISTANCIA,TECNICA PROFESIONAL EN PROCESOS ADMINISTRATIVOS DE SALUD,Otra,Virtual,SOGAMOSO,C.C.,1986-07-22,F,2,PERDIO CUPO A130/98 ART. 80 LIT. B,TIBASOSA,TIBASOSA,LIT. B,38
PRIMER SEMESTRE DE 2025,ESTUDIOS A DISTANCIA,TECNICA PROFESIONAL EN PROCESOS ADMINISTRATIVOS DE SALUD,Otra,Virtual,SOGAMOSO,C.C.,1979-02-03,M,3,PERDIO CUPO A130/98 ART. 80 LIT. C,SOGAMOSO,SOGAMOSO,LIT. C,45
PRIMER SEMESTRE DE 2025,ESTUDIOS A DISTANCIA,TECNICA PROFESIONAL EN PROCESOS ADMINISTRATIVOS DE SALUD,Otra,Virtual,SOGAMOSO,C.C.,1999-01-15,F,1,PERDIO CUPO A130/98 ART. 80 LIT. C,DUITAMA,DUITAMA,LIT. C,25
PRIMER SEMESTRE DE 2025,ESTUDIOS A DISTANCIA,TECNICA PROFESIONAL EN PROCESOS ADMINISTRATIVOS DE SALUD,Otra,Virtual,SOGAMOSO,C.C.,2005-01-01,F,2,PERDIO CUPO A130/98 ART. 80 LIT. B,SOGAMOSO,SOGAMOSO,LIT. B,19
PRIMER SEMESTRE DE 2025,ESTUDIOS A DISTANCIA,TECNOLOGIA EN GESTIÓN ADMINISTRATIVA DE SERVICIOS DE SALUD,Otra,Virtual,DUITAMA,C.C.,1990-04-10,F,3,PERDIO CUPO A130/98 ART.80 LIT. E,SIMACOTA,LEBRIJA,LIT. E,34
PRIMER SEMESTRE DE 2025,ESTUDIOS A DISTANCIA,TECNICA PROFESIONAL EN PROCESOS ADMINISTRATIVOS DE SALUD,Otra,Virtual,CHIQUINQUIRA,C.C.,1997-11-20,F,3,PERDIO CUPO A130/98 ART. 80 LIT. B,CHIQUINQUIRÁ,CHIQUINQUIRÁ,LIT. B,27
PRIMER SEMESTRE DE 2025,ESTUDIOS A DISTANCIA,TECNICA PROFESIONAL EN PROCESOS ADMINISTRATIVOS DE SALUD,Otra,Virtual,SANTA FE DE BOGOTA,C.C.,1993-10-21,F,1,PERDIO CUPO A130/98 ART. 80 LIT. B,SANTA ANA,SANTA ANA,LIT. B,31
PRIMER SEMESTRE DE 2025,ESTUDIOS A DISTANCIA,TECNICA PROFESIONAL EN PROCESOS ADMINISTRATIVOS DE SALUD,Otra,Virtual,SANTA FE DE BOGOTA,C.C.,1993-08-31,F,1,PERDIO CUPO A130/98 ART. 80 LIT. B,GUAMAL,GUAMAL,LIT. B,31
PRIMER SEMESTRE DE 2025,ESTUDIOS A DISTANCIA,TECNICA PROFESIONAL EN PROCESOS ADMINISTRATIVOS DE SALUD,Otra,Virtual,SANTA FE DE BOGOTA,C.C.,1998-02-20,F,1,PERDIO CUPO A130/98 ART. 80 LIT. C,MAICAO,MAICAO,LIT. C,26
PRIMER SEMESTRE DE 2025,ESTUDIOS A DISTANCIA,TECNICA PROFESIONAL EN PROCESOS ADMINISTRATIVOS DE SALUD,Otra,Virtual,SANTA FE DE BOGOTA,C.C.,1985-08-20,F,1,PERDIO CUPO A130/98 ART. 80 LIT. B,ARACATACA,EL RETÉN,LIT. B,39
PRIMER SEMESTRE DE 2025,ESTUDIOS A DISTANCIA,TECNICA PROFESIONAL EN PROCESOS ADMINISTRATIVOS DE SALUD,Otra,Virtual,SANTA FE DE BOGOTA,C.C.,1994-06-09,F,1,PERDIO CUPO A130/98 ART. 80 LIT. B,COROZAL,COROZAL,LIT. B,30
PRIMER SEMESTRE DE 2025,ESTUDIOS A DISTANCIA,TECNICA PROFESIONAL EN PROCESOS ADMINISTRATIVOS DE SALUD,Otra,Virtual,SANTA FE DE BOGOTA,C.C.,2005-05-24,F,1,PERDIO CUPO A130/98 ART. 80 LIT. B,ZONA BANANERA,ZONA BANANERA,LIT. B,19
PRIMER SEMESTRE DE 2025,ESTUDIOS A DISTANCIA,TECNICA PROFESIONAL EN PROCESOS ADMINISTRATIVOS DE SALUD,Otra,Virtual,SANTA FE DE BOGOTA,C.C.,1999-11-17,F,1,PERDIO CUPO A130/98 ART. 80 LIT. B,ZONA BANANERA,ZONA BANANERA,LIT. B,25
PRIMER SEMESTRE DE 2025,ESTUDIOS A DISTANCIA,TECNICA PROFESIONAL EN PROCESOS ADMINISTRATIVOS DE SALUD,Otra,Virtual,SANTA FE DE BOGOTA,C.C.,1998-01-21,F,1,PERDIO CUPO A130/98 ART. 80 LIT. B,BOGOTÁ D.C.,EL BANCO,LIT. B,26
PRIMER SEMESTRE DE 2025,ESTUDIOS A DISTANCIA,TECNICA PROFESIONAL EN PROCESOS ADMINISTRATIVOS DE SALUD,Otra,Virtual,SANTA FE DE BOGOTA,C.C.,1987-12-15,F,1,PERDIO CUPO A130/98 ART. 80 LIT. B,CIÉNAGA,ZONA BANANERA,LIT. B,37
PRIMER SEMESTRE DE 2025,ESTUDIOS A DISTANCIA,TECNICA PROFESIONAL EN PROCESOS ADMINISTRATIVOS DE SALUD,Otra,Virtual,SANTA FE DE BOGOTA,C.C.,1992-10-05,F,1,PERDIO CUPO A130/98 ART. 80 LIT. B,CIÉNAGA,ZONA BANANERA,LIT. B,32
PRIMER SEMESTRE DE 2025,ESTUDIOS A DISTANCIA,TECNICA PROFESIONAL EN PROCESOS ADMINISTRATIVOS DE SALUD,Otra,Virtual,SANTA FE DE BOGOTA,C.C.,2001-06-13,F,1,PERDIO CUPO A130/98 ART. 80 LIT. B,ALGARROBO,ALGARROBO,LIT. B,23
PRIMER SEMESTRE DE 2025,ESTUDIOS A DISTANCIA,TECNICA PROFESIONAL EN PROCESOS ADMINISTRATIVOS DE SALUD,Otra,Virtual,SANTA FE DE BOGOTA,C.C.,1994-03-29,F,1,PERDIO CUPO A130/98 ART. 80 LIT. B,EL BANCO,EL BANCO,LIT. B,30
PRIMER SEMESTRE DE 2025,ESTUDIOS A DISTANCIA,TECNICA PROFESIONAL EN PROCESOS ADMINISTRATIVOS DE SALUD,Otra,Virtual,SANTA FE DE BOGOTA,C.C.,2000-04-09,F,2,PERDIO CUPO A130/98 ART. 80 LIT. B,PLATO,PLATO,LIT. B,24
PRIMER SEMESTRE DE 2025,ESTUDIOS A DISTANCIA,TECNICA PROFESIONAL EN PROCESOS ADMINISTRATIVOS DE SALUD,Otra,Virtual,GARAGOA,C.C.,2003-02-14,F,1,PERDIO CUPO A130/98 ART. 80 LIT. B,BOSCONIA,BOSCONIA,LIT. B,21
PRIMER SEMESTRE DE 2025,ESTUDIOS A DISTANCIA,TECNICA PROFESIONAL EN PROCESOS ADMINISTRATIVOS DE SALUD,Otra,Virtual,GARAGOA,C.C.,2003-08-17,M,1,PERDIO CUPO A130/98 ART. 80 LIT. C,LA SIERRA,LA SIERRA,LIT. C,21
PRIMER SEMESTRE DE 2025,ESTUDIOS A DISTANCIA,TECNICA PROFESIONAL EN PROCESOS ADMINISTRATIVOS DE SALUD,Otra,Virtual,RIONEGRO,C.C.,1992-09-08,F,1,PERDIO CUPO A130/98 ART. 80 LIT. B,CIÉNAGA,CIÉNAGA,LIT. B,32
PRIMER SEMESTRE DE 2025,ESTUDIOS A DISTANCIA,TECNICA PROFESIONAL EN PROCESOS ADMINISTRATIVOS DE SALUD,Otra,Virtual,RIONEGRO,C.C.,1999-07-06,F,1,PERDIO CUPO A130/98 ART. 80 LIT. B,CIÉNAGA,CIÉNAGA,LIT. B,25
PRIMER SEMESTRE DE 2025,ESTUDIOS A DISTANCIA,TECNICA PROFESIONAL EN PROCESOS ADMINISTRATIVOS DE SALUD,Otra,Virtual,RIONEGRO,C.C.,1999-07-09,F,1,PERDIO CUPO A130/98 ART. 80 LIT. B,PLATO,PLATO,LIT. B,25
PRIMER SEMESTRE DE 2025,ESTUDIOS A DISTANCIA,TECNICA PROFESIONAL EN PROCESOS ADMINISTRATIVOS DE SALUD,Otra,Virtual,RIONEGRO,C.C.,1995-06-14,F,1,PERDIO CUPO A130/98 ART. 80 LIT. B,ZONA BANANERA,ZONA BANANERA,LIT. B,29
PRIMER SEMESTRE DE 2025,ESTUDIOS A DISTANCIA,TECNICA PROFESIONAL EN PROCESOS ADMINISTRATIVOS DE SALUD,Otra,Virtual,RIONEGRO,C.C.,2003-12-03,M,1,PERDIO CUPO A130/98 ART. 80 LIT. B,ARIGUANÍ,ARIGUANÍ,LIT. B,21
PRIMER SEMESTRE DE 2025,ESTUDIOS A DISTANCIA,TECNICA PROFESIONAL EN PROCESOS ADMINISTRATIVOS DE SALUD,Otra,Virtual,RIONEGRO,C.C.,1987-12-18,F,1,PERDIO CUPO A130/98 ART. 80 LIT. B,ARIGUANÍ,VALLEDUPAR,LIT. B,37
PRIMER SEMESTRE DE 2025,ESTUDIOS A DISTANCIA,TECNICA PROFESIONAL EN PROCESOS ADMINISTRATIVOS DE SALUD,Otra,Virtual,RIONEGRO,C.C.,2001-08-13,M,1,PERDIO CUPO A130/98 ART. 80 LIT. B,CERRO SAN ANTONIO,CERRO SAN ANTONIO,LIT. B,23
PRIMER SEMESTRE DE 2025,ESTUDIOS A DISTANCIA,TECNICA PROFESIONAL EN PROCESOS ADMINISTRATIVOS DE SALUD,Otra,Virtual,RIONEGRO,C.C.,1999-07-10,M,1,PERDIO CUPO A130/98 ART. 80 LIT. B,CERRO SAN ANTONIO,CERRO SAN ANTONIO,LIT. B,25
PRIMER SEMESTRE DE 2025,ESTUDIOS A DISTANCIA,TECNICA PROFESIONAL EN PROCESOS ADMINISTRATIVOS DE SALUD,Otra,Virtual,RIONEGRO,C.C.,1997-01-30,F,1,PERDIO CUPO A130/98 ART. 80 LIT. B,EL BANCO,VALLEDUPAR,LIT. B,27
PRIMER SEMESTRE DE 2025,ESTUDIOS A DISTANCIA,TECNICA PROFESIONAL EN PROCESOS ADMINISTRATIVOS DE SALUD,Otra,Virtual,RIONEGRO,C.C.,2000-02-01,F,1,PERDIO CUPO A130/98 ART.80 LIT. E,GUAMAL,GUAMAL,LIT. E,24
PRIMER SEMESTRE DE 2025,ESTUDIOS A DISTANCIA,TECNICA PROFESIONAL EN PROCESOS ADMINISTRATIVOS DE SALUD,Otra,Virtual,RIONEGRO,C.C.,1996-04-10,F,1,PERDIO CUPO A130/98 ART. 80 LIT. B,FUNDACIÓN,FUNDACIÓN,LIT. B,28
PRIMER SEMESTRE DE 2025,ESTUDIOS A DISTANCIA,TECNICA PROFESIONAL EN PROCESOS ADMINISTRATIVOS DE SALUD,Otra,Virtual,RIONEGRO,C.C.,1998-01-26,F,1,PERDIO CUPO A130/98 ART.80 LIT. E,PIVIJAY,PIVIJAY,LIT. E,26
PRIMER SEMESTRE DE 2025,ESTUDIOS A DISTANCIA,TECNICA PROFESIONAL EN PROCESOS ADMINISTRATIVOS DE SALUD,Otra,Virtual,RIONEGRO,C.C.,2002-12-07,F,1,PERDIO CUPO A130/98 ART. 80 LIT. B,FUNDACIÓN,FUNDACIÓN,LIT. B,22
PRIMER SEMESTRE DE 2025,ESTUDIOS A DISTANCIA,TECNICA PROFESIONAL EN PROCESOS ADMINISTRATIVOS DE SALUD,Otra,Virtual,RIONEGRO,C.C.,2002-07-30,F,1,PERDIO CUPO A130/98 ART. 80 LIT. B,REMOLINO,REMOLINO,LIT. B,22
PRIMER SEMESTRE DE 2025,ESTUDIOS A DISTANCIA,TECNICA PROFESIONAL EN PROCESOS ADMINISTRATIVOS DE SALUD,Otra,Virtual,SOATA,C.C.,2005-04-02,F,1,PERDIO CUPO A130/98 ART. 80 LIT. B,SANTA MARTA,FUNDACIÓN,LIT. B,19
PRIMER SEMESTRE DE 2025,ESTUDIOS A DISTANCIA,TECNICA PROFESIONAL EN PROCESOS ADMINISTRATIVOS DE SALUD,Otra,Virtual,SOATA,C.C.,1993-11-12,F,3,PERDIO CUPO A130/98 ART. 80 LIT. B,EL RETÉN,ARACATACA,LIT. B,31
PRIMER SEMESTRE DE 2025,ESTUDIOS A DISTANCIA,TECNICA PROFESIONAL EN PROCESOS ADMINISTRATIVOS DE SALUD,Otra,Virtual,SOATA,C.C.,1996-02-17,F,1,PERDIO CUPO A130/98 ART. 80 LIT. B,EL RETÉN,ARACATACA,LIT. B,28
PRIMER SEMESTRE DE 2025,ESTUDIOS A DISTANCIA,TECNICA PROFESIONAL EN PROCESOS ADMINISTRATIVOS DE SALUD,Otra,Virtual,SOATA,C.C.,1999-11-21,F,1,PERDIO CUPO A130/98 ART. 80 LIT. C,SANTA MARTA,SANTA MARTA,LIT. C,25
PRIMER SEMESTRE DE 2025,ESTUDIOS A DISTANCIA,TECNICA PROFESIONAL EN PROCESOS ADMINISTRATIVOS DE SALUD,Otra,Virtual,SOATA,C.C.,1981-05-26,F,1,PERDIO CUPO A130/98 ART. 80 LIT. B,SOATÁ,BOGOTÁ D.C.,LIT. B,43
PRIMER SEMESTRE DE 2025,ESTUDIOS A DISTANCIA,TECNICA PROFESIONAL EN PROCESOS ADMINISTRATIVOS DE SALUD,Otra,Virtual,SOATA,C.C.,1991-05-28,F,1,PERDIO CUPO A130/98 ART. 80 LIT. B,SANTA MARTA,SANTA MARTA,LIT. B,33
PRIMER SEMESTRE DE 2025,ESTUDIOS A DISTANCIA,TECNICA PROFESIONAL EN PROCESOS ADMINISTRATIVOS DE SALUD,Otra,Virtual,SOATA,C.C.,2005-02-12,F,1,PERDIO CUPO A130/98 ART. 80 LIT. B,SANTA ANA,BOGOTÁ D.C.,LIT. B,19
PRIMER SEMESTRE DE 2025,ESTUDIOS A DISTANCIA,TECNICA PROFESIONAL EN PROCESOS ADMINISTRATIVOS DE SALUD,Otra,Virtual,SOATA,C.C.,1993-02-03,F,1,PERDIO CUPO A130/98 ART. 80 LIT. B,SAN SEBASTIÁN DE BUENAVISTA,SAN SEBASTIÁN DE BUENAVISTA,LIT. B,31
PRIMER SEMESTRE DE 2025,ESTUDIOS A DISTANCIA,TECNICA PROFESIONAL EN PROCESOS ADMINISTRATIVOS DE SALUD,Otra,Virtual,SOATA,C.C.,1997-03-29,F,1,PERDIO CUPO A130/98 ART. 80 LIT. B,SANTA MARTA,SANTA MARTA,LIT. B,27
PRIMER SEMESTRE DE 2025,ESTUDIOS A DISTANCIA,TECNICA PROFESIONAL EN PROCESOS ADMINISTRATIVOS DE SALUD,Otra,Virtual,SOATA,C.C.,1996-05-08,F,1,PERDIO CUPO A130/98 ART. 80 LIT. B,SAN SEBASTIÁN DE BUENAVISTA,SAN SEBASTIÁN DE BUENAVISTA,LIT. B,28
PRIMER SEMESTRE DE 2025,ESTUDIOS A DISTANCIA,TECNICA PROFESIONAL EN PROCESOS ADMINISTRATIVOS DE SALUD,Otra,Virtual,YOPAL,C.C.,1983-01-27,F,1,PERDIO CUPO A130/98 ART.80 LIT. E,BOGOTÁ D.C.,BOGOTÁ D.C.,LIT. E,41
PRIMER SEMESTRE DE 2025,ESTUDIOS A DISTANCIA,TECNICA PROFESIONAL EN PROCESOS COMERCIALES Y FINANCIEROS,Otra,Virtual,GARAGOA,C.C.,1995-03-03,M,1,PERDIO CUPO A130/98 ART. 80 LIT. B,NEMOCÓN,ZIPAQUIRÁ,LIT. B,29
PRIMER SEMESTRE DE 2025,ESTUDIOS A DISTANCIA,TECNICA PROFESIONAL EN PROCESOS COMERCIALES Y FINANCIEROS,Otra,Virtual,GARAGOA,C.C.,1991-07-08,F,1,PERDIO CUPO A130/98 ART. 80 LIT. B,BOGOTÁ D.C.,BOGOTÁ D.C.,LIT. B,33
PRIMER SEMESTRE DE 2025,ESTUDIOS A DISTANCIA,TECNICA PROFESIONAL EN PROCESOS COMERCIALES Y FINANCIEROS,Otra,Virtual,GARAGOA,C.C.,2003-11-20,F,2,PERDIO CUPO A130/98 ART. 80 LIT. C,GARAGOA,GARAGOA,LIT. C,21
PRIMER SEMESTRE DE 2025,ESTUDIOS A DISTANCIA,TECNICA PROFESIONAL EN PROCESOS COMERCIALES Y FINANCIEROS,Otra,Virtual,GARAGOA,T.I.,2006-06-21,F,1,PERDIO CUPO A130/98 ART. 80 LIT. C,SAN LUIS DE GACENO,SAN LUIS DE GACENO,LIT. C,18
PRIMER SEMESTRE DE 2025,ESTUDIOS A DISTANCIA,TECNICA PROFESIONAL EN PROCESOS COMERCIALES Y FINANCIEROS,Otra,Virtual,GARAGOA,T.I.,2005-05-14,M,1,PERDIO CUPO A130/98 ART. 80 LIT. B,SANTA ANA,TALAIGUA NUEVO,LIT. B,19
PRIMER SEMESTRE DE 2025,ESTUDIOS A DISTANCIA,TECNICA PROFESIONAL EN PROCESOS COMERCIALES Y FINANCIEROS,Otra,Virtual,BARRANCABERMEJA,C.C.,2003-04-05,F,2,PERDIO CUPO A130/98 ART. 80 LIT. B,SANTA MARTA,SANTA MARTA,LIT. B,21
PRIMER SEMESTRE DE 2025,ESTUDIOS A DISTANCIA,TECNICA PROFESIONAL EN PROCESOS COMERCIALES Y FINANCIEROS,Otra,Virtual,BARRANCABERMEJA,C.C.,1995-07-26,F,2,PERDIO CUPO A130/98 ART. 80 LIT. B,GUAMAL,BARRANQUILLA,LIT. B,29
PRIMER SEMESTRE DE 2025,ESTUDIOS A DISTANCIA,TECNICA PROFESIONAL EN PROCESOS COMERCIALES Y FINANCIEROS,Otra,Virtual,BARRANCABERMEJA,C.C.,1979-11-13,M,1,PERDIO CUPO A130/98 ART. 80 LIT. B,FUNDACIÓN,FUNDACIÓN,LIT. B,45
PRIMER SEMESTRE DE 2025,ESTUDIOS A DISTANCIA,TECNICA PROFESIONAL EN PROCESOS COMERCIALES Y FINANCIEROS,Otra,Virtual,BARRANCABERMEJA,C.C.,2003-08-11,M,1,PERDIO CUPO A130/98 ART. 80 LIT. B,EL BANCO,EL BANCO,LIT. B,21
PRIMER SEMESTRE DE 2025,ESTUDIOS A DISTANCIA,TECNICA PROFESIONAL EN PROCESOS COMERCIALES Y FINANCIEROS,Otra,Virtual,BARRANCABERMEJA,C.C.,2004-03-10,M,1,PERDIO CUPO A130/98 ART. 80 LIT. B,PUEBLOVIEJO,PUEBLOVIEJO,LIT. B,20
PRIMER SEMESTRE DE 2025,ESTUDIOS A DISTANCIA,TECNICA PROFESIONAL EN PROCESOS COMERCIALES Y FINANCIEROS,Otra,Virtual,BARRANCABERMEJA,C.C.,1990-09-28,F,3,PERDIO CUPO A130/98 ART. 80 LIT. B,SANTA MARTA,SANTA MARTA,LIT. B,34
PRIMER SEMESTRE DE 2025,ESTUDIOS A DISTANCIA,TECNICA PROFESIONAL EN PROCESOS COMERCIALES Y FINANCIEROS,Otra,Virtual,BARRANCABERMEJA,C.C.,1996-02-12,F,1,PERDIO CUPO A130/98 ART. 80 LIT. B,SANTA MARTA,SANTA MARTA,LIT. B,28
PRIMER SEMESTRE DE 2025,ESTUDIOS A DISTANCIA,TECNICA PROFESIONAL EN PROCESOS COMERCIALES Y FINANCIEROS,Otra,Virtual,BARRANCABERMEJA,C.C.,2000-03-07,F,1,PERDIO CUPO A130/98 ART. 80 LIT. B,RIOHACHA,CIÉNAGA,LIT. B,24
PRIMER SEMESTRE DE 2025,ESTUDIOS A DISTANCIA,TECNICA PROFESIONAL EN PROCESOS COMERCIALES Y FINANCIEROS,Otra,Virtual,BARRANCABERMEJA,C.C.,1999-02-22,F,1,PERDIO CUPO A130/98 ART. 80 LIT. B,SANTA MARTA,SANTA MARTA,LIT. B,25
PRIMER SEMESTRE DE 2025,ESTUDIOS A DISTANCIA,TECNICA PROFESIONAL EN PROCESOS COMERCIALES Y FINANCIEROS,Otra,Virtual,BARRANCABERMEJA,C.C.,2003-11-26,M,1,PERDIO CUPO A130/98 ART. 80 LIT. B,SANTA MARTA,VALLEDUPAR,LIT. B,21
PRIMER SEMESTRE DE 2025,ESTUDIOS A DISTANCIA,TECNICA PROFESIONAL EN PROCESOS COMERCIALES Y FINANCIEROS,Otra,Virtual,BARRANCABERMEJA,C.C.,1988-12-15,F,2,PERDIO CUPO A130/98 ART. 80 LIT. B,SANTA MARTA,SANTA MARTA,LIT. B,36
PRIMER SEMESTRE DE 2025,ESTUDIOS A DISTANCIA,TECNICA PROFESIONAL EN PROCESOS COMERCIALES Y FINANCIEROS,Otra,Virtual,BARRANCABERMEJA,C.C.,1993-12-08,F,1,PERDIO CUPO A130/98 ART. 80 LIT. B,ARACATACA,ARACATACA,LIT. B,31
PRIMER SEMESTRE DE 2025,ESTUDIOS A DISTANCIA,TECNICA PROFESIONAL EN PROCESOS COMERCIALES Y FINANCIEROS,Otra,Virtual,DUITAMA,C.C.,2003-12-31,F,2,PERDIO CUPO A130/98 ART.80 LIT. E,MÁLAGA,MÁLAGA,LIT. E,21
PRIMER SEMESTRE DE 2025,ESTUDIOS A DISTANCIA,TECNICA PROFESIONAL EN PROCESOS COMERCIALES Y FINANCIEROS,Otra,Virtual,DUITAMA,C.C.,2005-12-23,F,2,PERDIO CUPO A130/98 ART. 80 LIT. B,DUITAMA,DUITAMA,LIT. B,19
PRIMER SEMESTRE DE 2025,ESTUDIOS A DISTANCIA,TECNICA PROFESIONAL EN PROCESOS COMERCIALES Y FINANCIEROS,Otra,Virtual,DUITAMA,C.C.,1997-09-04,F,1,PERDIO CUPO A130/98 ART.80 LIT. E,DUITAMA,DUITAMA,LIT. E,27
PRIMER SEMESTRE DE 2025,ESTUDIOS A DISTANCIA,TECNICA PROFESIONAL EN PROCESOS COMERCIALES Y FINANCIEROS,Otra,Virtual,DUITAMA,C.C.,1990-07-25,F,2,PERDIO CUPO A130/98 ART. 80 LIT. D,PAIPA,PAIPA,LIT. D,34
PRIMER SEMESTRE DE 2025,ESTUDIOS A DISTANCIA,TECNICA PROFESIONAL EN PROCESOS COMERCIALES Y FINANCIEROS,Otra,Virtual,CHIQUINQUIRA,C.C.,2004-08-10,F,2,PERDIO CUPO A130/98 ART. 80 LIT. B,MUZO,BOGOTÁ D.C.,LIT. B,20
PRIMER SEMESTRE DE 2025,ESTUDIOS A DISTANCIA,TECNICA PROFESIONAL EN PROCESOS COMERCIALES Y FINANCIEROS,Otra,Virtual,CHIQUINQUIRA,C.C.,2002-03-20,F,2,PERDIO CUPO A130/98 ART. 80 LIT. B,CHIQUINQUIRÁ,BOGOTÁ D.C.,LIT. B,22
PRIMER SEMESTRE DE 2025,ESTUDIOS A DISTANCIA,TECNICA PROFESIONAL EN PROCESOS COMERCIALES Y FINANCIEROS,Otra,Virtual,CHIQUINQUIRA,C.C.,2002-03-15,F,2,PERDIO CUPO A130/98 ART. 80 LIT. C,BUENAVISTA,BUENAVISTA,LIT. C,22
PRIMER SEMESTRE DE 2025,ESTUDIOS A DISTANCIA,TECNICA PROFESIONAL EN PROCESOS COMERCIALES Y FINANCIEROS,Otra,Virtual,YOPAL,C.C.,1992-04-21,M,2,PERDIO CUPO A130/98 ART. 80 LIT. D,YOPAL,YOPAL,LIT. D,32
PRIMER SEMESTRE DE 2025,ESTUDIOS A DISTANCIA,TECNICA PROFESIONAL EN PROCESOS COMERCIALES Y FINANCIEROS,Otra,Virtual,SOGAMOSO,C.C.,1998-06-09,F,2,PERDIO CUPO A130/98 ART. 80 LIT. B,SOGAMOSO,SOGAMOSO,LIT. B,26
PRIMER SEMESTRE DE 2025,ESTUDIOS A DISTANCIA,TECNICA PROFESIONAL EN PROCESOS COMERCIALES Y FINANCIEROS,Otra,Virtual,SOGAMOSO,C.C.,1995-07-01,M,2,PERDIO CUPO A130/98 ART. 80 LIT. B,EXTRANJERO,CÚCUTA,LIT. B,29
PRIMER SEMESTRE DE 2025,ESTUDIOS A DISTANCIA,TECNICA PROFESIONAL EN PROCESOS COMERCIALES Y FINANCIEROS,Otra,Virtual,SOGAMOSO,C.C.,1998-03-21,M,2,PERDIO CUPO A130/98 ART. 80 LIT. C,BOGOTÁ D.C.,SOGAMOSO,LIT. C,26
PRIMER SEMESTRE DE 2025,ESTUDIOS A DISTANCIA,TECNICA PROFESIONAL EN PROCESOS COMERCIALES Y FINANCIEROS,Otra,Virtual,SOGAMOSO,C.C.,1997-04-12,F,3,PERDIO CUPO A130/98 ART.80 LIT. E,TURMEQUÉ,BOGOTÁ D.C.,LIT. E,27
PRIMER SEMESTRE DE 2025,ESTUDIOS A DISTANCIA,TECNICA PROFESIONAL EN PROCESOS COMERCIALES Y FINANCIEROS,Otra,Virtual,SOGAMOSO,C.C.,1985-12-05,F,2,PERDIO CUPO A130/98 ART.80 LIT. E,MAICAO,DUITAMA,LIT. E,39
PRIMER SEMESTRE DE 2025,ESTUDIOS A DISTANCIA,TECNOLOGIA EN GESTIÓN COMERCIAL Y FINANCIERA,Otra,Virtual,GARAGOA,C.C.,1992-05-11,F,2,PERDIO CUPO A130/98 ART. 80 LIT. C,MALAMBO,MALAMBO,LIT. C,32
PRIMER SEMESTRE DE 2025,ESTUDIOS A DISTANCIA,TECNOLOGIA EN GESTIÓN COMERCIAL Y FINANCIERA,Otra,Virtual,SOGAMOSO,C.C.,1992-12-21,F,2,PERDIO CUPO A130/98 ART.80 LIT. E,DUITAMA,PAIPA,LIT. E,32
PRIMER SEMESTRE DE 2025,ESTUDIOS A DISTANCIA,TECNOLOGIA EN GESTIÓN COMERCIAL Y FINANCIERA,Otra,Virtual,SOGAMOSO,C.C.,2003-12-23,M,2,PERDIO CUPO A130/98 ART.80 LIT. E,GARAGOA,GARAGOA,LIT. E,21
PRIMER SEMESTRE DE 2025,ESTUDIOS A DISTANCIA,TECNOLOGIA EN GESTIÓN COMERCIAL Y FINANCIERA,Otra,Virtual,DUITAMA,C.C.,1991-05-10,M,2,PERDIO CUPO A130/98 ART. 80 LIT. D,ASTREA,ASTREA,LIT. D,33
PRIMER SEMESTRE DE 2025,ESTUDIOS A DISTANCIA,TECNOLOGIA EN GESTIÓN COMERCIAL Y FINANCIERA,Otra,Virtual,DUITAMA,C.C.,2000-09-22,F,1,PERDIO CUPO A130/98 ART. 80 LIT. D,YOPAL,PAZ DE ARIPORO,LIT. D,24
PRIMER SEMESTRE DE 2025,ESTUDIOS A DISTANCIA,ADMINISTRACIÓN COMERCIAL Y FINANCIERA,Otra,Virtual,DUITAMA,C.C.,1993-07-16,F,2,PERDIO CUPO A130/98 ART. 80 LIT. D,DUITAMA,DUITAMA,LIT. D,31
PRIMER SEMESTRE DE 2025,ESTUDIOS A DISTANCIA,TECNICA PROFESIONAL EN PROCESOS COMERCIALES Y FINANCIEROS,Otra,Virtual,RONDON,C.C.,1999-07-12,F,1,PERDIO CUPO A130/98 ART. 80 LIT. B,CHIVOLO,CHIVOLO,LIT. B,25
PRIMER SEMESTRE DE 2025,ESTUDIOS A DISTANCIA,TECNICA PROFESIONAL EN PROCESOS COMERCIALES Y FINANCIEROS,Otra,Virtual,RONDON,C.C.,1988-10-27,F,1,PERDIO CUPO A130/98 ART. 80 LIT. B,SAN VICENTE DE CHUCURÍ,EL PIÑON,LIT. B,36
PRIMER SEMESTRE DE 2025,ESTUDIOS A DISTANCIA,TECNICA PROFESIONAL EN PROCESOS COMERCIALES Y FINANCIEROS,Otra,Virtual,RONDON,C.C.,1994-03-09,F,1,PERDIO CUPO A130/98 ART. 80 LIT. B,CHIVOLO,CHIVOLO,LIT. B,30
PRIMER SEMESTRE DE 2025,ESTUDIOS A DISTANCIA,TECNICA PROFESIONAL EN PROCESOS COMERCIALES Y FINANCIEROS,Otra,Virtual,RONDON,C.C.,1988-01-07,F,1,PERDIO CUPO A130/98 ART. 80 LIT. B,EL PIÑON,EL PIÑON,LIT. B,36
PRIMER SEMESTRE DE 2025,ESTUDIOS A DISTANCIA,TECNICA PROFESIONAL EN PROCESOS COMERCIALES Y FINANCIEROS,Otra,Virtual,RONDON,C.C.,1995-08-04,M,1,PERDIO CUPO A130/98 ART. 80 LIT. B,PLATO,PLATO,LIT. B,29
PRIMER SEMESTRE DE 2025,ESTUDIOS A DISTANCIA,TECNICA PROFESIONAL EN PROCESOS COMERCIALES Y FINANCIEROS,Otra,Virtual,RONDON,C.C.,2006-04-29,F,1,PERDIO CUPO A130/98 ART. 80 LIT. B,FUNDACIÓN,FUNDACIÓN,LIT. B,18
PRIMER SEMESTRE DE 2025,ESTUDIOS A DISTANCIA,TECNICA PROFESIONAL EN PROCESOS COMERCIALES Y FINANCIEROS,Otra,Virtual,RONDON,C.C.,1995-08-11,F,1,PERDIO CUPO A130/98 ART. 80 LIT. B,FUNDACIÓN,FUNDACIÓN,LIT. B,29
PRIMER SEMESTRE DE 2025,ESTUDIOS A DISTANCIA,TECNICA PROFESIONAL EN PROCESOS COMERCIALES Y FINANCIEROS,Otra,Virtual,RONDON,C.C.,1988-01-26,M,1,PERDIO CUPO A130/98 ART. 80 LIT. B,EL PIÑON,EL PIÑON,LIT. B,36
PRIMER SEMESTRE DE 2025,ESTUDIOS A DISTANCIA,TECNICA PROFESIONAL EN PROCESOS COMERCIALES Y FINANCIEROS,Otra,Virtual,RONDON,C.C.,2003-10-15,F,1,PERDIO CUPO A130/98 ART. 80 LIT. B,CIÉNAGA,CIÉNAGA,LIT. B,21
PRIMER SEMESTRE DE 2025,ESTUDIOS A DISTANCIA,TECNICA PROFESIONAL EN PROCESOS COMERCIALES Y FINANCIEROS,Otra,Virtual,RONDON,C.C.,2003-03-18,M,1,PERDIO CUPO A130/98 ART. 80 LIT. B,CIÉNAGA,CIÉNAGA,LIT. B,21
PRIMER SEMESTRE DE 2025,ESTUDIOS A DISTANCIA,TECNOLOGIA EN GESTIÓN ADMINISTRATIVA DE SERVICIOS DE SALUD,Otra,Virtual,SOGAMOSO,C.C.,1996-06-02,F,1,PERDIO CUPO A130/98 ART. 80 LIT. D,SOGAMOSO,SOGAMOSO,LIT. D,28
PRIMER SEMESTRE DE 2025,ESTUDIOS A DISTANCIA,TECNOLOGIA EN GESTIÓN ADMINISTRATIVA DE SERVICIOS DE SALUD,Otra,Virtual,SOGAMOSO,C.C.,1989-05-30,F,2,PERDIO CUPO A130/98 ART. 80 LIT. D,SOGAMOSO,SOGAMOSO,LIT. D,35
PRIMER SEMESTRE DE 2025,ESTUDIOS A DISTANCIA,TECNICA PROFESIONAL EN PROCESOS AGROINDUSTRIALES,Otra,Virtual,PUERTO BOYACA,C.C.,2003-01-13,M,2,PERDIO CUPO A130/98 ART. 80 LIT. B,PUERTO BOYACÁ,PUERTO BOYACÁ,LIT. B,21
PRIMER SEMESTRE DE 2025,ESTUDIOS A DISTANCIA,TECNOLOGIA EN ELECTRICIDAD INDUSTRIAL,Otra,Distancia,TUNJA,C.C.,1978-10-25,M,1,PERDIO CUPO A130/98 ART. 80 LIT. B,TUNJA,TUNJA,LIT. B,46
PRIMER SEMESTRE DE 2025,ESTUDIOS A DISTANCIA,TECNOLOGIA EN ELECTRICIDAD INDUSTRIAL,Otra,Distancia,TUNJA,C.C.,1987-07-12,M,2,PERDIO CUPO A130/98 ART.80 LIT. E,BOGOTÁ D.C.,BOGOTÁ D.C.,LIT. E,37
PRIMER SEMESTRE DE 2025,ESTUDIOS A DISTANCIA,TECNOLOGIA EN ELECTRICIDAD INDUSTRIAL,Otra,Distancia,TUNJA,C.C.,1991-10-21,M,3,PERDIO CUPO A130/98 ART. 80 LIT. B,BOGOTÁ D.C.,BOAVITA,LIT. B,33
PRIMER SEMESTRE DE 2025,ESTUDIOS A DISTANCIA,TECNOLOGIA EN ELECTRICIDAD INDUSTRIAL,Otra,Distancia,TUNJA,C.C.,1986-11-02,M,2,PERDIO CUPO A130/98 ART. 80 LIT. B,TUNJA,TUNJA,LIT. B,38
PRIMER SEMESTRE DE 2025,ESTUDIOS A DISTANCIA,TECNOLOGIA EN ELECTRICIDAD INDUSTRIAL,Otra,Distancia,RIONEGRO,C.C.,2001-04-30,M,2,PERDIO CUPO A130/98 ART. 80 LIT. B,CÁCERES,CÁCERES,LIT. B,23
PRIMER SEMESTRE DE 2025,ESTUDIOS A DISTANCIA,TECNOLOGIA EN ELECTRICIDAD INDUSTRIAL,Otra,Distancia,RIONEGRO,C.C.,1999-11-07,M,1,PERDIO CUPO A130/98 ART. 80 LIT. C,JARDÍN,CAUCASIA,LIT. C,25
PRIMER SEMESTRE DE 2025,ESTUDIOS A DISTANCIA,TECNOLOGIA EN ELECTRICIDAD INDUSTRIAL,Otra,Distancia,RIONEGRO,C.C.,2006-01-07,M,2,PERDIO CUPO A130/98 ART. 80 LIT. C,PEREIRA,SAN CARLOS,LIT. C,18
PRIMER SEMESTRE DE 2025,ESTUDIOS A DISTANCIA,TECNOLOGIA EN ELECTRICIDAD INDUSTRIAL,Otra,Distancia,RIONEGRO,C.C.,1987-05-12,M,1,PERDIO CUPO A130/98 ART. 80 LIT. B,MONTELÍBANO,MONTELÍBANO,LIT. B,37
PRIMER SEMESTRE DE 2025,ESTUDIOS A DISTANCIA,TECNOLOGIA EN ELECTRICIDAD INDUSTRIAL,Otra,Distancia,RIONEGRO,C.C.,2003-06-08,M,2,PERDIO CUPO A130/98 ART. 80 LIT. D,RETIRO,RETIRO,LIT. D,21
PRIMER SEMESTRE DE 2025,ESTUDIOS A DISTANCIA,TECNOLOGIA EN ELECTRICIDAD INDUSTRIAL,Otra,Distancia,DUITAMA,C.C.,1999-08-10,M,2,PERDIO CUPO A130/98 ART. 80 LIT. D,SOGAMOSO,AQUITANIA,LIT. D,25
PRIMER SEMESTRE DE 2025,ESTUDIOS A DISTANCIA,TECNOLOGIA EN ELECTRICIDAD INDUSTRIAL,Otra,Distancia,DUITAMA,C.C.,2006-09-27,F,2,PERDIO CUPO A130/98 ART.80 LIT. E,SOGAMOSO,NOBSA,LIT. E,18
PRIMER SEMESTRE DE 2025,ESTUDIOS A DISTANCIA,TECNOLOGIA EN ELECTRICIDAD INDUSTRIAL,Otra,Distancia,DUITAMA,C.C.,2002-02-18,M,1,PERDIO CUPO A130/98 ART. 80 LIT. C,DUITAMA,DUITAMA,LIT. C,22
PRIMER SEMESTRE DE 2025,ESTUDIOS A DISTANCIA,TECNOLOGIA EN ELECTRICIDAD INDUSTRIAL,Otra,Distancia,SANTA FE DE BOGOTA,C.C.,1996-09-19,M,2,PERDIO CUPO A130/98 ART. 80 LIT. B,BOGOTÁ D.C.,BOGOTÁ D.C.,LIT. B,28
PRIMER SEMESTRE DE 2025,ESTUDIOS A DISTANCIA,TECNOLOGIA EN ELECTRICIDAD INDUSTRIAL,Otra,Distancia,SANTA FE DE BOGOTA,C.C.,1994-06-19,M,1,PERDIO CUPO A130/98 ART. 80 LIT. B,BOGOTÁ D.C.,BOGOTÁ D.C.,LIT. B,30
PRIMER SEMESTRE DE 2025,ESTUDIOS A DISTANCIA,TECNICA PROFESIONAL EN PROCESOS COMERCIALES Y FINANCIEROS,Otra,Virtual,AGUAZUL,C.C.,1998-12-05,F,1,PERDIO CUPO A130/98 ART. 80 LIT. C,SANTA MARÍA,AGUAZUL,LIT. C,26
PRIMER SEMESTRE DE 2025,ESTUDIOS A DISTANCIA,TECNICA PROFESIONAL EN PROCESOS COMERCIALES Y FINANCIEROS,Otra,Virtual,AGUAZUL,C.C.,1992-01-11,F,1,PERDIO CUPO A130/98 ART. 80 LIT. B,PUERTO RONDÓN,PAZ DE ARIPORO,LIT. B,32
PRIMER SEMESTRE DE 2025,ESTUDIOS A DISTANCIA,TECNOLOGIA EN GESTIÓN COMERCIAL Y FINANCIERA,Otra,Virtual,AGUAZUL,C.C.,1999-08-21,F,1,PERDIO CUPO A130/98 ART.80 LIT. E,YOPAL,YOPAL,LIT. E,25
PRIMER SEMESTRE DE 2025,ESTUDIOS A DISTANCIA,TECNOLOGIA EN GESTIÓN COMERCIAL Y FINANCIERA,Otra,Virtual,AGUAZUL,C.C.,1990-11-17,F,1,PERDIO CUPO A130/98 ART.80 LIT. E,AGUAZUL,AGUAZUL,LIT. E,34
PRIMER SEMESTRE DE 2025,ESTUDIOS A DISTANCIA,TECNOLOGIA EN GESTIÓN COMERCIAL Y FINANCIERA,Otra,Virtual,AGUAZUL,C.C.,1994-03-14,F,2,PERDIO CUPO A130/98 ART.80 LIT. E,SAN MIGUEL DE SEMA,CHIQUINQUIRÁ,LIT. E,30
PRIMER SEMESTRE DE 2025,ESTUDIOS A DISTANCIA,TECNICA PROFESIONAL EN PROCESOS ADMINISTRATIVOS DE SALUD,Otra,Virtual,AGUAZUL,C.C.,1998-12-18,F,1,PERDIO CUPO A130/98 ART. 80 LIT. B,PIEDECUESTA,SOGAMOSO,LIT. B,26
PRIMER SEMESTRE DE 2025,ESTUDIOS A DISTANCIA,TECNICA PROFESIONAL EN PROCESOS ADMINISTRATIVOS DE SALUD,Otra,Virtual,AGUAZUL,T.I.,2005-12-10,F,1,PERDIO CUPO A130/98 ART. 80 LIT. C,PORE,PORE,LIT. C,19
PRIMER SEMESTRE DE 2025,ESTUDIOS A DISTANCIA,TECNICA PROFESIONAL EN PROCESOS AGROINDUSTRIALES,Otra,Virtual,AGUAZUL,C.C.,2002-03-06,F,1,PERDIO CUPO A130/98 ART. 80 LIT. C,MACHETA,MACHETA,LIT. C,22
PRIMER SEMESTRE DE 2025,ESTUDIOS A DISTANCIA,TECNOLOGIA DE PROGRAMACIÓN DE SISTEMAS INFORMATICOS,Extendida,Virtual,PUERTO BOYACA,C.C.,2003-03-24,F,1,PERDIO CUPO A130/98 ART. 80 LIT. B,PUERTO BOYACÁ,PUERTO BOYACÁ,LIT. B,21
PRIMER SEMESTRE DE 2025,ESTUDIOS A DISTANCIA,TECNICA PROFESIONAL EN PROCESOS COMERCIALES Y FINANCIEROS,Otra,Virtual,PUERTO BOYACA,C.C.,2005-12-04,F,2,PERDIO CUPO A130/98 ART. 80 LIT. B,TUNJA,LA DORADA,LIT. B,19
PRIMER SEMESTRE DE 2025,INGENIERIA,INGENIERÍA CIVIL,Diurna,Presencial,TUNJA,C.C.,1994-10-22,M,2,PERDIO CUPO A130/98 ART.80 LIT. E,TUNJA,DUITAMA,LIT. E,30
PRIMER SEMESTRE DE 2025,INGENIERIA,INGENIERÍA CIVIL,Diurna,Presencial,TUNJA,C.C.,2003-07-09,M,3,PERDIO CUPO A130/98 ART.80 LIT. E,SAN ANDRÉS,SAN ANDRÉS,LIT. E,21
PRIMER SEMESTRE DE 2025,INGENIERIA,INGENIERÍA CIVIL,Diurna,Presencial,TUNJA,C.C.,2001-07-15,M,2,PERDIO CUPO A130/98 ART. 80 LIT. C,GARAGOA,CHINAVITA,LIT. C,23
PRIMER SEMESTRE DE 2025,INGENIERIA,INGENIERÍA CIVIL,Diurna,Presencial,TUNJA,T.I.,2006-02-11,M,1,PERDIO CUPO A130/98 ART. 80 LIT. C,BOGOTÁ D.C.,BOGOTÁ D.C.,LIT. C,18
PRIMER SEMESTRE DE 2025,INGENIERIA,INGENIERÍA CIVIL,Diurna,Presencial,TUNJA,C.C.,2005-04-15,F,3,PERDIO CUPO A130/98 ART. 80 LIT. C,EXTRANJERO,BOGOTÁ D.C.,LIT. C,19
PRIMER SEMESTRE DE 2025,INGENIERIA,INGENIERÍA METALURGICA,Diurna,Presencial,TUNJA,C.C.,2002-07-02,M,2,PERDIO CUPO A130/98 ART. 80 LIT. B,NUEVO COLÓN,NUEVO COLÓN,LIT. B,22
PRIMER SEMESTRE DE 2025,INGENIERIA,INGENIERÍA METALURGICA,Diurna,Presencial,TUNJA,C.C.,2006-03-10,M,1,PERDIO CUPO A130/98 ART. 80 LIT. B,TUNJA,TUNJA,LIT. B,18
PRIMER SEMESTRE DE 2025,INGENIERIA,INGENIERÍA METALURGICA,Diurna,Presencial,TUNJA,C.C.,2006-01-28,M,2,PERDIO CUPO A130/98 ART. 80 LIT. C,CHIQUINQUIRÁ,TUNJA,LIT. C,18
PRIMER SEMESTRE DE 2025,INGENIERIA,INGENIERÍA METALURGICA,Diurna,Presencial,TUNJA,C.C.,2000-08-08,M,2,PERDIO CUPO A130/98 ART.80 LIT. E,TUNJA,TUNJA,LIT. E,24
PRIMER SEMESTRE DE 2025,INGENIERIA,INGENIERÍA METALURGICA,Diurna,Presencial,TUNJA,C.C.,2004-11-22,M,1,PERDIO CUPO A130/98 ART. 80 LIT. C,TUNJA,TUNJA,LIT. C,20
PRIMER SEMESTRE DE 2025,INGENIERIA,INGENIERÍA METALURGICA,Diurna,Presencial,TUNJA,C.C.,1996-02-01,M,3,PERDIO CUPO A130/98 ART.80 LIT. E,DUITAMA,DUITAMA,LIT. E,28
PRIMER SEMESTRE DE 2025,INGENIERIA,INGENIERÍA DE TRANSPORTE Y VIAS,Diurna,Presencial,TUNJA,C.C.,2003-07-04,M,1,PERDIO CUPO A130/98 ART. 80 LIT. C,DUITAMA,PAIPA,LIT. C,21
PRIMER SEMESTRE DE 2025,INGENIERIA,INGENIERÍA DE TRANSPORTE Y VIAS,Diurna,Presencial,TUNJA,C.C.,2003-03-05,M,2,PERDIO CUPO A130/98 ART. 80 LIT. C,MIRAFLORES,MIRAFLORES,LIT. C,21
PRIMER SEMESTRE DE 2025,INGENIERIA,INGENIERÍA DE TRANSPORTE Y VIAS,Diurna,Presencial,TUNJA,C.C.,2003-06-17,M,2,PERDIO CUPO A130/98 ART. 80 LIT. C,TUNJA,CÓMBITA,LIT. C,21
PRIMER SEMESTRE DE 2025,INGENIERIA,INGENIERÍA DE SISTEMAS Y COMPUTACION,Diurna,Presencial,TUNJA,T.I.,2006-05-27,M,1,PERDIO CUPO A130/98 ART. 80 LIT. C,TUNJA,TUNJA,LIT. C,18
PRIMER SEMESTRE DE 2025,INGENIERIA,INGENIERÍA DE SISTEMAS Y COMPUTACION,Diurna,Presencial,TUNJA,C.C.,2003-04-12,M,2,PERDIO CUPO A130/98 ART. 80 LIT. C,SUTAMARCHÁN,SUTAMARCHÁN,LIT. C,21
PRIMER SEMESTRE DE 2025,INGENIERIA,INGENIERÍA DE SISTEMAS Y COMPUTACION,Diurna,Presencial,TUNJA,C.C.,1999-01-13,M,3,PERDIO CUPO A130/98 ART. 80 LIT. B,SOGAMOSO,DUITAMA,LIT. B,25
PRIMER SEMESTRE DE 2025,INGENIERIA,INGENIERÍA DE SISTEMAS Y COMPUTACION,Diurna,Presencial,TUNJA,C.C.,2003-07-16,M,2,PERDIO CUPO A130/98 ART. 80 LIT. D,TUNJA,TUNJA,LIT. D,21
PRIMER SEMESTRE DE 2025,INGENIERIA,INGENIERÍA DE SISTEMAS Y COMPUTACION,Diurna,Presencial,TUNJA,C.C.,2004-10-14,M,1,PERDIO CUPO A130/98 ART. 80 LIT. C,VÉLEZ,VÉLEZ,LIT. C,20
PRIMER SEMESTRE DE 2025,INGENIERIA,INGENIERÍA AMBIENTAL,Diurna,Presencial,TUNJA,C.C.,2004-05-06,M,2,PERDIO CUPO A130/98 ART. 80 LIT. B,UBATE,CHIQUINQUIRÁ,LIT. B,20
PRIMER SEMESTRE DE 2025,INGENIERIA,INGENIERÍA AMBIENTAL,Diurna,Presencial,TUNJA,C.C.,2001-10-05,M,2,PERDIO CUPO A130/98 ART. 80 LIT. B,DUITAMA,NOBSA,LIT. B,23
PRIMER SEMESTRE DE 2025,INGENIERIA,INGENIERÍA AMBIENTAL,Diurna,Presencial,TUNJA,C.C.,1998-10-11,M,2,PERDIO CUPO A130/98 ART.80 LIT. E,TUNJA,TUNJA,LIT. E,26
PRIMER SEMESTRE DE 2025,INGENIERIA,INGENIERÍA AMBIENTAL,Diurna,Presencial,TUNJA,C.C.,2002-11-02,M,1,PERDIO CUPO A130/98 ART. 80 LIT. D,TUNJA,TUNJA,LIT. D,22
PRIMER SEMESTRE DE 2025,INGENIERIA,INGENIERÍA ELECTRONICA,Diurna,Presencial,TUNJA,T.I.,2005-10-11,M,2,PERDIO CUPO A130/98 ART. 80 LIT. D,GARZÓN,TUNJA,LIT. D,19
PRIMER SEMESTRE DE 2025,INGENIERIA,INGENIERÍA ELECTRONICA,Diurna,Presencial,TUNJA,C.C.,2006-05-31,M,3,PERDIO CUPO A130/98 ART. 80 LIT. C,SOGAMOSO,SOGAMOSO,LIT. C,18
PRIMER SEMESTRE DE 2025,INGENIERIA,INGENIERÍA ELECTRONICA,Diurna,Presencial,TUNJA,T.I.,2005-11-20,M,2,PERDIO CUPO A130/98 ART. 80 LIT. D,ARAUCA,CÚCUTA,LIT. D,19
PRIMER SEMESTRE DE 2025,INGENIERIA,INGENIERÍA ELECTRONICA,Diurna,Presencial,TUNJA,C.C.,2004-09-06,M,3,PERDIO CUPO A130/98 ART. 80 LIT. C,BOGOTÁ D.C.,TUNJA,LIT. C,20
PRIMER SEMESTRE DE 2025,INGENIERIA,ARQUITECTURA,Extendida,Presencial,TUNJA,C.C.,2001-05-10,M,2,PERDIO CUPO A130/98 ART. 80 LIT. C,TUNJA,TOCA,LIT. C,23
PRIMER SEMESTRE DE 2025,INGENIERIA,ESPECIALIZACIÓN EN INFRAESTRUCTURA VIAL,Otra,Presencial,TUNJA,C.C.,1990-11-21,M,,PERDIO CUPO A 052/2012  ART 15 LIT.A.,TUNJA,CUBARÁ,LIT. A,34
PRIMER SEMESTRE DE 2025,INGENIERIA,ESPECIALIZACIÓN EN ESTRUCTURAS,Otra,Presencial,TUNJA,C.C.,1995-01-01,F,,PERDIO CUPO A 052/2012  ART 15 LIT.A.,DUITAMA,DUITAMA,LIT. A,29
PRIMER SEMESTRE DE 2025,INGENIERIA,ESPECIALIZACIÓN EN GEOTECNIA,Diurna,Presencial,TUNJA,C.C.,1996-01-12,F,,PERDIO CUPO A 052/2012  ART 15 LIT.A.,TOLEDO,PAMPLONA,LIT. A,28
PRIMER SEMESTRE DE 2025,INGENIERIA,MAESTRÍA EN GEOTECNIA,Diurna,Presencial,TUNJA,C.C.,1993-10-27,F,,PERDIO CUPO A 052/2012  ART 15 LIT.B.,DUITAMA,DUITAMA,LIT. B,31
PRIMER SEMESTRE DE 2025,INGENIERIA,TECNICO PROFESIONAL EN PRODUCCIÓN Y TRANSFORMACIÓN DEL ACERO,Otra,Presencial,TUNJA,C.C.,2004-09-10,M,,PERDIO CUPO A130/98 ART. 80 LIT. B,TUNJA,TUNJA,LIT. B,20
PRIMER SEMESTRE DE 2025,SECCIONAL CHIQUINQUIRA,LICENCIATURA EN EDUCACIÓN FISICA RECREACIÓN Y DEPORTE,Diurna,Presencial,CHIQUINQUIRA,T.I.,2006-10-18,M,2,PERDIO CUPO A130/98 ART. 80 LIT. C,SOGAMOSO,SOGAMOSO,LIT. C,18
PRIMER SEMESTRE DE 2025,SECCIONAL CHIQUINQUIRA,LICENCIATURA EN EDUCACIÓN FISICA RECREACIÓN Y DEPORTE,Diurna,Presencial,CHIQUINQUIRA,C.C.,1997-01-22,M,2,PERDIO CUPO A130/98 ART.80 LIT. E,TUNJA,MOTAVITA,LIT. E,27
PRIMER SEMESTRE DE 2025,SECCIONAL CHIQUINQUIRA,LICENCIATURA EN EDUCACIÓN FISICA RECREACIÓN Y DEPORTE,Diurna,Presencial,CHIQUINQUIRA,C.C.,2002-02-23,M,3,PERDIO CUPO A130/98 ART. 80 LIT. C,SOGAMOSO,SOGAMOSO,LIT. C,22
PRIMER SEMESTRE DE 2025,SECCIONAL DUITAMA,LICENCIATURA EN TECNOLOGIA,Diurna,Presencial,DUITAMA,C.C.,2004-05-05,M,2,PERDIO CUPO A130/98 ART.80 LIT. E,BOGOTA D.E,DUITAMA,LIT. E,20
PRIMER SEMESTRE DE 2025,SECCIONAL DUITAMA,LICENCIATURA EN TECNOLOGIA,Diurna,Presencial,DUITAMA,C.C.,2004-10-31,M,2,PERDIO CUPO A130/98 ART. 80 LIT. C,DUITAMA,NOBSA,LIT. C,20
PRIMER SEMESTRE DE 2025,SECCIONAL DUITAMA,LICENCIATURA EN TECNOLOGIA,Diurna,Presencial,DUITAMA,C.C.,2003-02-25,M,2,PERDIO CUPO A130/98 ART. 80 LIT. D,DUITAMA,DUITAMA,LIT. D,21
PRIMER SEMESTRE DE 2025,SECCIONAL DUITAMA,INGENIERÍA ELECTROMECANICA,Diurna,Presencial,DUITAMA,C.C.,2003-07-30,M,2,PERDIO CUPO A130/98 ART. 80 LIT. C,PAIPA,PAIPA,LIT. C,21
PRIMER SEMESTRE DE 2025,SECCIONAL DUITAMA,INGENIERÍA ELECTROMECANICA,Diurna,Presencial,DUITAMA,C.C.,2005-12-23,M,3,PERDIO CUPO A130/98 ART. 80 LIT. B,DUITAMA,DUITAMA,LIT. B,19
PRIMER SEMESTRE DE 2025,SECCIONAL DUITAMA,INGENIERÍA ELECTROMECANICA,Diurna,Presencial,DUITAMA,C.C.,2005-10-06,M,2,PERDIO CUPO A130/98 ART. 80 LIT. C,DUITAMA,DUITAMA,LIT. C,19
PRIMER SEMESTRE DE 2025,SECCIONAL DUITAMA,INGENIERÍA ELECTROMECANICA,Diurna,Presencial,DUITAMA,C.C.,2000-03-21,M,3,PERDIO CUPO A130/98 ART. 80 LIT. D,DUITAMA,DUITAMA,LIT. D,24
PRIMER SEMESTRE DE 2025,SECCIONAL DUITAMA,INGENIERÍA ELECTROMECANICA,Diurna,Presencial,DUITAMA,C.C.,2006-08-11,M,1,PERDIO CUPO A130/98 ART. 80 LIT. C,YOPAL,DUITAMA,LIT. C,18
PRIMER SEMESTRE DE 2025,SECCIONAL DUITAMA,INGENIERÍA ELECTROMECANICA,Diurna,Presencial,DUITAMA,T.I.,2006-06-03,M,2,PERDIO CUPO A130/98 ART. 80 LIT. B,TUNJA,CUCAITA,LIT. B,18
PRIMER SEMESTRE DE 2025,SECCIONAL DUITAMA,INGENIERÍA ELECTROMECANICA,Diurna,Presencial,DUITAMA,C.C.,1999-07-31,M,1,PERDIO CUPO A130/98 ART.80 LIT. E,YOPAL,YOPAL,LIT. E,25
PRIMER SEMESTRE DE 2025,SECCIONAL DUITAMA,INGENIERÍA ELECTROMECANICA,Diurna,Presencial,DUITAMA,C.C.,2004-10-23,M,2,PERDIO CUPO A130/98 ART. 80 LIT. C,CHIQUINQUIRÁ,CHIQUINQUIRÁ,LIT. C,20
PRIMER SEMESTRE DE 2025,SECCIONAL DUITAMA,ADMINISTRACIÓN TURISTICA Y HOTELERA,Diurna,Presencial,DUITAMA,C.C.,2004-01-13,F,2,PERDIO CUPO A130/98 ART. 80 LIT. C,DUITAMA,DUITAMA,LIT. C,20
PRIMER SEMESTRE DE 2025,SECCIONAL DUITAMA,ADMINISTRACIÓN TURISTICA Y HOTELERA,Diurna,Presencial,DUITAMA,C.C.,2004-01-03,M,1,PERDIO CUPO A130/98 ART. 80 LIT. C,SAN JOSÉ DEL GUAVIARE,DUITAMA,LIT. C,20
PRIMER SEMESTRE DE 2025,SECCIONAL DUITAMA,ADMINISTRACIÓN DE EMPRESAS AGROPECUARIAS,Diurna,Presencial,DUITAMA,C.C.,2004-08-19,F,2,PERDIO CUPO A130/98 ART. 80 LIT. C,SOATÁ,DUITAMA,LIT. C,20
PRIMER SEMESTRE DE 2025,SECCIONAL DUITAMA,ADMINISTRACIÓN DE EMPRESAS AGROPECUARIAS,Diurna,Presencial,DUITAMA,C.C.,2001-11-18,M,2,PERDIO CUPO A130/98 ART.80 LIT. E,SOGAMOSO,SOGAMOSO,LIT. E,23
PRIMER SEMESTRE DE 2025,SECCIONAL DUITAMA,ADMINISTRACIÓN INDUSTRIAL,Diurna,Presencial,DUITAMA,C.C.,2003-06-08,M,2,PERDIO CUPO A130/98 ART. 80 LIT. C,TÓPAGA,SOGAMOSO,LIT. C,21
PRIMER SEMESTRE DE 2025,SECCIONAL DUITAMA,ADMINISTRACIÓN INDUSTRIAL,Diurna,Presencial,DUITAMA,C.C.,2006-04-07,M,2,PERDIO CUPO A130/98 ART. 80 LIT. C,DUITAMA,DUITAMA,LIT. C,18
PRIMER SEMESTRE DE 2025,SECCIONAL DUITAMA,ADMINISTRACIÓN INDUSTRIAL,Diurna,Presencial,DUITAMA,C.C.,1993-09-16,M,2,PERDIO CUPO A130/98 ART.80 LIT. E,SOGAMOSO,BOGOTA D.E,LIT. E,31
PRIMER SEMESTRE DE 2025,SECCIONAL DUITAMA,DISEÑO INDUSTRIAL,Diurna,Presencial,DUITAMA,C.C.,2003-04-29,M,2,PERDIO CUPO A130/98 ART. 80 LIT. C,TUNJA,TUNJA,LIT. C,21
PRIMER SEMESTRE DE 2025,SECCIONAL DUITAMA,DISEÑO INDUSTRIAL,Diurna,Presencial,DUITAMA,T.I.,2005-01-23,F,1,PERDIO CUPO A130/98 ART. 80 LIT. D,BOGOTÁ D.C.,BOGOTÁ D.C.,LIT. D,19
PRIMER SEMESTRE DE 2025,SECCIONAL DUITAMA,LICENCIATURA EN MATEMATICAS,Diurna,Presencial,DUITAMA,C.C.,2004-12-19,F,1,PERDIO CUPO A130/98 ART. 80 LIT. B,MOMPÓS,DUITAMA,LIT. B,20
PRIMER SEMESTRE DE 2025,SECCIONAL DUITAMA,LICENCIATURA EN MATEMATICAS,Diurna,Presencial,DUITAMA,C.C.,2006-03-10,M,2,PERDIO CUPO A130/98 ART. 80 LIT. B,DUITAMA,DUITAMA,LIT. B,18
PRIMER SEMESTRE DE 2025,SECCIONAL DUITAMA,LICENCIATURA EN MATEMATICAS,Diurna,Presencial,DUITAMA,C.C.,2002-06-22,M,2,PERDIO CUPO A130/98 ART. 80 LIT. C,DUITAMA,DUITAMA,LIT. C,22
PRIMER SEMESTRE DE 2025,SECCIONAL SOGAMOSO,INGENIERÍA ELECTRONICA,Diurna,Presencial,SOGAMOSO,C.C.,1996-12-25,M,2,PERDIO CUPO A130/98 ART.80 LIT. E,SOGAMOSO,DUITAMA,LIT. E,28
PRIMER SEMESTRE DE 2025,SECCIONAL SOGAMOSO,INGENIERÍA ELECTRONICA,Diurna,Presencial,SOGAMOSO,T.I.,2007-03-18,M,2,PERDIO CUPO A130/98 ART. 80 LIT. D,SOGAMOSO,SOGAMOSO,LIT. D,17
PRIMER SEMESTRE DE 2025,SECCIONAL SOGAMOSO,INGENIERÍA ELECTRONICA,Diurna,Presencial,SOGAMOSO,C.C.,2000-03-09,M,3,PERDIO CUPO A130/98 ART.80 LIT. E,SOGAMOSO,TIBASOSA,LIT. E,24
PRIMER SEMESTRE DE 2025,SECCIONAL SOGAMOSO,INGENIERÍA ELECTRONICA,Diurna,Presencial,SOGAMOSO,C.C.,2002-02-12,M,2,PERDIO CUPO A130/98 ART. 80 LIT. B,PAIPA,PAIPA,LIT. B,22
PRIMER SEMESTRE DE 2025,SECCIONAL SOGAMOSO,INGENIERÍA ELECTRONICA,Diurna,Presencial,SOGAMOSO,C.C.,1999-07-08,M,2,PERDIO CUPO A130/98 ART.80 LIT. E,DUITAMA,DUITAMA,LIT. E,25
PRIMER SEMESTRE DE 2025,SECCIONAL SOGAMOSO,INGENIERÍA ELECTRONICA,Diurna,Presencial,SOGAMOSO,C.C.,2003-06-26,M,1,PERDIO CUPO A130/98 ART. 80 LIT. A,BOGOTÁ D.C.,SOGAMOSO,LIT. A,21
PRIMER SEMESTRE DE 2025,SECCIONAL SOGAMOSO,INGENIERÍA ELECTRONICA,Diurna,Presencial,SOGAMOSO,C.C.,2004-05-18,M,2,PERDIO CUPO A130/98 ART. 80 LIT. C,CHIQUINQUIRÁ,CHIQUINQUIRÁ,LIT. C,20
PRIMER SEMESTRE DE 2025,SECCIONAL SOGAMOSO,INGENIERÍA ELECTRONICA,Diurna,Presencial,SOGAMOSO,C.C.,1998-05-18,M,3,PERDIO CUPO A130/98 ART.80 LIT. E,TUNJA,TUNJA,LIT. E,26
PRIMER SEMESTRE DE 2025,SECCIONAL SOGAMOSO,INGENIERÍA GEOLOGICA,Diurna,Presencial,SOGAMOSO,C.C.,2003-10-08,M,2,PERDIO CUPO A130/98 ART. 80 LIT. C,DUITAMA,NOBSA,LIT. C,21
PRIMER SEMESTRE DE 2025,SECCIONAL SOGAMOSO,INGENIERÍA GEOLOGICA,Diurna,Presencial,SOGAMOSO,C.C.,1999-07-02,M,2,PERDIO CUPO A130/98 ART. 80 LIT. C,ANZOÁTEGUI,SOGAMOSO,LIT. C,25
PRIMER SEMESTRE DE 2025,SECCIONAL SOGAMOSO,INGENIERÍA DE MINAS,Diurna,Presencial,SOGAMOSO,C.C.,2005-02-28,F,2,PERDIO CUPO A130/98 ART. 80 LIT. B,TUNJA,DUITAMA,LIT. B,19
PRIMER SEMESTRE DE 2025,SECCIONAL SOGAMOSO,INGENIERÍA DE MINAS,Diurna,Presencial,SOGAMOSO,C.C.,2006-09-03,M,1,PERDIO CUPO A130/98 ART. 80 LIT. C,PUERTO LIBERTADOR,PUERTO LIBERTADOR,LIT. C,18
PRIMER SEMESTRE DE 2025,SECCIONAL SOGAMOSO,INGENIERÍA DE MINAS,Diurna,Presencial,SOGAMOSO,C.C.,2004-12-07,M,2,PERDIO CUPO A130/98 ART. 80 LIT. A,SOGAMOSO,SOGAMOSO,LIT. A,20
PRIMER SEMESTRE DE 2025,SECCIONAL SOGAMOSO,INGENIERÍA DE MINAS,Diurna,Presencial,SOGAMOSO,C.C.,2000-12-31,M,2,PERDIO CUPO A130/98 ART.80 LIT. E,BARRANQUILLA,BARRANQUILLA,LIT. E,24
PRIMER SEMESTRE DE 2025,SECCIONAL SOGAMOSO,INGENIERÍA INDUSTRIAL,Diurna,Presencial,SOGAMOSO,C.C.,1999-01-28,F,1,PERDIO CUPO A130/98 ART. 80 LIT. C,CÚCUTA,PANQUEBA,LIT. C,25
PRIMER SEMESTRE DE 2025,SECCIONAL SOGAMOSO,INGENIERÍA INDUSTRIAL,Diurna,Presencial,SOGAMOSO,C.C.,1995-05-11,M,2,PERDIO CUPO A130/98 ART. 80 LIT. D,SOGAMOSO,SOGAMOSO,LIT. D,29
PRIMER SEMESTRE DE 2025,SECCIONAL SOGAMOSO,INGENIERÍA INDUSTRIAL,Diurna,Presencial,SOGAMOSO,C.C.,2002-08-20,F,2,PERDIO CUPO A130/98 ART.80 LIT. E,BOGOTA D.E,TUNJA,LIT. E,22
PRIMER SEMESTRE DE 2025,SECCIONAL SOGAMOSO,INGENIERÍA INDUSTRIAL,Diurna,Presencial,SOGAMOSO,C.C.,2006-03-29,M,2,PERDIO CUPO A130/98 ART. 80 LIT. B,AQUITANIA,SOGAMOSO,LIT. B,18
PRIMER SEMESTRE DE 2025,SECCIONAL SOGAMOSO,INGENIERÍA INDUSTRIAL,Diurna,Presencial,SOGAMOSO,C.C.,1999-02-10,F,2,PERDIO CUPO A130/98 ART.80 LIT. E,SOGAMOSO,SOGAMOSO,LIT. E,25
PRIMER SEMESTRE DE 2025,SECCIONAL SOGAMOSO,INGENIERÍA DE SISTEMAS Y COMPUTACION,Diurna,Presencial,SOGAMOSO,C.C.,2003-11-01,M,2,PERDIO CUPO A130/98 ART. 80 LIT. C,TUNJA,TUNJA,LIT. C,21
PRIMER SEMESTRE DE 2025,SECCIONAL SOGAMOSO,INGENIERÍA DE SISTEMAS Y COMPUTACION,Diurna,Presencial,SOGAMOSO,C.C.,2003-11-04,M,2,PERDIO CUPO A130/98 ART. 80 LIT. C,SOGAMOSO,SOGAMOSO,LIT. C,21
PRIMER SEMESTRE DE 2025,SECCIONAL SOGAMOSO,INGENIERÍA DE SISTEMAS Y COMPUTACION,Diurna,Presencial,SOGAMOSO,C.C.,2001-03-08,M,2,PERDIO CUPO A130/98 ART.80 LIT. E,SOGAMOSO,TASCO,LIT. E,23
PRIMER SEMESTRE DE 2025,SECCIONAL SOGAMOSO,ADMINISTRACIÓN DE EMPRESAS,Extendida,Presencial,SOGAMOSO,C.C.,2005-03-03,F,2,PERDIO CUPO A130/98 ART. 80 LIT. C,SOGAMOSO,AQUITANIA,LIT. C,19
PRIMER SEMESTRE DE 2025,SECCIONAL SOGAMOSO,ADMINISTRACIÓN DE EMPRESAS,Extendida,Presencial,SOGAMOSO,C.C.,2004-10-28,M,1,PERDIO CUPO A130/98 ART.80 LIT. E,MANÍ,SOGAMOSO,LIT. E,20
PRIMER SEMESTRE DE 2025,SECCIONAL SOGAMOSO,ADMINISTRACIÓN DE EMPRESAS,Extendida,Presencial,SOGAMOSO,C.C.,2000-07-05,M,2,PERDIO CUPO A130/98 ART. 80 LIT. C,PESCA,SOGAMOSO,LIT. C,24
PRIMER SEMESTRE DE 2025,SECCIONAL SOGAMOSO,ADMINISTRACIÓN DE EMPRESAS,Extendida,Presencial,SOGAMOSO,T.I.,2007-01-01,M,2,PERDIO CUPO A130/98 ART. 80 LIT. C,BOGOTÁ D.C.,BOGOTÁ D.C.,LIT. C,17
PRIMER SEMESTRE DE 2025,SECCIONAL SOGAMOSO,ADMINISTRACIÓN DE EMPRESAS,Extendida,Presencial,SOGAMOSO,C.C.,2001-06-12,F,2,PERDIO CUPO A130/98 ART. 80 LIT. C,SOGAMOSO,SOGAMOSO,LIT. C,23
PRIMER SEMESTRE DE 2025,SECCIONAL SOGAMOSO,FINANZAS Y COMERCIO INTERNACIONAL,Extendida,Presencial,SOGAMOSO,C.C.,1999-03-27,M,2,PERDIO CUPO A130/98 ART. 80 LIT. C,PAIPA,SOGAMOSO,LIT. C,25
