edad,GENERO,ESTRATO,NOMBRE_PROGRAMA,NOMBRE_FACULTAD,tipo_desercion
48,F,,MAESTRIA EN EDUCACION,CIENCIAS DE LA EDUCACION,A
47,F,,MAESTRIA EN EDUCACION,CIENCIAS DE LA EDUCACION,B
28,M,,MAESTRIA EN HISTORIA,CIENCIAS DE LA EDUCACION,A
36,F,,MAESTRIA EN LITERATURA,CIENCIAS DE LA EDUCACION,A
32,F,,MAESTRIA EN DERECHOS HUMANOS,DERECHO Y CIENCIAS  SOCIALES,A
33,M,,ESPECIALIZACION EN ALTA GERENCIA DE EMPRESAS,ESTUDIOS A DISTANCIA,A
45,F,,MAESTRIA EN DIDACTICA DE LA MATEMATICA,ESTUDIOS A DISTANCIA,A
38,M,,MAESTRIA EN DIDACTICA DE LA MATEMATICA,ESTUDIOS A DISTANCIA,A
30,M,,ESPECIALIZACION EN BASES DE DATOS,INGENIERIA,B
34,M,,ESPECIALIZACION EN BASES DE DATOS,INGENIERIA,A
41,M,,ESPECIALIZACION EN ESTRUCTURAS,INGENIERIA,A
40,M,,ESPECIALIZACION EN ESTRUCTURAS,INGENIERIA,A
34,M,,ESPECIALIZACION EN ESTRUCTURAS,INGENIERIA,A
36,M,,ESPECIALIZACION EN ESTRUCTURAS,INGENIERIA,A
33,M,,ESPECIALIZACION EN GERENCIA DE PROYECTOS DE CONSTRUCCION,INGENIERIA,A
33,M,,ESPECIALIZACION EN TRANSITO Y TRANSPORTE,INGENIERIA,A
32,M,,ESPECIALIZACION EN GESTION ESTRATEGICA DE PROYECTOS,SECCIONAL DUITAMA,A
37,M,,ESPECIALIZACION EN INGENIERIA DE PRODUCCION Y OPERACIONES,SECCIONAL SOGAMOSO,A
32,M,,ESPECIALIZACION EN INGENIERIA DE PRODUCCION Y OPERACIONES,SECCIONAL SOGAMOSO,A
43,M,,"MAESTRIA EN SEGURIDAD Y SALUD EN EL TRABAJO, ENFASIS EN HIGIENE Y SEGURIDAD INDUSTRIAL",SECCIONAL SOGAMOSO,A
24,F,,TECNICO PROFESIONAL EN INSTALACION Y MANTENIMIENTO DE REDES Y COMPUTADORES,SECCIONAL TUNJA,B
22,F,,TECNICO PROFESIONAL EN INSTALACION Y MANTENIMIENTO DE REDES Y COMPUTADORES,SECCIONAL TUNJA,B
20,M,,TECNICA PROFESIONAL EN PROCESOS AGROINDUSTRIALES,SECCIONAL CHIQUINQUIRA,B
21,M,,TECNICA PROFESIONAL EN PROCESOS AGROINDUSTRIALES,SECCIONAL CHIQUINQUIRA,B
36,F,,MAESTRIA EN CIENCIAS VETERINARIAS,CIENCIAS AGROPECUARIAS,A
34,M,,MAESTRIA EN CIENCIAS VETERINARIAS,CIENCIAS AGROPECUARIAS,A
60,M,,DOCTORADO EN LENGUAJE Y CULTURA,CIENCIAS DE LA EDUCACION,A
40,M,,MAESTRIA EN EDUCACION,CIENCIAS DE LA EDUCACION,A
29,M,,MAESTRIA EN HISTORIA,CIENCIAS DE LA EDUCACION,A
37,M,,MAESTRIA EN ECONOMIA,CIENCIAS ECONOMICAS Y ADMINISTRATIVAS,B
42,F,,MAESTRIA EN DERECHOS HUMANOS,DERECHO Y CIENCIAS  SOCIALES,A
32,M,,ESPECIALIZACION EN ALTA GERENCIA DE EMPRESAS,ESTUDIOS A DISTANCIA,A
31,M,,ESPECIALIZACION EN ALTA GERENCIA DE EMPRESAS,ESTUDIOS A DISTANCIA,A
31,M,,ESPECIALIZACION EN ALTA GERENCIA DE EMPRESAS,ESTUDIOS A DISTANCIA,B
33,F,,MAESTRIA EN DIDACTICA DE LA MATEMATICA,ESTUDIOS A DISTANCIA,A
39,M,,MAESTRIA EN DIDACTICA DE LA MATEMATICA,ESTUDIOS A DISTANCIA,A
53,F,,MAESTRIA EN DIDACTICA DE LA MATEMATICA,ESTUDIOS A DISTANCIA,C
32,F,,ESPECIALIZACION EN GESTION DE INTEGRIDAD Y CORROSIN,INGENIERIA,A
33,M,,MAESTRIA EN GEOTECNIA,INGENIERIA,A
48,M,,MAESTRIA EN INGENIERIA AMBIENTAL,INGENIERIA,B
34,M,,MAESTRIA EN INGENIERIA AMBIENTAL,INGENIERIA,A
40,M,,MAESTRIA EN INGENIERIA AMBIENTAL,INGENIERIA,B
42,M,,ESPECIALIZACIN EN INFORMTICA PARA LA DOCENCIA,SECCIONAL DUITAMA,A
47,F,,"MAESTRIA EN SEGURIDAD Y SALUD EN EL TRABAJO, ENFASIS EN HIGIENE Y SEGURIDAD INDUSTRIAL",SECCIONAL SOGAMOSO,B
26,F,2,FISICA,CIENCIAS,B
27,M,2,FISICA,CIENCIAS,B
27,M,2,FISICA,CIENCIAS,B
29,M,1,FISICA,CIENCIAS,C
27,M,2,FISICA,CIENCIAS,B
24,M,1,FISICA,CIENCIAS,C
21,M,3,FISICA,CIENCIAS,B
23,F,3,FISICA,CIENCIAS,C
24,F,4,FISICA,CIENCIAS,E
23,M,2,FISICA,CIENCIAS,B
25,M,3,BIOLOGIA,CIENCIAS,B
23,M,3,BIOLOGIA,CIENCIAS,B
24,F,1,BIOLOGIA,CIENCIAS,C
30,M,1,BIOLOGIA,CIENCIAS,D
23,M,1,MATEMATICAS,CIENCIAS,C
22,M,1,MATEMATICAS,CIENCIAS,C
25,F,2,MATEMATICAS,CIENCIAS,E
27,M,3,MATEMATICAS,CIENCIAS,C
23,F,3,MATEMATICAS,CIENCIAS,B
24,M,1,MATEMATICAS,CIENCIAS,B
23,F,1,MATEMATICAS,CIENCIAS,B
26,F,2,MATEMATICAS,CIENCIAS,C
47,M,2,MATEMATICAS,CIENCIAS,E
22,M,2,MATEMATICAS,CIENCIAS,B
23,F,2,MATEMATICAS,CIENCIAS,C
27,M,1,MATEMATICAS,CIENCIAS,C
23,M,1,MATEMATICAS,CIENCIAS,C
30,M,4,QUIMICA,CIENCIAS,C
23,M,2,QUIMICA,CIENCIAS,C
23,M,3,QUIMICA,CIENCIAS,E
23,F,3,QUIMICA,CIENCIAS,C
24,M,3,QUIMICA,CIENCIAS,C
22,M,1,QUIMICA,CIENCIAS,B
28,M,1,QUIMICA,CIENCIAS,E
27,M,2,INGENIERIA AGRONOMICA,CIENCIAS AGROPECUARIAS,B
24,M,2,INGENIERIA AGRONOMICA,CIENCIAS AGROPECUARIAS,C
25,F,2,INGENIERIA AGRONOMICA,CIENCIAS AGROPECUARIAS,B
27,M,1,INGENIERIA AGRONOMICA,CIENCIAS AGROPECUARIAS,E
24,M,1,INGENIERIA AGRONOMICA,CIENCIAS AGROPECUARIAS,C
24,M,2,INGENIERIA AGRONOMICA,CIENCIAS AGROPECUARIAS,B
25,M,1,MEDICINA VETERINARIA Y ZOOTECNIA,CIENCIAS AGROPECUARIAS,C
24,M,2,MEDICINA VETERINARIA Y ZOOTECNIA,CIENCIAS AGROPECUARIAS,B
23,F,3,MEDICINA VETERINARIA Y ZOOTECNIA,CIENCIAS AGROPECUARIAS,B
22,M,1,MEDICINA VETERINARIA Y ZOOTECNIA,CIENCIAS AGROPECUARIAS,B
24,F,2,MEDICINA VETERINARIA Y ZOOTECNIA,CIENCIAS AGROPECUARIAS,B
27,M,3,MEDICINA VETERINARIA Y ZOOTECNIA,CIENCIAS AGROPECUARIAS,B
27,M,1,MEDICINA VETERINARIA Y ZOOTECNIA,CIENCIAS AGROPECUARIAS,B
27,M,3,MEDICINA VETERINARIA Y ZOOTECNIA,CIENCIAS AGROPECUARIAS,C
23,M,2,MEDICINA VETERINARIA Y ZOOTECNIA,CIENCIAS AGROPECUARIAS,C
24,M,2,MEDICINA VETERINARIA Y ZOOTECNIA,CIENCIAS AGROPECUARIAS,C
38,M,,MAESTRIA EN DESARROLLO RURAL,CIENCIAS AGROPECUARIAS,A
36,M,,MAESTRIA EN CIENCIAS VETERINARIAS,CIENCIAS AGROPECUARIAS,B
29,M,1,LICENCIATURA EN LENGUAS EXTRANJERAS,CIENCIAS DE LA EDUCACION,E
32,F,1,LICENCIATURA EN LENGUAS EXTRANJERAS,CIENCIAS DE LA EDUCACION,E
27,M,2,LICENCIATURA EN INFORMATICA Y TECNOLOGIA,CIENCIAS DE LA EDUCACION,E
26,M,2,LICENCIATURA EN INFORMATICA Y TECNOLOGIA,CIENCIAS DE LA EDUCACION,C
27,M,1,LICENCIATURA EN INFORMATICA Y TECNOLOGIA,CIENCIAS DE LA EDUCACION,E
25,M,2,LICENCIATURA EN INFORMATICA Y TECNOLOGIA,CIENCIAS DE LA EDUCACION,C
36,M,1,LICENCIATURA EN INFORMATICA Y TECNOLOGIA,CIENCIAS DE LA EDUCACION,D
24,M,2,LICENCIATURA EN INFORMATICA Y TECNOLOGIA,CIENCIAS DE LA EDUCACION,C
27,M,2,LICENCIATURA EN MATEMATICAS,CIENCIAS DE LA EDUCACION,E
22,M,1,LICENCIATURA EN MATEMATICAS,CIENCIAS DE LA EDUCACION,B
23,M,2,LICENCIATURA EN MATEMATICAS,CIENCIAS DE LA EDUCACION,B
25,M,2,LICENCIATURA EN MATEMATICAS,CIENCIAS DE LA EDUCACION,D
25,M,1,LICENCIATURA EN MATEMATICAS,CIENCIAS DE LA EDUCACION,C
24,M,2,LICENCIATURA EN MATEMATICAS,CIENCIAS DE LA EDUCACION,C
23,M,2,LICENCIATURA EN MATEMATICAS,CIENCIAS DE LA EDUCACION,B
22,F,1,LICENCIATURA EN MATEMATICAS,CIENCIAS DE LA EDUCACION,C
20,M,1,LICENCIATURA EN MATEMATICAS,CIENCIAS DE LA EDUCACION,B
28,M,2,LICENCIATURA EN MATEMATICAS,CIENCIAS DE LA EDUCACION,B
24,M,2,LICENCIATURA EN MATEMATICAS,CIENCIAS DE LA EDUCACION,B
24,M,2,LICENCIATURA EN MATEMATICAS,CIENCIAS DE LA EDUCACION,B
24,F,1,LICENCIATURA EN MATEMATICAS,CIENCIAS DE LA EDUCACION,E
26,M,1,LICENCIATURA EN MATEMATICAS,CIENCIAS DE LA EDUCACION,D
23,F,3,LICENCIATURA EN CIENCIAS NATURALES Y EDUCACION AMBIENTAL,CIENCIAS DE LA EDUCACION,C
24,M,2,LICENCIATURA EN CIENCIAS NATURALES Y EDUCACION AMBIENTAL,CIENCIAS DE LA EDUCACION,C
24,M,1,LICENCIATURA EN CIENCIAS NATURALES Y EDUCACION AMBIENTAL,CIENCIAS DE LA EDUCACION,B
27,M,1,LICENCIATURA EN CIENCIAS NATURALES Y EDUCACION AMBIENTAL,CIENCIAS DE LA EDUCACION,C
32,M,2,LICENCIATURA EN MATEMATICAS,CIENCIAS DE LA EDUCACION,C
25,F,3,LICENCIATURA EN MATEMATICAS,CIENCIAS DE LA EDUCACION,C
26,M,1,LICENCIATURA EN MATEMATICAS,CIENCIAS DE LA EDUCACION,B
21,F,2,LICENCIATURA EN MATEMATICAS,CIENCIAS DE LA EDUCACION,B
29,F,1,LICENCIATURA EN MATEMATICAS,CIENCIAS DE LA EDUCACION,C
29,M,1,LICENCIATURA EN MATEMATICAS,CIENCIAS DE LA EDUCACION,D
23,M,2,LICENCIATURA EN MATEMATICAS,CIENCIAS DE LA EDUCACION,C
28,F,3,LICENCIATURA EN MATEMATICAS,CIENCIAS DE LA EDUCACION,C
24,M,2,LICENCIATURA EN MATEMATICAS,CIENCIAS DE LA EDUCACION,C
23,M,2,LICENCIATURA EN EDUCACION FISICA RECREACION Y DEPORTE,CIENCIAS DE LA EDUCACION,B
28,M,2,LICENCIATURA EN EDUCACION FISICA RECREACION Y DEPORTE,CIENCIAS DE LA EDUCACION,D
25,M,2,LICENCIATURA EN EDUCACION FISICA RECREACION Y DEPORTE,CIENCIAS DE LA EDUCACION,C
24,M,1,LICENCIATURA EN EDUCACION FISICA RECREACION Y DEPORTE,CIENCIAS DE LA EDUCACION,C
26,M,1,LICENCIATURA EN EDUCACION FISICA RECREACION Y DEPORTE,CIENCIAS DE LA EDUCACION,C
25,M,1,LICENCIATURA EN EDUCACION FISICA RECREACION Y DEPORTE,CIENCIAS DE LA EDUCACION,E
22,M,2,LICENCIATURA EN EDUCACION FISICA RECREACION Y DEPORTE,CIENCIAS DE LA EDUCACION,B
24,M,1,LICENCIATURA EN EDUCACION FISICA RECREACION Y DEPORTE,CIENCIAS DE LA EDUCACION,C
23,M,2,LICENCIATURA EN EDUCACION FISICA RECREACION Y DEPORTE,CIENCIAS DE LA EDUCACION,B
22,M,2,LICENCIATURA EN EDUCACION FISICA RECREACION Y DEPORTE,CIENCIAS DE LA EDUCACION,B
27,F,2,LICENCIATURA EN CIENCIAS SOCIALES,CIENCIAS DE LA EDUCACION,B
28,M,2,LICENCIATURA EN CIENCIAS SOCIALES,CIENCIAS DE LA EDUCACION,C
23,M,2,LICENCIATURA EN CIENCIAS SOCIALES,CIENCIAS DE LA EDUCACION,B
26,M,1,LICENCIATURA EN CIENCIAS SOCIALES,CIENCIAS DE LA EDUCACION,C
26,M,3,LICENCIATURA EN CIENCIAS SOCIALES,CIENCIAS DE LA EDUCACION,C
33,M,3,LICENCIATURA EN CIENCIAS SOCIALES,CIENCIAS DE LA EDUCACION,C
29,M,2,LICENCIATURA EN CIENCIAS SOCIALES,CIENCIAS DE LA EDUCACION,E
21,F,2,LICENCIATURA EN CIENCIAS SOCIALES,CIENCIAS DE LA EDUCACION,B
25,M,2,LICENCIATURA EN CIENCIAS SOCIALES,CIENCIAS DE LA EDUCACION,B
26,M,1,LICENCIATURA EN CIENCIAS SOCIALES,CIENCIAS DE LA EDUCACION,C
27,F,1,LICENCIATURA EN CIENCIAS SOCIALES,CIENCIAS DE LA EDUCACION,C
23,F,2,LIC. EN PSICOPEDAGOGIA ENFASIS ASESORIA EDUCATIVA,CIENCIAS DE LA EDUCACION,E
24,F,1,LIC. EN PSICOPEDAGOGIA ENFASIS ASESORIA EDUCATIVA,CIENCIAS DE LA EDUCACION,C
24,M,3,LICENCIATURA EN MUSICA,CIENCIAS DE LA EDUCACION,D
30,F,3,LICENCIATURA EN ARTES PLASTICAS,CIENCIAS DE LA EDUCACION,D
22,F,2,LICENCIATURA EN FILOSOFIA,CIENCIAS DE LA EDUCACION,D
29,M,3,LICENCIATURA EN FILOSOFIA,CIENCIAS DE LA EDUCACION,D
27,M,1,LICENCIATURA EN FILOSOFIA,CIENCIAS DE LA EDUCACION,E
29,M,2,LICENCIATURA EN FILOSOFIA,CIENCIAS DE LA EDUCACION,B
21,M,3,LICENCIATURA EN FILOSOFIA,CIENCIAS DE LA EDUCACION,B
27,F,2,LICENCIATURA EN EDUCACION FISICA RECREACION Y DEPORTE,CIENCIAS DE LA EDUCACION,D
28,M,2,LICENCIATURA EN EDUCACION FISICA RECREACION Y DEPORTE,CIENCIAS DE LA EDUCACION,C
29,M,2,LICENCIATURA EN EDUCACION FISICA RECREACION Y DEPORTE,CIENCIAS DE LA EDUCACION,E
24,M,1,LICENCIATURA EN EDUCACION FISICA RECREACION Y DEPORTE,CIENCIAS DE LA EDUCACION,C
25,M,3,LICENCIATURA EN EDUCACION FISICA RECREACION Y DEPORTE,CIENCIAS DE LA EDUCACION,C
28,M,2,LICENCIATURA EN EDUCACION FISICA RECREACION Y DEPORTE,CIENCIAS DE LA EDUCACION,D
26,M,2,LICENCIATURA EN EDUCACION FISICA RECREACION Y DEPORTE,CIENCIAS DE LA EDUCACION,C
24,F,2,LICENCIATURA EN EDUCACION FISICA RECREACION Y DEPORTE,CIENCIAS DE LA EDUCACION,B
28,M,1,LICENCIATURA EN EDUCACION FISICA RECREACION Y DEPORTE,CIENCIAS DE LA EDUCACION,E
25,M,1,LICENCIATURA EN EDUCACION FISICA RECREACION Y DEPORTE,CIENCIAS DE LA EDUCACION,C
26,M,1,LICENCIATURA EN EDUCACION FISICA RECREACION Y DEPORTE,CIENCIAS DE LA EDUCACION,D
24,M,2,LICENCIATURA EN EDUCACION FISICA RECREACION Y DEPORTE,CIENCIAS DE LA EDUCACION,C
22,M,2,LICENCIATURA EN LENGUAS EXTRANJERAS CON ENFASIS EN INGLES Y EN FRANCES,CIENCIAS DE LA EDUCACION,B
23,M,2,LICENCIATURA EN LENGUAS EXTRANJERAS CON ENFASIS EN INGLES Y EN FRANCES,CIENCIAS DE LA EDUCACION,B
21,M,3,LICENCIATURA EN LENGUAS EXTRANJERAS CON ENFASIS EN INGLES Y EN FRANCES,CIENCIAS DE LA EDUCACION,B
22,F,1,LICENCIATURA EN EDUCACION INFANTIL,CIENCIAS DE LA EDUCACION,B
21,F,1,LICENCIATURA EN EDUCACION INFANTIL,CIENCIAS DE LA EDUCACION,B
23,F,2,LICENCIATURA EN EDUCACION INFANTIL,CIENCIAS DE LA EDUCACION,B
24,M,3,"LICENCIATURA EN LENGUAS MODERNAS, CON ENFASIS EN INGLES",CIENCIAS DE LA EDUCACION,C
23,M,3,"LICENCIATURA EN LENGUAS MODERNAS, CON ENFASIS EN INGLES",CIENCIAS DE LA EDUCACION,C
22,M,3,LICENCIATURA EN LITERATURA Y LENGUA CASTELLANA,CIENCIAS DE LA EDUCACION,B
22,M,2,LICENCIATURA EN INFORMATICA,CIENCIAS DE LA EDUCACION,C
23,M,2,LICENCIATURA EN INFORMATICA,CIENCIAS DE LA EDUCACION,C
24,M,2,ARTES PLASTICAS Y VISUALES,CIENCIAS DE LA EDUCACION,B
37,M,,MAESTRIA EN HISTORIA,CIENCIAS DE LA EDUCACION,A
38,F,,MAESTRIA EN LINGUISTICA,CIENCIAS DE LA EDUCACION,A
36,F,2,"LICENCIATURA EN EDUCACION BASICA CON ENFASIS EN MATEMATICAS, HUMANIDADES Y LENGUA CASTELLANA",CIENCIAS DE LA EDUCACION,D
27,F,2,"LICENCIATURA EN EDUCACION BASICA CON ENFASIS EN MATEMATICAS, HUMANIDADES Y LENGUA CASTELLANA",CIENCIAS DE LA EDUCACION,D
27,F,,"LICENCIATURA EN EDUCACION BASICA CON ENFASIS EN MATEMATICAS, HUMANIDADES Y LENGUA CASTELLANA",CIENCIAS DE LA EDUCACION,D
38,F,2,"LICENCIATURA EN EDUCACION BASICA CON ENFASIS EN MATEMATICAS, HUMANIDADES Y LENGUA CASTELLANA",CIENCIAS DE LA EDUCACION,D
27,F,1,"LICENCIATURA EN EDUCACION BASICA CON ENFASIS EN MATEMATICAS, HUMANIDADES Y LENGUA CASTELLANA",CIENCIAS DE LA EDUCACION,E
26,M,2,"LICENCIATURA EN EDUCACION BASICA CON ENFASIS EN MATEMATICAS, HUMANIDADES Y LENGUA CASTELLANA",CIENCIAS DE LA EDUCACION,E
28,F,1,"LICENCIATURA EN EDUCACION BASICA CON ENFASIS EN MATEMATICAS, HUMANIDADES Y LENGUA CASTELLANA",CIENCIAS DE LA EDUCACION,E
30,F,1,"LICENCIATURA EN EDUCACION BASICA CON ENFASIS EN MATEMATICAS, HUMANIDADES Y LENGUA CASTELLANA",CIENCIAS DE LA EDUCACION,D
33,F,,"LICENCIATURA EN EDUCACION BASICA CON ENFASIS EN MATEMATICAS, HUMANIDADES Y LENGUA CASTELLANA",CIENCIAS DE LA EDUCACION,E
29,F,2,"LICENCIATURA EN EDUCACION BASICA CON ENFASIS EN MATEMATICAS, HUMANIDADES Y LENGUA CASTELLANA",CIENCIAS DE LA EDUCACION,D
29,F,1,"LICENCIATURA EN EDUCACION BASICA CON ENFASIS EN MATEMATICAS, HUMANIDADES Y LENGUA CASTELLANA",CIENCIAS DE LA EDUCACION,E
37,F,2,"LICENCIATURA EN EDUCACION BASICA CON ENFASIS EN MATEMATICAS, HUMANIDADES Y LENGUA CASTELLANA",CIENCIAS DE LA EDUCACION,E
39,F,,"LICENCIATURA EN EDUCACION BASICA CON ENFASIS EN MATEMATICAS, HUMANIDADES Y LENGUA CASTELLANA",CIENCIAS DE LA EDUCACION,D
34,F,1,"LICENCIATURA EN EDUCACION BASICA CON ENFASIS EN MATEMATICAS, HUMANIDADES Y LENGUA CASTELLANA",CIENCIAS DE LA EDUCACION,E
41,M,,"LICENCIATURA EN EDUCACION BASICA CON ENFASIS EN MATEMATICAS, HUMANIDADES Y LENGUA CASTELLANA",CIENCIAS DE LA EDUCACION,D
40,F,2,"LICENCIATURA EN EDUCACION BASICA CON ENFASIS EN MATEMATICAS, HUMANIDADES Y LENGUA CASTELLANA",CIENCIAS DE LA EDUCACION,D
53,F,2,"LICENCIATURA EN EDUCACION BASICA CON ENFASIS EN MATEMATICAS, HUMANIDADES Y LENGUA CASTELLANA",CIENCIAS DE LA EDUCACION,E
40,M,,"LICENCIATURA EN EDUCACION BASICA CON ENFASIS EN MATEMATICAS, HUMANIDADES Y LENGUA CASTELLANA",CIENCIAS DE LA EDUCACION,B
23,F,2,LICENCIATURA EN EDUCACION BASICA PRIMARIA,CIENCIAS DE LA EDUCACION,C
24,F,1,LICENCIATURA EN EDUCACION BASICA PRIMARIA,CIENCIAS DE LA EDUCACION,C
23,F,1,LICENCIATURA EN EDUCACION BASICA PRIMARIA,CIENCIAS DE LA EDUCACION,C
34,F,2,LICENCIATURA EN EDUCACION BASICA PRIMARIA,CIENCIAS DE LA EDUCACION,D
28,F,2,LICENCIATURA EN EDUCACION BASICA PRIMARIA,CIENCIAS DE LA EDUCACION,B
24,F,1,LICENCIATURA EN EDUCACION BASICA PRIMARIA,CIENCIAS DE LA EDUCACION,B
24,F,2,LICENCIATURA EN EDUCACION BASICA PRIMARIA,CIENCIAS DE LA EDUCACION,B
32,F,3,LICENCIATURA EN EDUCACION BASICA PRIMARIA,CIENCIAS DE LA EDUCACION,C
24,M,2,PSICOLOGIA,CIENCIAS DE LA SALUD,C
28,M,3,PSICOLOGIA,CIENCIAS DE LA SALUD,B
28,M,1,PSICOLOGIA,CIENCIAS DE LA SALUD,B
28,M,1,PSICOLOGIA,CIENCIAS DE LA SALUD,E
23,M,2,PSICOLOGIA,CIENCIAS DE LA SALUD,D
26,M,3,PSICOLOGIA,CIENCIAS DE LA SALUD,C
25,M,2,PSICOLOGIA,CIENCIAS DE LA SALUD,E
34,M,1,ENFERMERIA,CIENCIAS DE LA SALUD,C
23,M,2,ECONOMIA,CIENCIAS ECONOMICAS Y ADMINISTRATIVAS,C
26,M,2,ECONOMIA,CIENCIAS ECONOMICAS Y ADMINISTRATIVAS,D
25,M,2,ECONOMIA,CIENCIAS ECONOMICAS Y ADMINISTRATIVAS,C
26,M,3,ECONOMIA,CIENCIAS ECONOMICAS Y ADMINISTRATIVAS,B
27,F,1,ECONOMIA,CIENCIAS ECONOMICAS Y ADMINISTRATIVAS,C
24,M,2,ECONOMIA,CIENCIAS ECONOMICAS Y ADMINISTRATIVAS,C
25,M,2,ECONOMIA,CIENCIAS ECONOMICAS Y ADMINISTRATIVAS,C
35,F,2,ECONOMIA,CIENCIAS ECONOMICAS Y ADMINISTRATIVAS,D
30,M,2,ECONOMIA,CIENCIAS ECONOMICAS Y ADMINISTRATIVAS,E
41,F,2,ECONOMIA,CIENCIAS ECONOMICAS Y ADMINISTRATIVAS,E
31,M,2,ECONOMIA,CIENCIAS ECONOMICAS Y ADMINISTRATIVAS,E
28,M,1,ECONOMIA,CIENCIAS ECONOMICAS Y ADMINISTRATIVAS,E
32,M,2,ECONOMIA,CIENCIAS ECONOMICAS Y ADMINISTRATIVAS,E
24,M,1,ECONOMIA,CIENCIAS ECONOMICAS Y ADMINISTRATIVAS,D
25,M,2,ECONOMIA,CIENCIAS ECONOMICAS Y ADMINISTRATIVAS,D
34,F,,ECONOMIA,CIENCIAS ECONOMICAS Y ADMINISTRATIVAS,E
28,M,3,ECONOMIA,CIENCIAS ECONOMICAS Y ADMINISTRATIVAS,E
29,M,2,ECONOMIA,CIENCIAS ECONOMICAS Y ADMINISTRATIVAS,C
40,M,2,ECONOMIA,CIENCIAS ECONOMICAS Y ADMINISTRATIVAS,E
24,M,2,ECONOMIA,CIENCIAS ECONOMICAS Y ADMINISTRATIVAS,B
25,M,2,ADMINISTRACION DE EMPRESAS,CIENCIAS ECONOMICAS Y ADMINISTRATIVAS,D
25,F,3,ADMINISTRACION DE EMPRESAS,CIENCIAS ECONOMICAS Y ADMINISTRATIVAS,B
23,F,3,ADMINISTRACION DE EMPRESAS,CIENCIAS ECONOMICAS Y ADMINISTRATIVAS,E
24,M,2,ADMINISTRACION DE EMPRESAS,CIENCIAS ECONOMICAS Y ADMINISTRATIVAS,C
30,M,1,ADMINISTRACION DE EMPRESAS,CIENCIAS ECONOMICAS Y ADMINISTRATIVAS,C
28,M,1,ADMINISTRACION DE EMPRESAS,CIENCIAS ECONOMICAS Y ADMINISTRATIVAS,C
26,M,1,ADMINISTRACION DE EMPRESAS,CIENCIAS ECONOMICAS Y ADMINISTRATIVAS,C
27,F,3,ADMINISTRACION DE EMPRESAS,CIENCIAS ECONOMICAS Y ADMINISTRATIVAS,B
24,M,2,ADMINISTRACION DE EMPRESAS,CIENCIAS ECONOMICAS Y ADMINISTRATIVAS,D
29,M,1,ADMINISTRACION DE EMPRESAS,CIENCIAS ECONOMICAS Y ADMINISTRATIVAS,D
23,F,4,ADMINISTRACION DE EMPRESAS,CIENCIAS ECONOMICAS Y ADMINISTRATIVAS,E
30,F,3,ADMINISTRACION DE EMPRESAS,CIENCIAS ECONOMICAS Y ADMINISTRATIVAS,C
26,M,,ADMINISTRACION DE EMPRESAS,CIENCIAS ECONOMICAS Y ADMINISTRATIVAS,C
32,M,1,ADMINISTRACION DE EMPRESAS,CIENCIAS ECONOMICAS Y ADMINISTRATIVAS,D
25,M,1,ADMINISTRACION DE EMPRESAS,CIENCIAS ECONOMICAS Y ADMINISTRATIVAS,C
25,F,3,CONTADURIA PUBLICA,CIENCIAS ECONOMICAS Y ADMINISTRATIVAS,B
22,F,1,CONTADURIA PUBLICA,CIENCIAS ECONOMICAS Y ADMINISTRATIVAS,B
22,M,2,CONTADURIA PUBLICA,CIENCIAS ECONOMICAS Y ADMINISTRATIVAS,B
24,F,1,CONTADURIA PUBLICA,CIENCIAS ECONOMICAS Y ADMINISTRATIVAS,E
25,F,1,CONTADURIA PUBLICA,CIENCIAS ECONOMICAS Y ADMINISTRATIVAS,B
32,M,2,CONTADURIA PUBLICA,CIENCIAS ECONOMICAS Y ADMINISTRATIVAS,E
32,F,2,CONTADURIA PUBLICA,CIENCIAS ECONOMICAS Y ADMINISTRATIVAS,D
29,F,2,CONTADURIA PUBLICA,CIENCIAS ECONOMICAS Y ADMINISTRATIVAS,D
29,M,1,CONTADURIA PUBLICA,CIENCIAS ECONOMICAS Y ADMINISTRATIVAS,E
27,M,1,CONTADURIA PUBLICA,CIENCIAS ECONOMICAS Y ADMINISTRATIVAS,E
27,M,2,CONTADURIA PUBLICA,CIENCIAS ECONOMICAS Y ADMINISTRATIVAS,C
22,M,1,CONTADURIA PUBLICA,CIENCIAS ECONOMICAS Y ADMINISTRATIVAS,C
32,M,2,CONTADURIA PUBLICA,CIENCIAS ECONOMICAS Y ADMINISTRATIVAS,B
24,M,2,CONTADURIA PUBLICA,CIENCIAS ECONOMICAS Y ADMINISTRATIVAS,C
29,F,,ESPECIALIZACION EN GERENCIA TRIBUTARIA,CIENCIAS ECONOMICAS Y ADMINISTRATIVAS,A
31,M,,MAESTRIA EN ECONOMIA,CIENCIAS ECONOMICAS Y ADMINISTRATIVAS,A
53,F,,MAESTRIA EN FINANZAS,CIENCIAS ECONOMICAS Y ADMINISTRATIVAS,A
33,F,,MAESTRIA EN FINANZAS,CIENCIAS ECONOMICAS Y ADMINISTRATIVAS,A
22,M,2,DERECHO,DERECHO Y CIENCIAS  SOCIALES,B
22,M,2,DERECHO,DERECHO Y CIENCIAS  SOCIALES,C
39,M,2,DERECHO,DERECHO Y CIENCIAS  SOCIALES,D
24,M,2,DERECHO,DERECHO Y CIENCIAS  SOCIALES,C
44,M,2,DERECHO,DERECHO Y CIENCIAS  SOCIALES,E
25,M,2,DERECHO,DERECHO Y CIENCIAS  SOCIALES,D
22,M,2,DERECHO,DERECHO Y CIENCIAS  SOCIALES,C
29,F,2,DERECHO,DERECHO Y CIENCIAS  SOCIALES,D
31,F,,ESPECIALIZACION EN GERENCIA DE EMPRESAS DE SALUD,ESTUDIOS A DISTANCIA,A
38,M,,ESPECIALIZACION EN ALTA GERENCIA DE EMPRESAS,ESTUDIOS A DISTANCIA,B
32,F,,ESPECIALIZACION EN ALTA GERENCIA DE EMPRESAS,ESTUDIOS A DISTANCIA,B
39,M,,MAESTRIA EN DIDACTICA DE LA MATEMATICA,ESTUDIOS A DISTANCIA,B
29,F,,MAESTRIA EN DIDACTICA DE LA MATEMATICA,ESTUDIOS A DISTANCIA,A
27,M,2,TECNOLOGIA EN OBRAS CIVILES,ESTUDIOS A DISTANCIA,D
25,M,2,TECNOLOGIA EN OBRAS CIVILES,ESTUDIOS A DISTANCIA,B
26,M,,TECNOLOGIA EN OBRAS CIVILES,ESTUDIOS A DISTANCIA,C
33,M,1,TECNOLOGIA EN OBRAS CIVILES,ESTUDIOS A DISTANCIA,B
24,M,2,TECNOLOGIA EN OBRAS CIVILES,ESTUDIOS A DISTANCIA,B
26,M,2,TECNOLOGIA EN OBRAS CIVILES,ESTUDIOS A DISTANCIA,B
30,M,2,TECNOLOGIA EN OBRAS CIVILES,ESTUDIOS A DISTANCIA,C
24,F,1,TECNOLOGIA EN OBRAS CIVILES,ESTUDIOS A DISTANCIA,B
45,M,1,TECNOLOGIA EN OBRAS CIVILES,ESTUDIOS A DISTANCIA,B
30,M,1,TECNOLOGIA EN OBRAS CIVILES,ESTUDIOS A DISTANCIA,C
30,M,2,TECNOLOGIA EN OBRAS CIVILES,ESTUDIOS A DISTANCIA,C
30,M,2,TECNOLOGIA EN OBRAS CIVILES,ESTUDIOS A DISTANCIA,B
25,M,2,TECNOLOGIA EN OBRAS CIVILES,ESTUDIOS A DISTANCIA,B
26,M,2,TECNOLOGIA EN OBRAS CIVILES,ESTUDIOS A DISTANCIA,C
36,F,1,TECNOLOGIA EN OBRAS CIVILES,ESTUDIOS A DISTANCIA,C
30,M,1,TECNOLOGIA EN OBRAS CIVILES,ESTUDIOS A DISTANCIA,D
38,M,1,TECNOLOGIA EN OBRAS CIVILES,ESTUDIOS A DISTANCIA,D
28,M,2,TECNOLOGIA EN OBRAS CIVILES,ESTUDIOS A DISTANCIA,C
23,M,2,TECNOLOGIA EN OBRAS CIVILES,ESTUDIOS A DISTANCIA,B
30,M,1,TECNOLOGIA EN OBRAS CIVILES,ESTUDIOS A DISTANCIA,C
29,F,1,TECNOLOGIA EN OBRAS CIVILES,ESTUDIOS A DISTANCIA,B
23,F,2,TECNOLOGIA EN OBRAS CIVILES,ESTUDIOS A DISTANCIA,B
33,F,1,TECNOLOGIA EN OBRAS CIVILES,ESTUDIOS A DISTANCIA,B
44,M,2,TECNOLOGIA EN OBRAS CIVILES,ESTUDIOS A DISTANCIA,C
25,M,2,TECNOLOGIA EN OBRAS CIVILES,ESTUDIOS A DISTANCIA,C
39,M,1,TECNOLOGIA EN OBRAS CIVILES,ESTUDIOS A DISTANCIA,E
41,M,3,TECNOLOGIA EN OBRAS CIVILES,ESTUDIOS A DISTANCIA,E
25,M,2,TECNOLOGIA EN OBRAS CIVILES,ESTUDIOS A DISTANCIA,C
25,M,2,TECNOLOGIA EN OBRAS CIVILES,ESTUDIOS A DISTANCIA,B
21,F,2,TECNOLOGIA EN OBRAS CIVILES,ESTUDIOS A DISTANCIA,B
30,M,2,TECNOLOGIA EN OBRAS CIVILES,ESTUDIOS A DISTANCIA,B
43,M,2,TECNOLOGIA EN OBRAS CIVILES,ESTUDIOS A DISTANCIA,C
26,M,1,TECNOLOGIA EN OBRAS CIVILES,ESTUDIOS A DISTANCIA,C
23,M,2,TECNOLOGIA EN OBRAS CIVILES,ESTUDIOS A DISTANCIA,C
31,M,2,TECNOLOGIA EN OBRAS CIVILES,ESTUDIOS A DISTANCIA,C
29,M,2,TECNOLOGIA EN OBRAS CIVILES,ESTUDIOS A DISTANCIA,B
30,M,2,TECNOLOGIA EN OBRAS CIVILES,ESTUDIOS A DISTANCIA,C
31,M,2,TECNOLOGIA EN OBRAS CIVILES,ESTUDIOS A DISTANCIA,C
24,M,2,TECNOLOGIA EN REGENCIA DE FARMACIA,ESTUDIOS A DISTANCIA,B
37,M,2,TECNOLOGIA EN REGENCIA DE FARMACIA,ESTUDIOS A DISTANCIA,B
27,F,2,TECNOLOGIA EN REGENCIA DE FARMACIA,ESTUDIOS A DISTANCIA,D
37,F,2,TECNOLOGIA EN REGENCIA DE FARMACIA,ESTUDIOS A DISTANCIA,B
28,F,2,TECNOLOGIA EN REGENCIA DE FARMACIA,ESTUDIOS A DISTANCIA,C
30,F,,TECNOLOGIA EN REGENCIA DE FARMACIA,ESTUDIOS A DISTANCIA,E
25,F,2,TECNOLOGIA EN REGENCIA DE FARMACIA,ESTUDIOS A DISTANCIA,C
24,F,2,TECNOLOGIA EN REGENCIA DE FARMACIA,ESTUDIOS A DISTANCIA,B
28,F,2,TECNOLOGIA EN REGENCIA DE FARMACIA,ESTUDIOS A DISTANCIA,C
25,F,2,TECNOLOGIA EN REGENCIA DE FARMACIA,ESTUDIOS A DISTANCIA,D
23,F,3,TECNOLOGIA EN REGENCIA DE FARMACIA,ESTUDIOS A DISTANCIA,C
29,M,2,TECNOLOGIA EN REGENCIA DE FARMACIA,ESTUDIOS A DISTANCIA,E
29,F,2,TECNOLOGIA EN REGENCIA DE FARMACIA,ESTUDIOS A DISTANCIA,C
24,F,2,TECNOLOGIA EN REGENCIA DE FARMACIA,ESTUDIOS A DISTANCIA,D
24,F,1,TECNOLOGIA EN REGENCIA DE FARMACIA,ESTUDIOS A DISTANCIA,C
23,M,2,TECNOLOGIA EN ELECTRICIDAD,ESTUDIOS A DISTANCIA,C
24,M,1,TECNOLOGIA EN ELECTRICIDAD,ESTUDIOS A DISTANCIA,C
34,M,2,TECNOLOGIA EN ELECTRICIDAD,ESTUDIOS A DISTANCIA,D
28,M,2,TECNOLOGIA EN ELECTRICIDAD,ESTUDIOS A DISTANCIA,C
36,M,2,TECNOLOGIA EN MAQUINAS Y HERRAMIENTAS,ESTUDIOS A DISTANCIA,D
26,M,2,TECNOLOGIA EN MAQUINAS Y HERRAMIENTAS,ESTUDIOS A DISTANCIA,C
30,M,2,TECNOLOGIA EN MAQUINAS Y HERRAMIENTAS,ESTUDIOS A DISTANCIA,D
32,M,2,TECNOLOGIA EN MAQUINAS Y HERRAMIENTAS,ESTUDIOS A DISTANCIA,B
43,M,2,TECNOLOGIA EN OBRAS CIVILES,ESTUDIOS A DISTANCIA,B
41,F,3,TECNOLOGIA EN OBRAS CIVILES,ESTUDIOS A DISTANCIA,B
32,M,2,TECNOLOGIA EN ELECTRICIDAD,ESTUDIOS A DISTANCIA,C
36,M,3,TECNOLOGIA EN ELECTRICIDAD,ESTUDIOS A DISTANCIA,B
47,M,2,TECNOLOGIA EN ELECTRICIDAD,ESTUDIOS A DISTANCIA,B
42,M,,TECNOLOGIA EN ELECTRICIDAD,ESTUDIOS A DISTANCIA,D
31,M,2,TECNOLOGIA EN ELECTRICIDAD,ESTUDIOS A DISTANCIA,C
35,M,,TECNOLOGIA EN ELECTRICIDAD,ESTUDIOS A DISTANCIA,D
38,M,2,TECNOLOGIA EN ELECTRICIDAD,ESTUDIOS A DISTANCIA,C
39,M,3,TECNOLOGIA EN ELECTRICIDAD,ESTUDIOS A DISTANCIA,B
24,M,2,TECNOLOGIA EN ELECTRICIDAD,ESTUDIOS A DISTANCIA,C
30,M,2,TECNICA PROFESIONAL EN PROCESOS AGROINDUSTRIALES,ESTUDIOS A DISTANCIA,B
30,F,1,TECNICA PROFESIONAL EN PROCESOS AGROINDUSTRIALES,ESTUDIOS A DISTANCIA,C
24,F,2,TECNICA PROFESIONAL EN PROCESOS AGROINDUSTRIALES,ESTUDIOS A DISTANCIA,C
27,M,1,TECNICA PROFESIONAL EN PROCESOS AGROINDUSTRIALES,ESTUDIOS A DISTANCIA,C
26,M,1,TECNICA PROFESIONAL EN PROCESOS AGROINDUSTRIALES,ESTUDIOS A DISTANCIA,B
33,M,1,TECNICA PROFESIONAL EN PROCESOS AGROINDUSTRIALES,ESTUDIOS A DISTANCIA,B
25,M,2,TECNICA PROFESIONAL EN PROCESOS ADMINISTRATIVOS DE SALUD,ESTUDIOS A DISTANCIA,D
26,M,2,TECNOLOGIA DE PROGRAMACION DE SISTEMAS INFORMATICOS,ESTUDIOS A DISTANCIA,C
30,M,3,TECNOLOGIA DE PROGRAMACION DE SISTEMAS INFORMATICOS,ESTUDIOS A DISTANCIA,C
25,M,2,TECNOLOGIA DE PROGRAMACION DE SISTEMAS INFORMATICOS,ESTUDIOS A DISTANCIA,B
26,M,1,TECNOLOGIA DE PROGRAMACION DE SISTEMAS INFORMATICOS,ESTUDIOS A DISTANCIA,B
30,F,3,TECNOLOGIA DE PROGRAMACION DE SISTEMAS INFORMATICOS,ESTUDIOS A DISTANCIA,C
25,M,2,TECNOLOGIA DE PROGRAMACION DE SISTEMAS INFORMATICOS,ESTUDIOS A DISTANCIA,B
26,M,2,TECNOLOGIA DE PROGRAMACION DE SISTEMAS INFORMATICOS,ESTUDIOS A DISTANCIA,D
25,M,2,TECNOLOGIA DE PROGRAMACION DE SISTEMAS INFORMATICOS,ESTUDIOS A DISTANCIA,C
39,M,1,TECNICO PROFESIONAL EN PRODUCCION Y TRANSFORMACION DEL ACERO,ESTUDIOS A DISTANCIA,C
22,M,2,TECNICA PROFESIONAL EN INSTALACION Y MANTENIMIENTO DE REDES Y COMPUTADORES,ESTUDIOS A DISTANCIA,E
42,F,2,TECNICA PROFESIONAL EN PROCESOS ADMINISTRATIVOS DE SALUD,ESTUDIOS A DISTANCIA,B
29,F,3,TECNICA PROFESIONAL EN PROCESOS ADMINISTRATIVOS DE SALUD,ESTUDIOS A DISTANCIA,B
37,M,2,TECNICA PROFESIONAL EN PROCESOS ADMINISTRATIVOS DE SALUD,ESTUDIOS A DISTANCIA,C
29,F,1,TECNICA PROFESIONAL EN PROCESOS ADMINISTRATIVOS DE SALUD,ESTUDIOS A DISTANCIA,C
30,F,3,TECNICA PROFESIONAL EN PROCESOS ADMINISTRATIVOS DE SALUD,ESTUDIOS A DISTANCIA,C
34,M,3,TECNICA PROFESIONAL EN PROCESOS COMERCIALES Y FINANCIEROS,ESTUDIOS A DISTANCIA,B
27,M,1,TECNICA PROFESIONAL EN PROCESOS COMERCIALES Y FINANCIEROS,ESTUDIOS A DISTANCIA,B
21,F,2,TECNICA PROFESIONAL EN PROCESOS COMERCIALES Y FINANCIEROS,ESTUDIOS A DISTANCIA,B
22,M,2,TECNICA PROFESIONAL EN PROCESOS COMERCIALES Y FINANCIEROS,ESTUDIOS A DISTANCIA,C
25,M,2,TECNICA PROFESIONAL EN PROCESOS COMERCIALES Y FINANCIEROS,ESTUDIOS A DISTANCIA,B
35,M,3,TECNICA PROFESIONAL EN PROCESOS COMERCIALES Y FINANCIEROS,ESTUDIOS A DISTANCIA,D
28,M,3,TECNICA PROFESIONAL EN PROCESOS COMERCIALES Y FINANCIEROS,ESTUDIOS A DISTANCIA,C
26,M,2,TECNICA PROFESIONAL EN PROCESOS COMERCIALES Y FINANCIEROS,ESTUDIOS A DISTANCIA,D
23,F,2,TECNICA PROFESIONAL EN PROCESOS COMERCIALES Y FINANCIEROS,ESTUDIOS A DISTANCIA,B
45,M,4,ADMINISTRACION COMERCIAL Y FINANCIERA,ESTUDIOS A DISTANCIA,D
32,F,2,ADMINISTRACION COMERCIAL Y FINANCIERA,ESTUDIOS A DISTANCIA,D
46,F,4,ADMINISTRACION COMERCIAL Y FINANCIERA,ESTUDIOS A DISTANCIA,D
32,F,2,TECNICA PROFESIONAL EN PROCESOS ADMINISTRATIVOS DE SALUD,ESTUDIOS A DISTANCIA,C
26,F,2,TECNICA PROFESIONAL EN PROCESOS ADMINISTRATIVOS DE SALUD,ESTUDIOS A DISTANCIA,C
29,F,2,TECNICA PROFESIONAL EN PROCESOS ADMINISTRATIVOS DE SALUD,ESTUDIOS A DISTANCIA,B
35,F,2,TECNICA PROFESIONAL EN PROCESOS ADMINISTRATIVOS DE SALUD,ESTUDIOS A DISTANCIA,B
28,F,2,TECNICA PROFESIONAL EN PROCESOS ADMINISTRATIVOS DE SALUD,ESTUDIOS A DISTANCIA,B
28,F,2,TECNICA PROFESIONAL EN PROCESOS ADMINISTRATIVOS DE SALUD,ESTUDIOS A DISTANCIA,C
42,F,2,TECNICA PROFESIONAL EN PROCESOS ADMINISTRATIVOS DE SALUD,ESTUDIOS A DISTANCIA,B
30,F,1,TECNICA PROFESIONAL EN PROCESOS ADMINISTRATIVOS DE SALUD,ESTUDIOS A DISTANCIA,D
23,M,1,TECNICA PROFESIONAL EN PROCESOS ADMINISTRATIVOS DE SALUD,ESTUDIOS A DISTANCIA,B
33,F,2,TECNOLOGIA EN GESTION ADMINISTRATIVA DE SERVICIOS DE SALUD,ESTUDIOS A DISTANCIA,D
28,M,2,TECNICA PROFESIONAL EN PROCESOS COMERCIALES Y FINANCIEROS,ESTUDIOS A DISTANCIA,B
36,F,2,TECNICA PROFESIONAL EN PROCESOS COMERCIALES Y FINANCIEROS,ESTUDIOS A DISTANCIA,D
26,F,1,TECNICA PROFESIONAL EN PROCESOS COMERCIALES Y FINANCIEROS,ESTUDIOS A DISTANCIA,E
32,F,2,TECNICA PROFESIONAL EN PROCESOS COMERCIALES Y FINANCIEROS,ESTUDIOS A DISTANCIA,C
31,M,2,TECNICA PROFESIONAL EN PROCESOS COMERCIALES Y FINANCIEROS,ESTUDIOS A DISTANCIA,C
23,F,2,TECNICA PROFESIONAL EN PROCESOS COMERCIALES Y FINANCIEROS,ESTUDIOS A DISTANCIA,C
43,M,1,TECNICA PROFESIONAL EN PROCESOS COMERCIALES Y FINANCIEROS,ESTUDIOS A DISTANCIA,C
30,F,1,TECNICA PROFESIONAL EN PROCESOS COMERCIALES Y FINANCIEROS,ESTUDIOS A DISTANCIA,C
23,F,2,TECNICA PROFESIONAL EN PROCESOS COMERCIALES Y FINANCIEROS,ESTUDIOS A DISTANCIA,C
25,F,3,TECNICA PROFESIONAL EN PROCESOS COMERCIALES Y FINANCIEROS,ESTUDIOS A DISTANCIA,B
23,F,2,TECNICA PROFESIONAL EN PROCESOS COMERCIALES Y FINANCIEROS,ESTUDIOS A DISTANCIA,B
28,M,3,TECNICA PROFESIONAL EN PROCESOS COMERCIALES Y FINANCIEROS,ESTUDIOS A DISTANCIA,D
37,F,1,TECNICA PROFESIONAL EN PROCESOS COMERCIALES Y FINANCIEROS,ESTUDIOS A DISTANCIA,D
41,M,1,TECNICA PROFESIONAL EN PROCESOS COMERCIALES Y FINANCIEROS,ESTUDIOS A DISTANCIA,B
24,F,2,TECNICA PROFESIONAL EN PROCESOS COMERCIALES Y FINANCIEROS,ESTUDIOS A DISTANCIA,D
39,M,2,TECNICA PROFESIONAL EN PROCESOS COMERCIALES Y FINANCIEROS,ESTUDIOS A DISTANCIA,B
30,F,2,TECNICA PROFESIONAL EN PROCESOS COMERCIALES Y FINANCIEROS,ESTUDIOS A DISTANCIA,C
36,F,1,TECNICA PROFESIONAL EN PROCESOS COMERCIALES Y FINANCIEROS,ESTUDIOS A DISTANCIA,D
31,M,2,TECNICA PROFESIONAL EN PROCESOS COMERCIALES Y FINANCIEROS,ESTUDIOS A DISTANCIA,B
25,F,3,TECNICA PROFESIONAL EN PROCESOS COMERCIALES Y FINANCIEROS,ESTUDIOS A DISTANCIA,C
29,F,2,TECNICA PROFESIONAL EN PROCESOS COMERCIALES Y FINANCIEROS,ESTUDIOS A DISTANCIA,C
26,F,2,TECNICA PROFESIONAL EN PROCESOS COMERCIALES Y FINANCIEROS,ESTUDIOS A DISTANCIA,B
29,F,2,TECNICA PROFESIONAL EN PROCESOS COMERCIALES Y FINANCIEROS,ESTUDIOS A DISTANCIA,B
30,F,1,TECNICA PROFESIONAL EN PROCESOS COMERCIALES Y FINANCIEROS,ESTUDIOS A DISTANCIA,B
34,F,2,TECNICA PROFESIONAL EN PROCESOS COMERCIALES Y FINANCIEROS,ESTUDIOS A DISTANCIA,B
26,M,2,TECNICA PROFESIONAL EN PROCESOS COMERCIALES Y FINANCIEROS,ESTUDIOS A DISTANCIA,C
29,F,3,TECNICA PROFESIONAL EN PROCESOS COMERCIALES Y FINANCIEROS,ESTUDIOS A DISTANCIA,C
32,M,2,TECNICA PROFESIONAL EN PROCESOS COMERCIALES Y FINANCIEROS,ESTUDIOS A DISTANCIA,C
27,M,2,TECNICA PROFESIONAL EN PROCESOS COMERCIALES Y FINANCIEROS,ESTUDIOS A DISTANCIA,C
26,M,3,TECNICA PROFESIONAL EN PROCESOS COMERCIALES Y FINANCIEROS,ESTUDIOS A DISTANCIA,D
25,F,2,TECNICA PROFESIONAL EN PROCESOS COMERCIALES Y FINANCIEROS,ESTUDIOS A DISTANCIA,B
32,F,2,TECNICA PROFESIONAL EN PROCESOS COMERCIALES Y FINANCIEROS,ESTUDIOS A DISTANCIA,D
40,F,2,TECNICA PROFESIONAL EN PROCESOS COMERCIALES Y FINANCIEROS,ESTUDIOS A DISTANCIA,C
28,M,3,TECNICA PROFESIONAL EN PROCESOS COMERCIALES Y FINANCIEROS,ESTUDIOS A DISTANCIA,D
26,F,2,TECNICA PROFESIONAL EN PROCESOS COMERCIALES Y FINANCIEROS,ESTUDIOS A DISTANCIA,C
45,F,2,TECNICA PROFESIONAL EN PROCESOS COMERCIALES Y FINANCIEROS,ESTUDIOS A DISTANCIA,C
35,F,1,TECNICA PROFESIONAL EN PROCESOS COMERCIALES Y FINANCIEROS,ESTUDIOS A DISTANCIA,C
26,F,1,TECNICA PROFESIONAL EN PROCESOS COMERCIALES Y FINANCIEROS,ESTUDIOS A DISTANCIA,D
37,F,1,TECNICA PROFESIONAL EN PROCESOS COMERCIALES Y FINANCIEROS,ESTUDIOS A DISTANCIA,B
28,F,2,TECNICA PROFESIONAL EN PROCESOS COMERCIALES Y FINANCIEROS,ESTUDIOS A DISTANCIA,C
43,M,2,TECNICA PROFESIONAL EN PROCESOS COMERCIALES Y FINANCIEROS,ESTUDIOS A DISTANCIA,B
25,F,2,TECNICA PROFESIONAL EN PROCESOS COMERCIALES Y FINANCIEROS,ESTUDIOS A DISTANCIA,B
27,F,3,TECNICA PROFESIONAL EN PROCESOS COMERCIALES Y FINANCIEROS,ESTUDIOS A DISTANCIA,E
32,F,2,TECNICA PROFESIONAL EN PROCESOS COMERCIALES Y FINANCIEROS,ESTUDIOS A DISTANCIA,D
39,M,2,TECNICA PROFESIONAL EN PROCESOS COMERCIALES Y FINANCIEROS,ESTUDIOS A DISTANCIA,C
31,F,2,TECNICA PROFESIONAL EN PROCESOS COMERCIALES Y FINANCIEROS,ESTUDIOS A DISTANCIA,E
26,M,2,TECNICA PROFESIONAL EN PROCESOS COMERCIALES Y FINANCIEROS,ESTUDIOS A DISTANCIA,C
25,F,2,TECNICA PROFESIONAL EN PROCESOS COMERCIALES Y FINANCIEROS,ESTUDIOS A DISTANCIA,C
35,F,2,TECNOLOGIA EN GESTION COMERCIAL Y FINANCIERA,ESTUDIOS A DISTANCIA,D
39,F,2,ADMINISTRACION COMERCIAL Y FINANCIERA,ESTUDIOS A DISTANCIA,D
27,M,2,ADMINISTRACION COMERCIAL Y FINANCIERA,ESTUDIOS A DISTANCIA,D
42,M,3,TECNOLOGIA EN ELECTRICIDAD INDUSTRIAL,ESTUDIOS A DISTANCIA,C
46,M,2,TECNOLOGIA EN ELECTRICIDAD INDUSTRIAL,ESTUDIOS A DISTANCIA,C
33,M,2,INGENIERIA CIVIL,INGENIERIA,E
28,M,2,INGENIERIA CIVIL,INGENIERIA,D
25,M,2,INGENIERIA CIVIL,INGENIERIA,D
26,M,3,INGENIERIA CIVIL,INGENIERIA,C
25,M,1,INGENIERIA CIVIL,INGENIERIA,D
23,F,3,INGENIERIA CIVIL,INGENIERIA,E
26,M,2,INGENIERIA CIVIL,INGENIERIA,D
29,M,2,INGENIERIA METALURGICA,INGENIERIA,E
30,M,1,INGENIERIA METALURGICA,INGENIERIA,C
25,M,2,INGENIERIA METALURGICA,INGENIERIA,C
28,M,2,INGENIERIA METALURGICA,INGENIERIA,E
28,M,1,INGENIERIA METALURGICA,INGENIERIA,C
24,M,3,INGENIERIA METALURGICA,INGENIERIA,C
24,M,2,INGENIERIA METALURGICA,INGENIERIA,C
30,M,2,INGENIERIA METALURGICA,INGENIERIA,C
24,M,2,INGENIERIA METALURGICA,INGENIERIA,C
25,M,3,INGENIERIA DE TRANSPORTE Y VIAS,INGENIERIA,C
30,M,1,INGENIERIA DE TRANSPORTE Y VIAS,INGENIERIA,C
22,M,1,INGENIERIA DE TRANSPORTE Y VIAS,INGENIERIA,B
23,M,2,INGENIERIA DE TRANSPORTE Y VIAS,INGENIERIA,B
26,M,2,INGENIERIA DE TRANSPORTE Y VIAS,INGENIERIA,D
25,M,2,INGENIERIA DE TRANSPORTE Y VIAS,INGENIERIA,D
22,M,2,INGENIERIA DE TRANSPORTE Y VIAS,INGENIERIA,B
22,M,2,INGENIERIA DE TRANSPORTE Y VIAS,INGENIERIA,B
24,M,1,INGENIERIA DE TRANSPORTE Y VIAS,INGENIERIA,C
24,M,2,INGENIERIA DE TRANSPORTE Y VIAS,INGENIERIA,B
30,M,2,INGENIERIA DE SISTEMAS Y COMPUTACION,INGENIERIA,E
23,M,2,INGENIERIA DE SISTEMAS Y COMPUTACION,INGENIERIA,B
25,M,2,INGENIERIA DE SISTEMAS Y COMPUTACION,INGENIERIA,C
22,M,2,INGENIERIA DE SISTEMAS Y COMPUTACION,INGENIERIA,C
27,M,2,INGENIERIA DE SISTEMAS Y COMPUTACION,INGENIERIA,D
30,M,2,INGENIERIA DE SISTEMAS Y COMPUTACION,INGENIERIA,C
33,F,2,INGENIERIA DE SISTEMAS Y COMPUTACION,INGENIERIA,E
23,M,2,INGENIERIA DE SISTEMAS Y COMPUTACION,INGENIERIA,C
24,M,2,INGENIERIA DE SISTEMAS Y COMPUTACION,INGENIERIA,C
23,M,2,INGENIERIA DE SISTEMAS Y COMPUTACION,INGENIERIA,C
24,M,2,INGENIERIA DE SISTEMAS Y COMPUTACION,INGENIERIA,B
24,M,3,INGENIERIA DE SISTEMAS Y COMPUTACION,INGENIERIA,D
26,M,2,INGENIERIA DE SISTEMAS Y COMPUTACION,INGENIERIA,C
28,M,3,INGENIERIA DE SISTEMAS Y COMPUTACION,INGENIERIA,B
23,M,1,INGENIERIA DE SISTEMAS Y COMPUTACION,INGENIERIA,C
22,F,2,INGENIERIA DE SISTEMAS Y COMPUTACION,INGENIERIA,C
23,M,2,INGENIERIA DE SISTEMAS Y COMPUTACION,INGENIERIA,C
23,M,2,INGENIERIA DE SISTEMAS Y COMPUTACION,INGENIERIA,E
25,M,1,INGENIERIA DE SISTEMAS Y COMPUTACION,INGENIERIA,B
22,M,1,INGENIERIA DE SISTEMAS Y COMPUTACION,INGENIERIA,B
22,M,2,INGENIERIA DE SISTEMAS Y COMPUTACION,INGENIERIA,B
28,M,2,INGENIERIA DE SISTEMAS Y COMPUTACION,INGENIERIA,C
23,M,2,INGENIERIA DE SISTEMAS Y COMPUTACION,INGENIERIA,C
29,M,1,INGENIERIA AMBIENTAL,INGENIERIA,B
24,M,2,INGENIERIA AMBIENTAL,INGENIERIA,C
26,M,3,INGENIERIA AMBIENTAL,INGENIERIA,C
21,M,2,INGENIERIA AMBIENTAL,INGENIERIA,B
34,M,2,INGENIERIA AMBIENTAL,INGENIERIA,E
35,M,3,INGENIERIA AMBIENTAL,INGENIERIA,C
23,F,2,ARQUITECTURA,INGENIERIA,D
24,M,1,ARQUITECTURA,INGENIERIA,B
24,M,1,ARQUITECTURA,INGENIERIA,B
32,M,,ESPECIALIZACION EN ESTRUCTURAS,INGENIERIA,A
31,M,,ESPECIALIZACION EN BASES DE DATOS,INGENIERIA,A
34,F,,ESPECIALIZACION EN GESTION DE INTEGRIDAD Y CORROSION,INGENIERIA,A
35,M,,ESPECIALIZACION EN GEOTECNIA,INGENIERIA,A
46,M,,ESPECIALIZACION EN GEOTECNIA,INGENIERIA,A
33,M,,ESPECIALIZACION EN GERENCIA DE PROYECTOS DE CONSTRUCCION,INGENIERIA,A
43,F,,MAESTRIA EN INGENIERIA AMBIENTAL,INGENIERIA,A
23,M,3,TECNICO PROFESIONAL EN PRODUCCION Y TRANSFORMACION DEL ACERO,INGENIERIA,B
21,F,3,TECNICO PROFESIONAL EN PRODUCCION Y TRANSFORMACION DEL ACERO,INGENIERIA,D
31,F,1,ADMINISTRACION DE EMPRESAS,SECCIONAL CHIQUINQUIRA,E
28,M,3,ADMINISTRACION DE EMPRESAS,SECCIONAL CHIQUINQUIRA,C
23,F,2,ADMINISTRACION DE EMPRESAS,SECCIONAL CHIQUINQUIRA,B
30,M,2,ADMINISTRACION DE EMPRESAS,SECCIONAL CHIQUINQUIRA,C
26,F,1,ADMINISTRACION DE EMPRESAS,SECCIONAL CHIQUINQUIRA,D
25,M,3,ADMINISTRACION DE EMPRESAS,SECCIONAL CHIQUINQUIRA,D
27,M,2,ADMINISTRACION DE EMPRESAS,SECCIONAL CHIQUINQUIRA,B
26,M,2,ADMINISTRACION DE EMPRESAS,SECCIONAL CHIQUINQUIRA,C
29,M,1,ADMINISTRACION DE EMPRESAS,SECCIONAL CHIQUINQUIRA,D
21,M,2,ADMINISTRACION DE EMPRESAS,SECCIONAL CHIQUINQUIRA,C
26,M,2,ADMINISTRACION DE EMPRESAS,SECCIONAL CHIQUINQUIRA,C
33,M,3,ADMINISTRACION DE EMPRESAS,SECCIONAL CHIQUINQUIRA,C
35,F,,CONTADURIA PUBLICA,SECCIONAL CHIQUINQUIRA,E
32,F,,CONTADURIA PUBLICA,SECCIONAL CHIQUINQUIRA,E
25,F,3,CONTADURIA PUBLICA,SECCIONAL CHIQUINQUIRA,C
31,M,,CONTADURIA PUBLICA,SECCIONAL CHIQUINQUIRA,C
29,F,1,CONTADURIA PUBLICA,SECCIONAL CHIQUINQUIRA,E
33,M,3,CONTADURIA PUBLICA,SECCIONAL CHIQUINQUIRA,C
31,F,2,CONTADURIA PUBLICA,SECCIONAL CHIQUINQUIRA,B
26,F,1,CONTADURIA PUBLICA,SECCIONAL CHIQUINQUIRA,A
28,F,2,CONTADURIA PUBLICA,SECCIONAL CHIQUINQUIRA,E
27,F,3,CONTADURIA PUBLICA,SECCIONAL CHIQUINQUIRA,C
21,F,2,CONTADURIA PUBLICA,SECCIONAL CHIQUINQUIRA,C
29,F,2,CONTADURIA PUBLICA,SECCIONAL CHIQUINQUIRA,E
23,F,2,CONTADURIA PUBLICA,SECCIONAL CHIQUINQUIRA,D
22,F,1,CONTADURIA PUBLICA,SECCIONAL CHIQUINQUIRA,C
34,M,,MAESTRIA EN DERECHOS HUMANOS,SECCIONAL CHIQUINQUIRA,A
24,M,2,LICENCIATURA EN TECNOLOGIA,SECCIONAL DUITAMA,B
25,F,1,LICENCIATURA EN TECNOLOGIA,SECCIONAL DUITAMA,E
22,M,2,LICENCIATURA EN TECNOLOGIA,SECCIONAL DUITAMA,C
26,M,1,LICENCIATURA EN TECNOLOGIA,SECCIONAL DUITAMA,B
28,M,1,LICENCIATURA EN TECNOLOGIA,SECCIONAL DUITAMA,C
24,M,2,LICENCIATURA EN TECNOLOGIA,SECCIONAL DUITAMA,C
22,M,2,LICENCIATURA EN TECNOLOGIA,SECCIONAL DUITAMA,B
28,M,2,LICENCIATURA EN TECNOLOGIA,SECCIONAL DUITAMA,C
29,M,1,LICENCIATURA EN TECNOLOGIA,SECCIONAL DUITAMA,D
26,M,2,LICENCIATURA EN TECNOLOGIA,SECCIONAL DUITAMA,B
25,M,2,LICENCIATURA EN TECNOLOGIA,SECCIONAL DUITAMA,D
25,F,2,LICENCIATURA EN TECNOLOGIA,SECCIONAL DUITAMA,B
22,F,2,LICENCIATURA EN TECNOLOGIA,SECCIONAL DUITAMA,E
24,M,2,LICENCIATURA EN TECNOLOGIA,SECCIONAL DUITAMA,C
25,M,1,LICENCIATURA EN TECNOLOGIA,SECCIONAL DUITAMA,B
30,F,2,LICENCIATURA EN TECNOLOGIA,SECCIONAL DUITAMA,C
33,F,1,LICENCIATURA EN MATEMATICAS Y ESTADISTICA,SECCIONAL DUITAMA,E
33,M,,INGENIERIA ELECTROMECANICA,SECCIONAL DUITAMA,D
29,M,2,INGENIERIA ELECTROMECANICA,SECCIONAL DUITAMA,E
29,M,2,INGENIERIA ELECTROMECANICA,SECCIONAL DUITAMA,E
25,M,2,INGENIERIA ELECTROMECANICA,SECCIONAL DUITAMA,E
21,M,1,INGENIERIA ELECTROMECANICA,SECCIONAL DUITAMA,B
22,M,2,INGENIERIA ELECTROMECANICA,SECCIONAL DUITAMA,B
23,M,1,INGENIERIA ELECTROMECANICA,SECCIONAL DUITAMA,D
26,M,1,INGENIERIA ELECTROMECANICA,SECCIONAL DUITAMA,E
24,M,2,INGENIERIA ELECTROMECANICA,SECCIONAL DUITAMA,B
22,M,4,INGENIERIA ELECTROMECANICA,SECCIONAL DUITAMA,C
32,M,,INGENIERIA ELECTROMECANICA,SECCIONAL DUITAMA,E
23,M,3,INGENIERIA ELECTROMECANICA,SECCIONAL DUITAMA,B
31,M,3,INGENIERIA ELECTROMECANICA,SECCIONAL DUITAMA,C
24,M,2,INGENIERIA ELECTROMECANICA,SECCIONAL DUITAMA,B
21,M,2,INGENIERIA ELECTROMECANICA,SECCIONAL DUITAMA,D
21,M,2,INGENIERIA ELECTROMECANICA,SECCIONAL DUITAMA,C
21,M,2,INGENIERIA ELECTROMECANICA,SECCIONAL DUITAMA,B
22,M,2,INGENIERIA ELECTROMECANICA,SECCIONAL DUITAMA,C
23,M,2,ADMINISTRACION TURISTICA Y HOTELERA,SECCIONAL DUITAMA,D
29,M,2,ADMINISTRACION TURISTICA Y HOTELERA,SECCIONAL DUITAMA,E
26,F,1,ADMINISTRACION TURISTICA Y HOTELERA,SECCIONAL DUITAMA,D
32,F,,ADMINISTRACION TURISTICA Y HOTELERA,SECCIONAL DUITAMA,E
24,F,2,ADMINISTRACION TURISTICA Y HOTELERA,SECCIONAL DUITAMA,C
28,F,1,ADMINISTRACION TURISTICA Y HOTELERA,SECCIONAL DUITAMA,D
32,F,2,ADMINISTRACION TURISTICA Y HOTELERA,SECCIONAL DUITAMA,D
30,M,2,ADMINISTRACION TURISTICA Y HOTELERA,SECCIONAL DUITAMA,E
30,M,2,ADMINISTRACION TURISTICA Y HOTELERA,SECCIONAL DUITAMA,E
27,F,3,ADMINISTRACION TURISTICA Y HOTELERA,SECCIONAL DUITAMA,E
32,M,1,ADMINISTRACION TURISTICA Y HOTELERA,SECCIONAL DUITAMA,E
25,M,2,ADMINISTRACION DE EMPRESAS AGROPECUARIAS,SECCIONAL DUITAMA,B
26,F,1,ADMINISTRACION DE EMPRESAS AGROPECUARIAS,SECCIONAL DUITAMA,E
22,M,2,ADMINISTRACION DE EMPRESAS AGROPECUARIAS,SECCIONAL DUITAMA,C
32,M,2,ADMINISTRACION DE EMPRESAS AGROPECUARIAS,SECCIONAL DUITAMA,D
28,M,2,ADMINISTRACION DE EMPRESAS AGROPECUARIAS,SECCIONAL DUITAMA,C
30,M,2,ADMINISTRACION DE EMPRESAS AGROPECUARIAS,SECCIONAL DUITAMA,E
36,M,2,ADMINISTRACION DE EMPRESAS AGROPECUARIAS,SECCIONAL DUITAMA,E
32,M,,ADMINISTRACION DE EMPRESAS AGROPECUARIAS,SECCIONAL DUITAMA,D
30,M,2,ADMINISTRACION DE EMPRESAS AGROPECUARIAS,SECCIONAL DUITAMA,E
30,M,2,ADMINISTRACION INDUSTRIAL,SECCIONAL DUITAMA,C
26,F,2,ADMINISTRACION INDUSTRIAL,SECCIONAL DUITAMA,C
22,M,1,ADMINISTRACION INDUSTRIAL,SECCIONAL DUITAMA,B
32,M,2,ADMINISTRACION INDUSTRIAL,SECCIONAL DUITAMA,E
29,M,,ADMINISTRACION INDUSTRIAL,SECCIONAL DUITAMA,E
25,M,1,ADMINISTRACION INDUSTRIAL,SECCIONAL DUITAMA,C
22,F,2,ADMINISTRACION INDUSTRIAL,SECCIONAL DUITAMA,B
24,M,2,DISEO INDUSTRIAL,SECCIONAL DUITAMA,C
25,M,4,DISEO INDUSTRIAL,SECCIONAL DUITAMA,C
28,M,2,DISEO INDUSTRIAL,SECCIONAL DUITAMA,D
26,M,2,DISEO INDUSTRIAL,SECCIONAL DUITAMA,D
22,M,2,DISEO INDUSTRIAL,SECCIONAL DUITAMA,B
25,M,2,DISEO INDUSTRIAL,SECCIONAL DUITAMA,C
25,M,3,DISEO INDUSTRIAL,SECCIONAL DUITAMA,D
28,M,2,DISEO INDUSTRIAL,SECCIONAL DUITAMA,C
24,M,2,LICENCIATURA EN MATEMATICAS,SECCIONAL DUITAMA,B
26,M,1,LICENCIATURA EN MATEMATICAS,SECCIONAL DUITAMA,E
25,M,2,LICENCIATURA EN MATEMATICAS,SECCIONAL DUITAMA,B
22,M,1,LICENCIATURA EN MATEMATICAS,SECCIONAL DUITAMA,C
25,F,2,LICENCIATURA EN MATEMATICAS,SECCIONAL DUITAMA,C
23,M,2,LICENCIATURA EN MATEMATICAS,SECCIONAL DUITAMA,C
33,M,,ESPECIALIZACION EN GESTION ESTRATEGICA DE PROYECTOS,SECCIONAL DUITAMA,A
37,F,,ESPECIALIZACION EN ESTADISTICA,SECCIONAL DUITAMA,A
42,M,,ESPECIALIZACION EN ESTADISTICA,SECCIONAL DUITAMA,A
23,M,2,INGENIERIA ELECTRONICA,SECCIONAL SOGAMOSO,B
23,M,2,INGENIERIA ELECTRONICA,SECCIONAL SOGAMOSO,D
29,M,2,INGENIERIA ELECTRONICA,SECCIONAL SOGAMOSO,C
23,M,1,INGENIERIA ELECTRONICA,SECCIONAL SOGAMOSO,C
25,M,2,INGENIERIA ELECTRONICA,SECCIONAL SOGAMOSO,B
22,M,1,INGENIERIA ELECTRONICA,SECCIONAL SOGAMOSO,C
27,M,2,INGENIERIA ELECTRONICA,SECCIONAL SOGAMOSO,D
22,M,2,INGENIERIA GEOLOGICA,SECCIONAL SOGAMOSO,C
23,M,2,INGENIERIA GEOLOGICA,SECCIONAL SOGAMOSO,E
24,M,2,INGENIERIA GEOLOGICA,SECCIONAL SOGAMOSO,C
30,M,2,INGENIERIA GEOLOGICA,SECCIONAL SOGAMOSO,C
30,M,3,INGENIERIA DE MINAS,SECCIONAL SOGAMOSO,D
22,M,2,INGENIERIA DE MINAS,SECCIONAL SOGAMOSO,B
21,M,3,INGENIERIA DE MINAS,SECCIONAL SOGAMOSO,C
24,M,1,INGENIERIA DE MINAS,SECCIONAL SOGAMOSO,C
22,F,2,INGENIERIA INDUSTRIAL,SECCIONAL SOGAMOSO,C
25,M,2,INGENIERIA INDUSTRIAL,SECCIONAL SOGAMOSO,E
22,M,1,INGENIERIA INDUSTRIAL,SECCIONAL SOGAMOSO,B
23,F,2,INGENIERIA INDUSTRIAL,SECCIONAL SOGAMOSO,B
27,F,2,INGENIERIA INDUSTRIAL,SECCIONAL SOGAMOSO,B
29,M,2,INGENIERIA INDUSTRIAL,SECCIONAL SOGAMOSO,E
29,M,3,INGENIERIA INDUSTRIAL,SECCIONAL SOGAMOSO,C
34,M,1,INGENIERIA INDUSTRIAL,SECCIONAL SOGAMOSO,D
25,F,3,CONTADURIA PUBLICA,SECCIONAL SOGAMOSO,D
33,F,2,CONTADURIA PUBLICA,SECCIONAL SOGAMOSO,E
31,F,2,ADMINISTRACION DE EMPRESAS,SECCIONAL SOGAMOSO,E
28,M,2,ADMINISTRACION DE EMPRESAS,SECCIONAL SOGAMOSO,C
23,M,2,ADMINISTRACION DE EMPRESAS,SECCIONAL SOGAMOSO,E
31,M,2,ADMINISTRACION DE EMPRESAS,SECCIONAL SOGAMOSO,D
37,M,2,ADMINISTRACION DE EMPRESAS,SECCIONAL SOGAMOSO,C
29,M,3,ADMINISTRACION DE EMPRESAS,SECCIONAL SOGAMOSO,D
26,M,2,ADMINISTRACION DE EMPRESAS,SECCIONAL SOGAMOSO,C
26,M,2,INGENIERIA ELECTRONICA,SECCIONAL SOGAMOSO,E
26,M,1,INGENIERIA ELECTRONICA,SECCIONAL SOGAMOSO,E
28,M,2,INGENIERIA ELECTRONICA,SECCIONAL SOGAMOSO,D
27,M,3,INGENIERIA ELECTRONICA,SECCIONAL SOGAMOSO,E
23,M,1,INGENIERIA ELECTRONICA,SECCIONAL SOGAMOSO,B
23,M,2,INGENIERIA ELECTRONICA,SECCIONAL SOGAMOSO,C
24,M,2,INGENIERIA ELECTRONICA,SECCIONAL SOGAMOSO,C
30,M,2,INGENIERIA ELECTRONICA,SECCIONAL SOGAMOSO,D
33,M,2,INGENIERIA ELECTRONICA,SECCIONAL SOGAMOSO,D
32,M,,INGENIERIA ELECTRONICA,SECCIONAL SOGAMOSO,E
26,M,2,INGENIERIA ELECTRONICA,SECCIONAL SOGAMOSO,E
23,F,3,FINANZAS Y COMERCIO INTERNACIONAL,SECCIONAL SOGAMOSO,C
24,M,2,FINANZAS Y COMERCIO INTERNACIONAL,SECCIONAL SOGAMOSO,D
35,F,,ESPECIALIZACION EN SEGURIDAD Y SALUD EN EL TRABAJO,SECCIONAL SOGAMOSO,A
30,M,,ESPECIALIZACION EN GEOTECNIA VIAL,SECCIONAL SOGAMOSO,B
36,M,,MAESTRIA EN INGENIERIA,SECCIONAL SOGAMOSO,B
46,F,,MAESTRIA EN ADMINISTRACION,SECCIONAL SOGAMOSO,A
29,M,,MAESTRIA EN CIENCIAS FISICA,CIENCIAS,A
32,M,,ESPECIALIZACION EN GERENCIA EDUCACIONAL,CIENCIAS DE LA EDUCACION,A
40,F,,"ESPECIALIZACION EN NECESIDADES  DE APRENDIZAJE EN LECTURA, ESCRITURA Y MATEMATICAS",CIENCIAS DE LA EDUCACION,A
43,F,,"ESPECIALIZACION EN NECESIDADES  DE APRENDIZAJE EN LECTURA, ESCRITURA Y MATEMATICAS",CIENCIAS DE LA EDUCACION,B
33,M,,MAESTRIA EN EDUCACION MATEMATICA,CIENCIAS DE LA EDUCACION,A
31,F,,MAESTRIA EN EDUCACION,CIENCIAS DE LA EDUCACION,B
33,M,,MAESTRIA EN EDUCACION,CIENCIAS DE LA EDUCACION,A
29,F,,MAESTRA EN PEDAGOGA DE LA CULTURA FSICA,CIENCIAS DE LA EDUCACION,A
41,M,,MAESTRA EN PEDAGOGA DE LA CULTURA FSICA,CIENCIAS DE LA EDUCACION,A
34,M,,ESPECIALIZACION EN MEDICINA FAMILIAR,CIENCIAS DE LA SALUD,A
33,F,,ESPECIALIZACION EN MEDICINA FAMILIAR,CIENCIAS DE LA SALUD,A
47,M,,MAESTRA EN FINANZAS,CIENCIAS ECONOMICAS Y ADMINISTRATIVAS,A
34,M,,MAESTRA EN FINANZAS,CIENCIAS ECONOMICAS Y ADMINISTRATIVAS,A
28,M,,ESPECIALIZACION EN GERENCIA DE EMPRESAS DE SALUD,ESTUDIOS A DISTANCIA,A
30,M,,ESPECIALIZACION EN GERENCIA DE EMPRESAS DE SALUD,ESTUDIOS A DISTANCIA,A
38,F,,ESPECIALIZACION EN PEDAGOGIA DE LA LENGUA CASTELLANA Y LITERATURA,ESTUDIOS A DISTANCIA,B
44,F,,ESPECIALIZACION EN DIDACTICA DE LA MATEMATICA PARA LA EDUCACION BASICA,ESTUDIOS A DISTANCIA,A
40,M,,MAESTRIA EN DIDACTICA DE LA MATEMATICA,ESTUDIOS A DISTANCIA,A
30,M,,ESPECIALIZACION EN ESTRUCTURAS,INGENIERIA,A
28,M,,ESPECIALIZACION EN ESTRUCTURAS,INGENIERIA,A
26,F,,ESPECIALIZACION EN ESTRUCTURAS,INGENIERIA,A
31,F,,ESPECIALIZACION EN BASES DE DATOS,INGENIERIA,A
31,M,,"MAESTRIA EN INGENIERIA CON ENFASIS EN TRANSPORTE, EN TRANSITO Y EN INFRAESTRUCTURA VIAL",INGENIERIA,A
52,M,,DOCTORADO EN INGENIERIA Y CIENCIA DE LOS MATERIALES,INGENIERIA,B
33,F,,ESPECIALIZACION EN GESTION ESTRATEGICA DE PROYECTOS,SECCIONAL DUITAMA,A
29,F,,ESPECIALIZACION EN GESTION ESTRATEGICA DE PROYECTOS,SECCIONAL DUITAMA,A
31,M,,ESPECIALIZACION EN GESTION DE LA PRODUCTIVIDAD Y MEJORAMIENTO CONTINUO,SECCIONAL DUITAMA,A
32,F,,ESPECIALIZACION EN ESTADISTICA,SECCIONAL DUITAMA,B
40,M,,ESPECIALIZACION EN INGENIERIA DE PRODUCCION Y OPERACIONES,SECCIONAL SOGAMOSO,A
29,F,,ESPECIALIZACION EN INGENIERIA DE PRODUCCION Y OPERACIONES,SECCIONAL SOGAMOSO,A
24,F,3,FISICA,CIENCIAS,C
21,M,4,FISICA,CIENCIAS,D
22,M,2,FISICA,CIENCIAS,B
21,M,2,FISICA,CIENCIAS,B
24,F,2,FISICA,CIENCIAS,B
22,M,2,FISICA,CIENCIAS,E
23,M,2,FISICA,CIENCIAS,B
22,M,2,BIOLOGIA,CIENCIAS,B
28,F,1,BIOLOGIA,CIENCIAS,E
21,M,3,BIOLOGIA,CIENCIAS,C
34,M,2,BIOLOGIA,CIENCIAS,E
23,F,2,MATEMATICAS,CIENCIAS,C
22,F,1,QUIMICA,CIENCIAS,D
27,M,2,QUIMICA,CIENCIAS,C
29,M,4,INGENIERIA AGRONOMICA,CIENCIAS AGROPECUARIAS,B
23,M,2,INGENIERIA AGRONOMICA,CIENCIAS AGROPECUARIAS,E
26,M,2,INGENIERIA AGRONOMICA,CIENCIAS AGROPECUARIAS,E
28,M,,INGENIERIA AGRONOMICA,CIENCIAS AGROPECUARIAS,D
26,F,2,INGENIERIA AGRONOMICA,CIENCIAS AGROPECUARIAS,C
25,M,1,INGENIERIA AGRONOMICA,CIENCIAS AGROPECUARIAS,B
25,M,4,MEDICINA VETERINARIA Y ZOOTECNIA,CIENCIAS AGROPECUARIAS,D
34,F,3,MEDICINA VETERINARIA Y ZOOTECNIA,CIENCIAS AGROPECUARIAS,C
21,M,2,MEDICINA VETERINARIA Y ZOOTECNIA,CIENCIAS AGROPECUARIAS,C
28,F,,MAESTRIA EN DESARROLLO RURAL,CIENCIAS AGROPECUARIAS,B
29,F,3,LICENCIATURA EN LENGUAS EXTRANJERAS,CIENCIAS DE LA EDUCACION,E
26,M,3,LICENCIATURA EN MATEMATICAS,CIENCIAS DE LA EDUCACION,C
23,F,2,LICENCIATURA EN MATEMATICAS,CIENCIAS DE LA EDUCACION,D
25,M,2,LICENCIATURA EN MATEMATICAS,CIENCIAS DE LA EDUCACION,E
32,M,2,LICENCIATURA EN MATEMATICAS,CIENCIAS DE LA EDUCACION,D
21,F,2,LICENCIATURA EN MATEMATICAS,CIENCIAS DE LA EDUCACION,C
21,F,2,LICENCIATURA  EN CIENCIAS NATURALES Y EDUCACION AMBIENTAL,CIENCIAS DE LA EDUCACION,C
22,M,3,LICENCIATURA  EN CIENCIAS NATURALES Y EDUCACION AMBIENTAL,CIENCIAS DE LA EDUCACION,B
25,F,1,LICENCIATURA  EN CIENCIAS NATURALES Y EDUCACION AMBIENTAL,CIENCIAS DE LA EDUCACION,C
26,M,3,LICENCIATURA  EN CIENCIAS NATURALES Y EDUCACION AMBIENTAL,CIENCIAS DE LA EDUCACION,D
21,F,1,LICENCIATURA  EN CIENCIAS NATURALES Y EDUCACION AMBIENTAL,CIENCIAS DE LA EDUCACION,E
31,F,2,LICENCIATURA  EN CIENCIAS NATURALES Y EDUCACION AMBIENTAL,CIENCIAS DE LA EDUCACION,C
26,F,2,LICENCIATURA EN MATEMATICAS,CIENCIAS DE LA EDUCACION,D
24,F,1,LICENCIATURA EN MATEMATICAS,CIENCIAS DE LA EDUCACION,E
23,F,2,LICENCIATURA EN MATEMATICAS,CIENCIAS DE LA EDUCACION,C
22,M,2,LICENCIATURA EN MATEMATICAS,CIENCIAS DE LA EDUCACION,B
23,M,2,LICENCIATURA EN MATEMATICAS,CIENCIAS DE LA EDUCACION,C
25,M,1,LICENCIATURA EN MATEMATICAS,CIENCIAS DE LA EDUCACION,C
28,F,2,LICENCIATURA EN MATEMATICAS,CIENCIAS DE LA EDUCACION,D
23,M,3,LICENCIATURA EN EDUCACION FISICA RECREACION Y DEPORTE,CIENCIAS DE LA EDUCACION,B
29,M,2,LICENCIATURA EN EDUCACION FISICA RECREACION Y DEPORTE,CIENCIAS DE LA EDUCACION,C
30,M,3,LICENCIATURA EN CIENCIAS SOCIALES,CIENCIAS DE LA EDUCACION,E
27,M,2,LICENCIATURA EN CIENCIAS SOCIALES,CIENCIAS DE LA EDUCACION,C
48,M,2,LICENCIATURA EN CIENCIAS SOCIALES,CIENCIAS DE LA EDUCACION,A
25,F,1,LIC. EN PSICOPEDAGOGIA ENFASIS ASESORIA EDUCATIVA,CIENCIAS DE LA EDUCACION,D
22,F,2,LIC. EN PSICOPEDAGOGIA ENFASIS ASESORIA EDUCATIVA,CIENCIAS DE LA EDUCACION,E
24,F,2,LICENCIATURA EN MUSICA,CIENCIAS DE LA EDUCACION,C
24,M,2,LICENCIATURA EN MUSICA,CIENCIAS DE LA EDUCACION,B
21,M,1,LICENCIATURA EN MUSICA,CIENCIAS DE LA EDUCACION,C
25,M,4,LICENCIATURA EN MUSICA,CIENCIAS DE LA EDUCACION,D
22,M,2,LICENCIATURA EN MUSICA,CIENCIAS DE LA EDUCACION,C
27,F,3,LICENCIATURA EN ARTES PLASTICAS,CIENCIAS DE LA EDUCACION,C
27,F,2,LICENCIATURA EN IDIOMAS MODERNOS ESPAOL-INGLS,CIENCIAS DE LA EDUCACION,E
20,F,2,LICENCIATURA EN FILOSOFIA,CIENCIAS DE LA EDUCACION,B
23,M,3,LICENCIATURA EN FILOSOFIA,CIENCIAS DE LA EDUCACION,C
27,F,3,LICENCIATURA EN FILOSOFIA,CIENCIAS DE LA EDUCACION,C
20,M,2,LICENCIATURA EN EDUCACION FISICA RECREACION Y DEPORTE,CIENCIAS DE LA EDUCACION,C
22,M,1,LICENCIATURA EN EDUCACION FISICA RECREACION Y DEPORTE,CIENCIAS DE LA EDUCACION,C
24,F,2,LICENCIATURA EN EDUCACION FISICA RECREACION Y DEPORTE,CIENCIAS DE LA EDUCACION,D
26,F,3,LICENCIATURA EN EDUCACION FISICA RECREACION Y DEPORTE,CIENCIAS DE LA EDUCACION,D
22,M,2,LICENCIATURA EN EDUCACION FISICA RECREACION Y DEPORTE,CIENCIAS DE LA EDUCACION,B
23,M,3,LICENCIATURA EN LITERATURA Y LENGUA CASTELLANA,CIENCIAS DE LA EDUCACION,B
28,M,2,LICENCIATURA EN LITERATURA Y LENGUA CASTELLANA,CIENCIAS DE LA EDUCACION,C
22,M,2,LICENCIATURA EN LITERATURA Y LENGUA CASTELLANA,CIENCIAS DE LA EDUCACION,C
20,F,1,LICENCIATURA EN INFORMTICA,CIENCIAS DE LA EDUCACION,C
24,F,3,LICENCIATURA EN INFORMTICA,CIENCIAS DE LA EDUCACION,B
24,F,1,LICENCIATURA EN INFORMTICA,CIENCIAS DE LA EDUCACION,B
22,M,2,LICENCIATURA EN INFORMTICA,CIENCIAS DE LA EDUCACION,B
24,F,1,ARTES PLSTICAS Y VISUALES,CIENCIAS DE LA EDUCACION,B
22,F,4,ARTES PLSTICAS Y VISUALES,CIENCIAS DE LA EDUCACION,C
29,F,3,ARTES PLSTICAS Y VISUALES,CIENCIAS DE LA EDUCACION,C
30,F,,MAESTRIA EN LINGUISTICA,CIENCIAS DE LA EDUCACION,A
32,F,2,"LICENCIATURA EN EDUCACION BASICA CON ENFASIS EN MATEMATICAS, HUMANIDADES Y LENGUA CASTELLANA",CIENCIAS DE LA EDUCACION,E
34,M,2,LICENCIATURA EN EDUCACION BASICA PRIMARIA,CIENCIAS DE LA EDUCACION,B
22,F,3,LICENCIATURA EN EDUCACION BASICA PRIMARIA,CIENCIAS DE LA EDUCACION,B
25,M,1,LICENCIATURA EN EDUCACION BASICA PRIMARIA,CIENCIAS DE LA EDUCACION,B
22,F,2,LICENCIATURA EN EDUCACION BASICA PRIMARIA,CIENCIAS DE LA EDUCACION,C
23,F,2,LICENCIATURA EN EDUCACION BASICA PRIMARIA,CIENCIAS DE LA EDUCACION,C
29,F,3,LICENCIATURA EN EDUCACION BASICA PRIMARIA,CIENCIAS DE LA EDUCACION,C
23,F,1,LICENCIATURA EN EDUCACION BASICA PRIMARIA,CIENCIAS DE LA EDUCACION,B
26,F,3,LICENCIATURA EN EDUCACION BASICA PRIMARIA,CIENCIAS DE LA EDUCACION,C
26,F,2,LICENCIATURA EN EDUCACION BASICA PRIMARIA,CIENCIAS DE LA EDUCACION,C
23,M,3,LICENCIATURA EN EDUCACION BASICA PRIMARIA,CIENCIAS DE LA EDUCACION,B
57,F,1,PSICOLOGIA,CIENCIAS DE LA SALUD,E
21,M,2,PSICOLOGIA,CIENCIAS DE LA SALUD,C
22,M,1,MEDICINA,CIENCIAS DE LA SALUD,C
25,M,2,ENFERMERIA,CIENCIAS DE LA SALUD,D
25,F,2,ENFERMERIA,CIENCIAS DE LA SALUD,D
21,F,2,ECONOMIA,CIENCIAS ECONOMICAS Y ADMINISTRATIVAS,C
20,M,1,ECONOMIA,CIENCIAS ECONOMICAS Y ADMINISTRATIVAS,C
24,M,2,ECONOMIA,CIENCIAS ECONOMICAS Y ADMINISTRATIVAS,C
38,F,2,ECONOMIA,CIENCIAS ECONOMICAS Y ADMINISTRATIVAS,E
31,M,2,ECONOMIA,CIENCIAS ECONOMICAS Y ADMINISTRATIVAS,E
27,M,2,ECONOMIA,CIENCIAS ECONOMICAS Y ADMINISTRATIVAS,E
30,M,2,ECONOMIA,CIENCIAS ECONOMICAS Y ADMINISTRATIVAS,E
26,M,3,ECONOMIA,CIENCIAS ECONOMICAS Y ADMINISTRATIVAS,D
24,M,1,ECONOMIA,CIENCIAS ECONOMICAS Y ADMINISTRATIVAS,C
24,F,2,ADMINISTRACION DE EMPRESAS,CIENCIAS ECONOMICAS Y ADMINISTRATIVAS,D
22,M,3,ADMINISTRACION DE EMPRESAS,CIENCIAS ECONOMICAS Y ADMINISTRATIVAS,C
21,F,1,ADMINISTRACION DE EMPRESAS,CIENCIAS ECONOMICAS Y ADMINISTRATIVAS,C
26,M,2,ADMINISTRACION DE EMPRESAS,CIENCIAS ECONOMICAS Y ADMINISTRATIVAS,C
20,M,2,ADMINISTRACION DE EMPRESAS,CIENCIAS ECONOMICAS Y ADMINISTRATIVAS,B
35,M,1,ADMINISTRACION DE EMPRESAS,CIENCIAS ECONOMICAS Y ADMINISTRATIVAS,E
25,F,2,ADMINISTRACION DE EMPRESAS,CIENCIAS ECONOMICAS Y ADMINISTRATIVAS,C
28,F,2,ADMINISTRACION DE EMPRESAS,CIENCIAS ECONOMICAS Y ADMINISTRATIVAS,B
24,F,2,ADMINISTRACION DE EMPRESAS,CIENCIAS ECONOMICAS Y ADMINISTRATIVAS,B
25,M,2,ADMINISTRACION DE EMPRESAS,CIENCIAS ECONOMICAS Y ADMINISTRATIVAS,C
26,M,2,ADMINISTRACION DE EMPRESAS,CIENCIAS ECONOMICAS Y ADMINISTRATIVAS,C
24,M,2,ADMINISTRACION DE EMPRESAS,CIENCIAS ECONOMICAS Y ADMINISTRATIVAS,C
25,M,2,ADMINISTRACION DE EMPRESAS,CIENCIAS ECONOMICAS Y ADMINISTRATIVAS,C
35,M,2,ADMINISTRACION DE EMPRESAS,CIENCIAS ECONOMICAS Y ADMINISTRATIVAS,E
23,F,2,CONTADURIA PUBLICA,CIENCIAS ECONOMICAS Y ADMINISTRATIVAS,C
32,F,3,CONTADURIA PUBLICA,CIENCIAS ECONOMICAS Y ADMINISTRATIVAS,E
37,F,,MAESTRA EN FINANZAS,CIENCIAS ECONOMICAS Y ADMINISTRATIVAS,A
45,M,,MAESTRA EN FINANZAS,CIENCIAS ECONOMICAS Y ADMINISTRATIVAS,B
26,F,2,DERECHO,DERECHO Y CIENCIAS  SOCIALES,C
22,M,1,DERECHO,DERECHO Y CIENCIAS  SOCIALES,C
23,M,2,DERECHO,DERECHO Y CIENCIAS  SOCIALES,B
27,F,2,DERECHO,DERECHO Y CIENCIAS  SOCIALES,C
39,M,,ESPECIALIZACION EN GERENCIA DE EMPRESAS DE SALUD,ESTUDIOS A DISTANCIA,A
35,M,,ESPECIALIZACION EN GERENCIA DE EMPRESAS DE SALUD,ESTUDIOS A DISTANCIA,A
38,F,,ESPECIALIZACION EN ALTA GERENCIA DE EMPRESAS,ESTUDIOS A DISTANCIA,A
27,F,,ESPECIALIZACION EN ALTA GERENCIA DE EMPRESAS,ESTUDIOS A DISTANCIA,A
41,M,,ESPECIALIZACION EN ALTA GERENCIA DE EMPRESAS,ESTUDIOS A DISTANCIA,A
28,F,,ESPECIALIZACION EN PEDAGOGIA DE LA LENGUA CASTELLANA Y LITERATURA,ESTUDIOS A DISTANCIA,A
39,M,,ESPECIALIZACION EN DIDACTICA DE LA MATEMATICA PARA LA EDUCACION BASICA,ESTUDIOS A DISTANCIA,A
23,M,2,TECNOLOGIA EN OBRAS CIVILES,ESTUDIOS A DISTANCIA,B
21,M,2,TECNOLOGIA EN OBRAS CIVILES,ESTUDIOS A DISTANCIA,B
24,M,3,TECNOLOGIA EN OBRAS CIVILES,ESTUDIOS A DISTANCIA,C
23,M,2,TECNOLOGIA EN OBRAS CIVILES,ESTUDIOS A DISTANCIA,B
53,M,2,TECNOLOGIA EN OBRAS CIVILES,ESTUDIOS A DISTANCIA,B
30,M,2,TECNOLOGIA EN OBRAS CIVILES,ESTUDIOS A DISTANCIA,B
20,M,2,TECNOLOGIA EN OBRAS CIVILES,ESTUDIOS A DISTANCIA,C
27,M,1,TECNOLOGIA EN OBRAS CIVILES,ESTUDIOS A DISTANCIA,B
28,M,1,TECNOLOGIA EN OBRAS CIVILES,ESTUDIOS A DISTANCIA,B
21,F,3,TECNOLOGIA EN OBRAS CIVILES,ESTUDIOS A DISTANCIA,C
32,M,1,TECNOLOGIA EN OBRAS CIVILES,ESTUDIOS A DISTANCIA,D
24,M,2,TECNOLOGIA EN OBRAS CIVILES,ESTUDIOS A DISTANCIA,B
22,F,2,TECNOLOGIA EN OBRAS CIVILES,ESTUDIOS A DISTANCIA,B
38,M,1,TECNOLOGIA EN OBRAS CIVILES,ESTUDIOS A DISTANCIA,B
30,F,2,TECNOLOGIA EN OBRAS CIVILES,ESTUDIOS A DISTANCIA,C
34,M,2,TECNOLOGIA EN OBRAS CIVILES,ESTUDIOS A DISTANCIA,D
21,M,1,TECNOLOGIA EN OBRAS CIVILES,ESTUDIOS A DISTANCIA,B
20,F,2,TECNOLOGIA EN OBRAS CIVILES,ESTUDIOS A DISTANCIA,D
25,M,1,TECNOLOGIA EN OBRAS CIVILES,ESTUDIOS A DISTANCIA,B
28,M,2,TECNOLOGIA EN OBRAS CIVILES,ESTUDIOS A DISTANCIA,E
24,F,2,TECNOLOGIA EN REGENCIA DE FARMACIA,ESTUDIOS A DISTANCIA,C
22,F,2,TECNOLOGIA EN REGENCIA DE FARMACIA,ESTUDIOS A DISTANCIA,B
34,F,3,TECNOLOGIA EN REGENCIA DE FARMACIA,ESTUDIOS A DISTANCIA,B
24,F,2,TECNOLOGIA EN REGENCIA DE FARMACIA,ESTUDIOS A DISTANCIA,C
22,M,2,TECNOLOGIA EN REGENCIA DE FARMACIA,ESTUDIOS A DISTANCIA,C
30,F,2,TECNOLOGIA EN REGENCIA DE FARMACIA,ESTUDIOS A DISTANCIA,D
33,F,2,TECNOLOGIA EN REGENCIA DE FARMACIA,ESTUDIOS A DISTANCIA,D
37,M,1,TECNOLOGIA EN REGENCIA DE FARMACIA,ESTUDIOS A DISTANCIA,E
23,F,2,TECNOLOGIA EN REGENCIA DE FARMACIA,ESTUDIOS A DISTANCIA,E
21,M,1,TECNOLOGIA EN REGENCIA DE FARMACIA,ESTUDIOS A DISTANCIA,E
28,F,2,TECNOLOGIA EN REGENCIA DE FARMACIA,ESTUDIOS A DISTANCIA,E
31,M,3,TECNOLOGIA EN REGENCIA DE FARMACIA,ESTUDIOS A DISTANCIA,D
21,M,1,TECNOLOGIA EN MAQUINAS Y HERRAMIENTAS,ESTUDIOS A DISTANCIA,C
22,M,2,TECNOLOGIA EN MAQUINAS Y HERRAMIENTAS,ESTUDIOS A DISTANCIA,B
25,M,2,TECNOLOGIA EN OBRAS CIVILES,ESTUDIOS A DISTANCIA,D
31,F,2,TECNICA PROFESIONAL EN PROCESOS AGROINDUSTRIALES,ESTUDIOS A DISTANCIA,E
22,F,2,TECNICA PROFESIONAL EN PROCESOS AGROINDUSTRIALES,ESTUDIOS A DISTANCIA,C
23,F,2,TECNICA PROFESIONAL EN PROCESOS AGROINDUSTRIALES,ESTUDIOS A DISTANCIA,C
24,M,,TECNICA PROFESIONAL EN PROCESOS AGROINDUSTRIALES,ESTUDIOS A DISTANCIA,B
43,M,4,TECNICA PROFESIONAL EN PROCESOS AGROINDUSTRIALES,ESTUDIOS A DISTANCIA,C
37,F,2,TECNOLOGIA  EN GESTION AGROINDUSTRIAL,ESTUDIOS A DISTANCIA,E
30,F,2,TECNICA PROFESIONAL EN PROCESOS AGROINDUSTRIALES,ESTUDIOS A DISTANCIA,C
27,F,2,TECNICA PROFESIONAL EN PROCESOS AGROINDUSTRIALES,ESTUDIOS A DISTANCIA,C
21,M,3,TECNICA PROFESIONAL EN PROCESOS AGROINDUSTRIALES,ESTUDIOS A DISTANCIA,C
29,F,2,TECNICA PROFESIONAL EN PROCESOS AGROINDUSTRIALES,ESTUDIOS A DISTANCIA,B
38,M,2,TECNICA PROFESIONAL EN PROCESOS AGROINDUSTRIALES,ESTUDIOS A DISTANCIA,B
23,F,2,TECNICA PROFESIONAL EN PROCESOS ADMINISTRATIVOS DE SALUD,ESTUDIOS A DISTANCIA,E
21,F,3,TECNOLOGIA DE  PROGRAMACION DE SISTEMAS INFORMATICOS,ESTUDIOS A DISTANCIA,C
22,M,1,TECNOLOGIA DE  PROGRAMACION DE SISTEMAS INFORMATICOS,ESTUDIOS A DISTANCIA,C
31,M,2,TECNOLOGIA DE  PROGRAMACION DE SISTEMAS INFORMATICOS,ESTUDIOS A DISTANCIA,B
19,M,2,TECNICA PROFESIONAL EN INSTALACION Y MANTENIMIENTO DE REDES Y COMPUTADORES,ESTUDIOS A DISTANCIA,C
26,M,2,TECNICA PROFESIONAL EN INSTALACION Y MANTENIMIENTO DE REDES Y COMPUTADORES,ESTUDIOS A DISTANCIA,C
21,M,2,TECNICA PROFESIONAL EN INSTALACION Y MANTENIMIENTO DE REDES Y COMPUTADORES,ESTUDIOS A DISTANCIA,B
21,M,1,TECNICA PROFESIONAL EN INSTALACION Y MANTENIMIENTO DE REDES Y COMPUTADORES,ESTUDIOS A DISTANCIA,D
29,F,1,TECNICA PROFESIONAL EN PROCESOS ADMINISTRATIVOS DE SALUD,ESTUDIOS A DISTANCIA,E
29,F,2,TECNICA PROFESIONAL EN PROCESOS ADMINISTRATIVOS DE SALUD,ESTUDIOS A DISTANCIA,C
45,F,1,TECNICA PROFESIONAL EN PROCESOS ADMINISTRATIVOS DE SALUD,ESTUDIOS A DISTANCIA,B
22,F,2,TECNICA PROFESIONAL EN PROCESOS ADMINISTRATIVOS DE SALUD,ESTUDIOS A DISTANCIA,E
21,F,2,TECNICA PROFESIONAL EN PROCESOS ADMINISTRATIVOS DE SALUD,ESTUDIOS A DISTANCIA,B
25,F,2,TECNICA PROFESIONAL EN PROCESOS ADMINISTRATIVOS DE SALUD,ESTUDIOS A DISTANCIA,C
35,F,2,TECNOLOGIA EN GESTION ADMINISTRATIVA DE SERVICIOS DE SALUD,ESTUDIOS A DISTANCIA,E
31,F,3,TECNOLOGIA EN GESTION ADMINISTRATIVA DE SERVICIOS DE SALUD,ESTUDIOS A DISTANCIA,D
36,M,2,TECNICA PROFESIONAL  EN PROCESOS COMERCIALES Y FINANCIEROS,ESTUDIOS A DISTANCIA,B
36,M,3,TECNICA PROFESIONAL  EN PROCESOS COMERCIALES Y FINANCIEROS,ESTUDIOS A DISTANCIA,C
21,M,2,TECNICA PROFESIONAL  EN PROCESOS COMERCIALES Y FINANCIEROS,ESTUDIOS A DISTANCIA,C
28,M,1,TECNICA PROFESIONAL  EN PROCESOS COMERCIALES Y FINANCIEROS,ESTUDIOS A DISTANCIA,B
44,M,3,TECNICA PROFESIONAL  EN PROCESOS COMERCIALES Y FINANCIEROS,ESTUDIOS A DISTANCIA,B
23,M,2,TECNICA PROFESIONAL  EN PROCESOS COMERCIALES Y FINANCIEROS,ESTUDIOS A DISTANCIA,B
32,F,3,TECNICA PROFESIONAL  EN PROCESOS COMERCIALES Y FINANCIEROS,ESTUDIOS A DISTANCIA,D
24,M,2,TECNICA PROFESIONAL  EN PROCESOS COMERCIALES Y FINANCIEROS,ESTUDIOS A DISTANCIA,B
32,F,2,TECNICA PROFESIONAL  EN PROCESOS COMERCIALES Y FINANCIEROS,ESTUDIOS A DISTANCIA,B
26,F,2,TECNICA PROFESIONAL  EN PROCESOS COMERCIALES Y FINANCIEROS,ESTUDIOS A DISTANCIA,C
24,F,2,TECNICA PROFESIONAL  EN PROCESOS COMERCIALES Y FINANCIEROS,ESTUDIOS A DISTANCIA,D
22,F,2,TECNICA PROFESIONAL  EN PROCESOS COMERCIALES Y FINANCIEROS,ESTUDIOS A DISTANCIA,D
35,M,2,TECNOLOGIA EN GESTION COMERCIAL Y FINANCIERA,ESTUDIOS A DISTANCIA,D
36,M,2,ADMINISTRACION COMERCIAL Y FINANCIERA,ESTUDIOS A DISTANCIA,E
29,F,2,ADMINISTRACION COMERCIAL Y FINANCIERA,ESTUDIOS A DISTANCIA,E
27,F,1,ADMINISTRACION COMERCIAL Y FINANCIERA,ESTUDIOS A DISTANCIA,D
33,F,1,ADMINISTRACION COMERCIAL Y FINANCIERA,ESTUDIOS A DISTANCIA,D
34,F,2,TECNICA PROFESIONAL EN PROCESOS ADMINISTRATIVOS DE SALUD,ESTUDIOS A DISTANCIA,B
23,F,2,TECNICA PROFESIONAL EN PROCESOS ADMINISTRATIVOS DE SALUD,ESTUDIOS A DISTANCIA,C
30,F,2,TECNICA PROFESIONAL EN PROCESOS ADMINISTRATIVOS DE SALUD,ESTUDIOS A DISTANCIA,B
29,F,1,TECNICA PROFESIONAL EN PROCESOS ADMINISTRATIVOS DE SALUD,ESTUDIOS A DISTANCIA,B
27,F,1,TECNOLOGIA EN GESTION ADMINISTRATIVA DE SERVICIOS DE SALUD,ESTUDIOS A DISTANCIA,E
27,F,1,TECNICA PROFESIONAL EN PROCESOS ADMINISTRATIVOS DE SALUD,ESTUDIOS A DISTANCIA,C
37,F,3,TECNICA PROFESIONAL EN PROCESOS ADMINISTRATIVOS DE SALUD,ESTUDIOS A DISTANCIA,E
22,F,1,TECNICA PROFESIONAL EN PROCESOS ADMINISTRATIVOS DE SALUD,ESTUDIOS A DISTANCIA,C
24,F,2,TECNICA PROFESIONAL EN PROCESOS ADMINISTRATIVOS DE SALUD,ESTUDIOS A DISTANCIA,D
23,F,1,TECNICA PROFESIONAL  EN PROCESOS COMERCIALES Y FINANCIEROS,ESTUDIOS A DISTANCIA,C
42,M,1,TECNICA PROFESIONAL  EN PROCESOS COMERCIALES Y FINANCIEROS,ESTUDIOS A DISTANCIA,C
37,F,1,TECNICA PROFESIONAL  EN PROCESOS COMERCIALES Y FINANCIEROS,ESTUDIOS A DISTANCIA,B
31,F,2,TECNICA PROFESIONAL  EN PROCESOS COMERCIALES Y FINANCIEROS,ESTUDIOS A DISTANCIA,C
26,M,2,TECNICA PROFESIONAL  EN PROCESOS COMERCIALES Y FINANCIEROS,ESTUDIOS A DISTANCIA,D
44,F,3,TECNICA PROFESIONAL  EN PROCESOS COMERCIALES Y FINANCIEROS,ESTUDIOS A DISTANCIA,B
31,F,2,TECNICA PROFESIONAL  EN PROCESOS COMERCIALES Y FINANCIEROS,ESTUDIOS A DISTANCIA,B
36,M,2,TECNICA PROFESIONAL  EN PROCESOS COMERCIALES Y FINANCIEROS,ESTUDIOS A DISTANCIA,C
39,F,2,TECNICA PROFESIONAL  EN PROCESOS COMERCIALES Y FINANCIEROS,ESTUDIOS A DISTANCIA,B
30,M,2,TECNICA PROFESIONAL  EN PROCESOS COMERCIALES Y FINANCIEROS,ESTUDIOS A DISTANCIA,B
35,F,2,TECNICA PROFESIONAL  EN PROCESOS COMERCIALES Y FINANCIEROS,ESTUDIOS A DISTANCIA,C
32,F,2,TECNICA PROFESIONAL  EN PROCESOS COMERCIALES Y FINANCIEROS,ESTUDIOS A DISTANCIA,D
22,F,3,TECNICA PROFESIONAL  EN PROCESOS COMERCIALES Y FINANCIEROS,ESTUDIOS A DISTANCIA,C
31,F,1,TECNICA PROFESIONAL  EN PROCESOS COMERCIALES Y FINANCIEROS,ESTUDIOS A DISTANCIA,C
22,F,2,TECNICA PROFESIONAL  EN PROCESOS COMERCIALES Y FINANCIEROS,ESTUDIOS A DISTANCIA,B
26,M,2,TECNICA PROFESIONAL  EN PROCESOS COMERCIALES Y FINANCIEROS,ESTUDIOS A DISTANCIA,D
25,F,1,TECNICA PROFESIONAL  EN PROCESOS COMERCIALES Y FINANCIEROS,ESTUDIOS A DISTANCIA,B
25,F,2,TECNICA PROFESIONAL  EN PROCESOS COMERCIALES Y FINANCIEROS,ESTUDIOS A DISTANCIA,C
27,F,1,TECNICA PROFESIONAL  EN PROCESOS COMERCIALES Y FINANCIEROS,ESTUDIOS A DISTANCIA,C
24,F,1,TECNICA PROFESIONAL  EN PROCESOS COMERCIALES Y FINANCIEROS,ESTUDIOS A DISTANCIA,B
32,M,2,TECNICA PROFESIONAL  EN PROCESOS COMERCIALES Y FINANCIEROS,ESTUDIOS A DISTANCIA,B
23,M,1,TECNICA PROFESIONAL  EN PROCESOS COMERCIALES Y FINANCIEROS,ESTUDIOS A DISTANCIA,B
27,M,2,TECNICA PROFESIONAL  EN PROCESOS COMERCIALES Y FINANCIEROS,ESTUDIOS A DISTANCIA,B
22,F,2,TECNICA PROFESIONAL  EN PROCESOS COMERCIALES Y FINANCIEROS,ESTUDIOS A DISTANCIA,B
29,F,2,TECNOLOGIA EN GESTION COMERCIAL Y FINANCIERA,ESTUDIOS A DISTANCIA,E
32,F,2,TECNOLOGIA EN GESTION COMERCIAL Y FINANCIERA,ESTUDIOS A DISTANCIA,D
24,F,1,TECNOLOGIA EN GESTION COMERCIAL Y FINANCIERA,ESTUDIOS A DISTANCIA,E
22,F,2,ADMINISTRACION COMERCIAL Y FINANCIERA,ESTUDIOS A DISTANCIA,D
25,M,1,TECNOLOGIA EN OBRAS CIVILES,ESTUDIOS A DISTANCIA,C
24,F,2,TECNOLOGIA EN GESTION ADMINISTRATIVA DE SERVICIOS DE SALUD,ESTUDIOS A DISTANCIA,D
27,M,2,TECNOLOGIA EN ELECTRICIDAD INDUSTRIAL,ESTUDIOS A DISTANCIA,E
28,M,1,TECNOLOGIA EN ELECTRICIDAD INDUSTRIAL,ESTUDIOS A DISTANCIA,D
35,M,3,TECNOLOGIA EN ELECTRICIDAD INDUSTRIAL,ESTUDIOS A DISTANCIA,B
46,M,2,TECNOLOGIA EN ELECTRICIDAD INDUSTRIAL,ESTUDIOS A DISTANCIA,B
23,M,1,INGENIERIA CIVIL,INGENIERIA,D
25,M,1,INGENIERIA CIVIL,INGENIERIA,D
22,M,2,INGENIERIA CIVIL,INGENIERIA,B
22,F,2,INGENIERIA CIVIL,INGENIERIA,C
27,M,2,INGENIERIA CIVIL,INGENIERIA,B
20,F,2,INGENIERIA CIVIL,INGENIERIA,D
25,M,2,INGENIERIA CIVIL,INGENIERIA,E
28,M,1,INGENIERIA CIVIL,INGENIERIA,C
24,M,1,INGENIERIA METALURGICA,INGENIERIA,B
24,M,2,INGENIERIA METALURGICA,INGENIERIA,D
22,M,1,INGENIERIA METALURGICA,INGENIERIA,E
23,M,2,INGENIERIA DE TRANSPORTE Y VIAS,INGENIERIA,C
23,M,1,INGENIERIA DE TRANSPORTE Y VIAS,INGENIERIA,C
24,F,2,INGENIERIA DE TRANSPORTE Y VIAS,INGENIERIA,D
22,M,2,INGENIERIA DE TRANSPORTE Y VIAS,INGENIERIA,B
24,M,1,INGENIERIA DE TRANSPORTE Y VIAS,INGENIERIA,D
21,F,2,INGENIERIA DE TRANSPORTE Y VIAS,INGENIERIA,D
30,F,2,INGENIERIA DE TRANSPORTE Y VIAS,INGENIERIA,D
24,M,3,INGENIERIA DE TRANSPORTE Y VIAS,INGENIERIA,C
21,M,1,INGENIERIA DE SISTEMAS Y COMPUTACION,INGENIERIA,D
22,M,3,INGENIERIA DE SISTEMAS Y COMPUTACION,INGENIERIA,C
20,M,2,INGENIERIA DE SISTEMAS Y COMPUTACION,INGENIERIA,B
21,M,2,INGENIERIA DE SISTEMAS Y COMPUTACION,INGENIERIA,E
24,F,2,INGENIERIA DE SISTEMAS Y COMPUTACION,INGENIERIA,D
23,M,2,INGENIERIA DE SISTEMAS Y COMPUTACION,INGENIERIA,C
25,M,2,INGENIERIA DE SISTEMAS Y COMPUTACION,INGENIERIA,E
26,M,3,INGENIERIA DE SISTEMAS Y COMPUTACION,INGENIERIA,B
28,M,3,INGENIERIA DE SISTEMAS Y COMPUTACION,INGENIERIA,C
22,M,2,INGENIERIA DE SISTEMAS Y COMPUTACION,INGENIERIA,C
24,M,1,INGENIERIA DE SISTEMAS Y COMPUTACION,INGENIERIA,E
26,F,3,INGENIERIA AMBIENTAL,INGENIERIA,B
23,M,1,INGENIERIA AMBIENTAL,INGENIERIA,B
22,M,1,INGENIERIA AMBIENTAL,INGENIERIA,C
26,M,2,ARQUITECTURA,INGENIERIA,B
30,M,2,ARQUITECTURA,INGENIERIA,B
30,M,,ESPECIALIZACION EN ESTRUCTURAS,INGENIERIA,A
28,M,,ESPECIALIZACION EN ESTRUCTURAS,INGENIERIA,A
29,F,,ESPECIALIZACION EN ESTRUCTURAS,INGENIERIA,A
30,M,,ESPECIALIZACION EN ESTRUCTURAS,INGENIERIA,A
35,F,,ESPECIALIZACION EN ESTRUCTURAS,INGENIERIA,A
33,M,,ESPECIALIZACION EN ESTRUCTURAS,INGENIERIA,A
32,M,,ESPECIALIZACION EN ESTRUCTURAS,INGENIERIA,A
47,M,,ESPECIALIZACION EN ESTRUCTURAS,INGENIERIA,A
37,F,,ESPECIALIZACION EN TRANSITO Y TRANSPORTE,INGENIERIA,A
29,M,,ESPECIALIZACION EN GEOTECNIA,INGENIERIA,A
30,F,,ESPECIALIZACION EN GEOTECNIA,INGENIERIA,A
37,M,,ESPECIALIZACION EN GEOTECNIA,INGENIERIA,A
31,M,,ESPECIALIZACION EN GEOTECNIA,INGENIERIA,A
31,M,,MAESTRIA EN METALURGIA Y CIENCIAS DE LOS MATERIALES,INGENIERIA,A
34,M,,MAESTRIA EN METALURGIA Y CIENCIAS DE LOS MATERIALES,INGENIERIA,A
22,F,2,TECNICO PROFESIONAL EN PRODUCCION Y TRANSFORMACION DEL ACERO,INGENIERIA,C
22,M,1,ADMINISTRACION DE EMPRESAS,SECCIONAL CHIQUINQUIRA,C
24,F,2,ADMINISTRACION DE EMPRESAS,SECCIONAL CHIQUINQUIRA,C
27,F,3,CONTADURIA PUBLICA,SECCIONAL CHIQUINQUIRA,E
29,F,2,CONTADURIA PUBLICA,SECCIONAL CHIQUINQUIRA,E
24,F,2,CONTADURIA PUBLICA,SECCIONAL CHIQUINQUIRA,D
23,M,2,CONTADURIA PUBLICA,SECCIONAL CHIQUINQUIRA,C
25,M,2,CONTADURIA PUBLICA,SECCIONAL CHIQUINQUIRA,D
21,M,2,LICENCIATURA EN TECNOLOGIA,SECCIONAL DUITAMA,C
23,M,2,LICENCIATURA EN TECNOLOGIA,SECCIONAL DUITAMA,E
24,M,2,LICENCIATURA EN TECNOLOGIA,SECCIONAL DUITAMA,D
21,M,1,LICENCIATURA EN TECNOLOGIA,SECCIONAL DUITAMA,C
27,M,2,LICENCIATURA EN TECNOLOGIA,SECCIONAL DUITAMA,D
21,M,2,INGENIERIA ELECTROMECANICA,SECCIONAL DUITAMA,D
22,M,2,INGENIERIA ELECTROMECANICA,SECCIONAL DUITAMA,C
29,M,2,INGENIERIA ELECTROMECANICA,SECCIONAL DUITAMA,E
24,F,2,INGENIERIA ELECTROMECANICA,SECCIONAL DUITAMA,B
20,M,2,INGENIERIA ELECTROMECANICA,SECCIONAL DUITAMA,B
23,M,2,INGENIERIA ELECTROMECANICA,SECCIONAL DUITAMA,B
29,M,2,INGENIERIA ELECTROMECANICA,SECCIONAL DUITAMA,D
25,M,2,INGENIERIA ELECTROMECANICA,SECCIONAL DUITAMA,B
26,M,2,INGENIERIA ELECTROMECANICA,SECCIONAL DUITAMA,C
22,M,2,INGENIERIA ELECTROMECANICA,SECCIONAL DUITAMA,D
29,M,1,ADMINISTRACION TURISTICA Y HOTELERA,SECCIONAL DUITAMA,D
26,M,1,ADMINISTRACION TURISTICA Y HOTELERA,SECCIONAL DUITAMA,D
23,F,2,ADMINISTRACION TURISTICA Y HOTELERA,SECCIONAL DUITAMA,D
24,F,3,ADMINISTRACION DE EMPRESAS AGROPECUARIAS,SECCIONAL DUITAMA,C
24,F,2,ADMINISTRACION DE EMPRESAS AGROPECUARIAS,SECCIONAL DUITAMA,C
22,M,2,ADMINISTRACION DE EMPRESAS AGROPECUARIAS,SECCIONAL DUITAMA,C
21,M,2,ADMINISTRACION INDUSTRIAL,SECCIONAL DUITAMA,C
23,M,2,ADMINISTRACION INDUSTRIAL,SECCIONAL DUITAMA,B
29,M,2,DISEO INDUSTRIAL,SECCIONAL DUITAMA,C
20,M,2,DISEO INDUSTRIAL,SECCIONAL DUITAMA,C
26,F,2,DISEO INDUSTRIAL,SECCIONAL DUITAMA,C
25,M,2,DISEO INDUSTRIAL,SECCIONAL DUITAMA,C
20,M,2,LICENCIATURA EN MATEMATICAS,SECCIONAL DUITAMA,C
26,M,2,LICENCIATURA EN MATEMATICAS,SECCIONAL DUITAMA,C
24,M,2,LICENCIATURA EN MATEMATICAS,SECCIONAL DUITAMA,D
24,F,1,LICENCIATURA EN MATEMATICAS,SECCIONAL DUITAMA,E
23,M,2,LICENCIATURA EN MATEMATICAS,SECCIONAL DUITAMA,C
32,F,,ESPECIALIZACION EN GESTION ESTRATEGICA DE PROYECTOS,SECCIONAL DUITAMA,A
32,M,,ESPECIALIZACIN EN DISEO DE MAQUINARIA Y EQUIPO,SECCIONAL DUITAMA,A
28,M,,ESPECIALIZACIN EN PLANIFICACIN Y REGULACIN ENERGTICA,SECCIONAL DUITAMA,A
22,M,2,INGENIERIA ELECTRONICA,SECCIONAL SOGAMOSO,B
22,F,1,INGENIERIA ELECTRONICA,SECCIONAL SOGAMOSO,C
21,M,2,INGENIERIA ELECTRONICA,SECCIONAL SOGAMOSO,B
34,M,2,INGENIERIA ELECTRONICA,SECCIONAL SOGAMOSO,E
22,M,2,INGENIERIA ELECTRONICA,SECCIONAL SOGAMOSO,D
24,M,1,INGENIERIA ELECTRONICA,SECCIONAL SOGAMOSO,E
25,M,2,INGENIERIA ELECTRONICA,SECCIONAL SOGAMOSO,E
22,M,2,INGENIERIA ELECTRONICA,SECCIONAL SOGAMOSO,B
22,M,2,INGENIERIA GEOLOGICA,SECCIONAL SOGAMOSO,B
23,F,2,INGENIERIA GEOLOGICA,SECCIONAL SOGAMOSO,E
22,M,2,INGENIERIA INDUSTRIAL,SECCIONAL SOGAMOSO,C
36,M,2,INGENIERIA INDUSTRIAL,SECCIONAL SOGAMOSO,E
22,M,2,INGENIERIA INDUSTRIAL,SECCIONAL SOGAMOSO,D
23,M,2,INGENIERIA INDUSTRIAL,SECCIONAL SOGAMOSO,D
25,F,2,INGENIERIA INDUSTRIAL,SECCIONAL SOGAMOSO,B
21,M,2,INGENIERIA INDUSTRIAL,SECCIONAL SOGAMOSO,C
20,M,2,INGENIERIA INDUSTRIAL,SECCIONAL SOGAMOSO,C
24,F,2,CONTADURIA PUBLICA,SECCIONAL SOGAMOSO,C
27,M,1,CONTADURIA PUBLICA,SECCIONAL SOGAMOSO,D
22,M,2,CONTADURIA PUBLICA,SECCIONAL SOGAMOSO,C
24,M,2,ADMINISTRACION DE EMPRESAS,SECCIONAL SOGAMOSO,B
40,M,2,ADMINISTRACION DE EMPRESAS,SECCIONAL SOGAMOSO,C
21,F,2,ADMINISTRACION DE EMPRESAS,SECCIONAL SOGAMOSO,B
26,M,2,ADMINISTRACION DE EMPRESAS,SECCIONAL SOGAMOSO,B
21,M,1,INGENIERIA ELECTRONICA,SECCIONAL SOGAMOSO,D
23,M,2,FINANZAS Y COMERCIO INTERNACIONAL,SECCIONAL SOGAMOSO,C
25,F,2,FINANZAS Y COMERCIO INTERNACIONAL,SECCIONAL SOGAMOSO,C
25,M,2,FINANZAS Y COMERCIO INTERNACIONAL,SECCIONAL SOGAMOSO,B
24,M,3,FISICA,CIENCIAS,D
21,M,2,FISICA,CIENCIAS,C
20,M,2,FISICA,CIENCIAS,C
20,F,3,FISICA,CIENCIAS,C
26,M,2,FISICA,CIENCIAS,B
23,F,2,FISICA,CIENCIAS,C
20,M,1,FISICA,CIENCIAS,C
22,M,3,FISICA,CIENCIAS,B
20,M,1,FISICA,CIENCIAS,C
22,F,2,BIOLOGIA,CIENCIAS,C
25,M,2,BIOLOGIA,CIENCIAS,C
23,M,2,BIOLOGIA,CIENCIAS,C
25,F,2,BIOLOGIA,CIENCIAS,D
23,M,2,MATEMATICAS,CIENCIAS,C
20,F,2,MATEMATICAS,CIENCIAS,B
21,F,2,MATEMATICAS,CIENCIAS,B
22,F,2,MATEMATICAS,CIENCIAS,E
24,M,1,MATEMATICAS,CIENCIAS,C
26,M,3,MATEMATICAS,CIENCIAS,C
23,M,2,MATEMATICAS,CIENCIAS,C
21,M,1,MATEMATICAS,CIENCIAS,D
28,M,2,MATEMATICAS,CIENCIAS,E
21,F,2,QUIMICA,CIENCIAS,C
22,F,3,QUIMICA,CIENCIAS,E
24,M,2,QUIMICA,CIENCIAS,B
21,F,2,QUIMICA,CIENCIAS,C
24,F,2,QUIMICA,CIENCIAS,B
21,M,3,QUIMICA,CIENCIAS,D
21,F,2,QUIMICA,CIENCIAS,D
21,F,3,QUIMICA,CIENCIAS,C
29,M,,MAESTRIA EN CIENCIAS BIOLOGICAS,CIENCIAS,B
23,F,2,INGENIERIA AGRONOMICA,CIENCIAS AGROPECUARIAS,D
24,M,2,INGENIERIA AGRONOMICA,CIENCIAS AGROPECUARIAS,E
26,M,2,INGENIERIA AGRONOMICA,CIENCIAS AGROPECUARIAS,D
25,F,3,INGENIERIA AGRONOMICA,CIENCIAS AGROPECUARIAS,B
26,F,2,MEDICINA VETERINARIA Y ZOOTECNIA,CIENCIAS AGROPECUARIAS,D
30,M,2,MEDICINA VETERINARIA Y ZOOTECNIA,CIENCIAS AGROPECUARIAS,D
44,M,,MAESTRIA EN CIENCIAS AGRARIAS,CIENCIAS AGROPECUARIAS,A
28,M,2,LICENCIATURA EN INFORMATICA Y TECNOLOGIA,CIENCIAS DE LA EDUCACION,D
25,F,2,LICENCIATURA EN MATEMATICAS,CIENCIAS DE LA EDUCACION,D
21,M,2,LICENCIATURA EN MATEMATICAS,CIENCIAS DE LA EDUCACION,B
24,M,2,LICENCIATURA EN MATEMATICAS,CIENCIAS DE LA EDUCACION,C
21,M,1,LICENCIATURA EN MATEMATICAS,CIENCIAS DE LA EDUCACION,C
26,F,1,LICENCIATURA EN MATEMATICAS,CIENCIAS DE LA EDUCACION,E
26,M,1,LICENCIATURA EN MATEMATICAS,CIENCIAS DE LA EDUCACION,D
25,M,3,LICENCIATURA  EN CIENCIAS NATURALES Y EDUCACION AMBIENTAL,CIENCIAS DE LA EDUCACION,D
23,F,2,LICENCIATURA  EN CIENCIAS NATURALES Y EDUCACION AMBIENTAL,CIENCIAS DE LA EDUCACION,B
32,M,2,LICENCIATURA EN MATEMATICAS,CIENCIAS DE LA EDUCACION,B
22,F,2,LICENCIATURA EN MATEMATICAS,CIENCIAS DE LA EDUCACION,C
26,M,1,LICENCIATURA EN MATEMATICAS,CIENCIAS DE LA EDUCACION,E
22,F,2,LICENCIATURA EN MATEMATICAS,CIENCIAS DE LA EDUCACION,C
26,F,3,LICENCIATURA EN EDUCACION FISICA RECREACION Y DEPORTE,CIENCIAS DE LA EDUCACION,E
21,M,2,LICENCIATURA EN EDUCACION FISICA RECREACION Y DEPORTE,CIENCIAS DE LA EDUCACION,C
23,M,3,LICENCIATURA EN EDUCACION FISICA RECREACION Y DEPORTE,CIENCIAS DE LA EDUCACION,D
22,M,2,LICENCIATURA EN EDUCACION FISICA RECREACION Y DEPORTE,CIENCIAS DE LA EDUCACION,C
22,F,2,LICENCIATURA EN EDUCACION FISICA RECREACION Y DEPORTE,CIENCIAS DE LA EDUCACION,D
30,M,,LICENCIATURA EN CIENCIAS SOCIALES,CIENCIAS DE LA EDUCACION,E
21,F,2,LICENCIATURA EN CIENCIAS SOCIALES,CIENCIAS DE LA EDUCACION,B
24,F,2,LICENCIATURA EN CIENCIAS SOCIALES,CIENCIAS DE LA EDUCACION,C
29,M,2,LICENCIATURA EN CIENCIAS SOCIALES,CIENCIAS DE LA EDUCACION,E
26,M,3,LICENCIATURA EN CIENCIAS SOCIALES,CIENCIAS DE LA EDUCACION,D
23,M,2,LICENCIATURA EN CIENCIAS SOCIALES,CIENCIAS DE LA EDUCACION,C
23,F,1,LIC. EN PSICOPEDAGOGIA ENFASIS ASESORIA EDUCATIVA,CIENCIAS DE LA EDUCACION,B
24,M,2,LIC. EN PSICOPEDAGOGIA ENFASIS ASESORIA EDUCATIVA,CIENCIAS DE LA EDUCACION,D
22,M,1,LICENCIATURA EN MUSICA,CIENCIAS DE LA EDUCACION,C
27,F,3,LICENCIATURA EN MUSICA,CIENCIAS DE LA EDUCACION,C
25,F,1,LICENCIATURA EN ARTES PLASTICAS,CIENCIAS DE LA EDUCACION,D
27,F,3,LICENCIATURA EN IDIOMAS MODERNOS ESPAOL-INGLS,CIENCIAS DE LA EDUCACION,E
26,M,2,LICENCIATURA EN FILOSOFIA,CIENCIAS DE LA EDUCACION,C
22,M,2,LICENCIATURA EN EDUCACION FISICA RECREACION Y DEPORTE,CIENCIAS DE LA EDUCACION,C
24,M,2,LICENCIATURA EN EDUCACION FISICA RECREACION Y DEPORTE,CIENCIAS DE LA EDUCACION,C
24,M,2,LICENCIATURA EN EDUCACION FISICA RECREACION Y DEPORTE,CIENCIAS DE LA EDUCACION,E
25,M,2,LICENCIATURA EN EDUCACION FISICA RECREACION Y DEPORTE,CIENCIAS DE LA EDUCACION,D
19,F,2,LICENCIATURA EN EDUCACION FISICA RECREACION Y DEPORTE,CIENCIAS DE LA EDUCACION,C
23,F,2,LICENCIATURA EN LENGUAS EXTRANJERAS CON ENFASIS EN INGLES Y EN FRANCES,CIENCIAS DE LA EDUCACION,E
24,F,3,LICENCIATURA EN LENGUAS EXTRANJERAS CON ENFASIS EN INGLES Y EN FRANCES,CIENCIAS DE LA EDUCACION,E
23,F,1,LICENCIATURA EN LENGUAS EXTRANJERAS CON ENFASIS EN INGLES Y EN FRANCES,CIENCIAS DE LA EDUCACION,E
24,F,1,LICENCIATURA EN EDUCACIN INFANTIL,CIENCIAS DE LA EDUCACION,D
23,M,2,"LICENCIATURA EN LENGUAS MODERNAS, CON ENFASIS EN INGLES",CIENCIAS DE LA EDUCACION,B
23,F,1,"LICENCIATURA EN LENGUAS MODERNAS, CON ENFASIS EN INGLES",CIENCIAS DE LA EDUCACION,E
25,M,3,LICENCIATURA EN LITERATURA Y LENGUA CASTELLANA,CIENCIAS DE LA EDUCACION,C
24,M,1,LICENCIATURA EN LITERATURA Y LENGUA CASTELLANA,CIENCIAS DE LA EDUCACION,B
23,F,2,LICENCIATURA EN LITERATURA Y LENGUA CASTELLANA,CIENCIAS DE LA EDUCACION,C
28,M,2,ARTES PLSTICAS Y VISUALES,CIENCIAS DE LA EDUCACION,C
31,M,,ESPECIALIZACION EN GERENCIA EDUCACIONAL,CIENCIAS DE LA EDUCACION,B
39,M,,MAESTRIA  EN GEOGRAFIA,CIENCIAS DE LA EDUCACION,A
28,F,,MAESTRIA EN LITERATURA,CIENCIAS DE LA EDUCACION,B
27,F,,MAESTRIA EN LITERATURA,CIENCIAS DE LA EDUCACION,B
42,F,,MAESTRIA EN PATRIMONIO CULTURAL,CIENCIAS DE LA EDUCACION,B
34,F,1,"LICENCIATURA EN EDUCACION BASICA CON ENFASIS EN MATEMATICAS, HUMANIDADES Y LENGUA CASTELLANA",CIENCIAS DE LA EDUCACION,C
28,F,,"LICENCIATURA EN EDUCACION BASICA CON ENFASIS EN MATEMATICAS, HUMANIDADES Y LENGUA CASTELLANA",CIENCIAS DE LA EDUCACION,E
25,M,1,"LICENCIATURA EN EDUCACION BASICA CON ENFASIS EN MATEMATICAS, HUMANIDADES Y LENGUA CASTELLANA",CIENCIAS DE LA EDUCACION,D
29,F,1,LICENCIATURA EN EDUCACION BASICA PRIMARIA,CIENCIAS DE LA EDUCACION,D
22,F,3,LICENCIATURA EN EDUCACION BASICA PRIMARIA,CIENCIAS DE LA EDUCACION,C
21,F,2,LICENCIATURA EN EDUCACION BASICA PRIMARIA,CIENCIAS DE LA EDUCACION,B
24,F,1,LICENCIATURA EN EDUCACION BASICA PRIMARIA,CIENCIAS DE LA EDUCACION,B
27,F,2,LICENCIATURA EN EDUCACION BASICA PRIMARIA,CIENCIAS DE LA EDUCACION,B
28,F,2,LICENCIATURA EN EDUCACION BASICA PRIMARIA,CIENCIAS DE LA EDUCACION,B
28,F,2,LICENCIATURA EN EDUCACION BASICA PRIMARIA,CIENCIAS DE LA EDUCACION,E
30,F,2,LICENCIATURA EN EDUCACION BASICA PRIMARIA,CIENCIAS DE LA EDUCACION,E
22,F,3,LICENCIATURA EN EDUCACION BASICA PRIMARIA,CIENCIAS DE LA EDUCACION,C
30,F,2,LICENCIATURA EN EDUCACION BASICA PRIMARIA,CIENCIAS DE LA EDUCACION,E
26,F,2,LICENCIATURA EN EDUCACION BASICA PRIMARIA,CIENCIAS DE LA EDUCACION,C
21,M,2,PSICOLOGIA,CIENCIAS DE LA SALUD,D
22,M,2,MEDICINA,CIENCIAS DE LA SALUD,C
26,F,1,ENFERMERIA,CIENCIAS DE LA SALUD,D
23,M,3,ECONOMIA,CIENCIAS ECONOMICAS Y ADMINISTRATIVAS,D
29,M,1,ECONOMIA,CIENCIAS ECONOMICAS Y ADMINISTRATIVAS,D
26,M,3,ECONOMIA,CIENCIAS ECONOMICAS Y ADMINISTRATIVAS,D
31,M,1,ECONOMIA,CIENCIAS ECONOMICAS Y ADMINISTRATIVAS,C
22,M,2,ECONOMIA,CIENCIAS ECONOMICAS Y ADMINISTRATIVAS,B
25,F,2,ECONOMIA,CIENCIAS ECONOMICAS Y ADMINISTRATIVAS,D
24,M,3,ECONOMIA,CIENCIAS ECONOMICAS Y ADMINISTRATIVAS,C
24,F,3,ECONOMIA,CIENCIAS ECONOMICAS Y ADMINISTRATIVAS,E
28,M,1,ECONOMIA,CIENCIAS ECONOMICAS Y ADMINISTRATIVAS,B
28,M,,ECONOMIA,CIENCIAS ECONOMICAS Y ADMINISTRATIVAS,E
23,M,1,ADMINISTRACION DE EMPRESAS,CIENCIAS ECONOMICAS Y ADMINISTRATIVAS,C
22,F,3,ADMINISTRACION DE EMPRESAS,CIENCIAS ECONOMICAS Y ADMINISTRATIVAS,D
26,M,3,ADMINISTRACION DE EMPRESAS,CIENCIAS ECONOMICAS Y ADMINISTRATIVAS,E
37,M,2,ADMINISTRACION DE EMPRESAS,CIENCIAS ECONOMICAS Y ADMINISTRATIVAS,E
28,F,2,ADMINISTRACION DE EMPRESAS,CIENCIAS ECONOMICAS Y ADMINISTRATIVAS,D
43,M,1,ADMINISTRACION DE EMPRESAS,CIENCIAS ECONOMICAS Y ADMINISTRATIVAS,E
33,F,1,ADMINISTRACION DE EMPRESAS,CIENCIAS ECONOMICAS Y ADMINISTRATIVAS,E
23,F,2,CONTADURIA PUBLICA,CIENCIAS ECONOMICAS Y ADMINISTRATIVAS,C
20,M,1,CONTADURIA PUBLICA,CIENCIAS ECONOMICAS Y ADMINISTRATIVAS,C
26,M,,DERECHO,DERECHO Y CIENCIAS  SOCIALES,D
24,M,2,DERECHO,DERECHO Y CIENCIAS  SOCIALES,C
26,M,3,DERECHO,DERECHO Y CIENCIAS  SOCIALES,D
24,F,3,DERECHO,DERECHO Y CIENCIAS  SOCIALES,C
24,F,2,DERECHO,DERECHO Y CIENCIAS  SOCIALES,C
28,M,,ESPECIALIZACION EN GERENCIA DE EMPRESAS DE SALUD,ESTUDIOS A DISTANCIA,A
29,F,,ESPECIALIZACION EN ALTA GERENCIA DE EMPRESAS,ESTUDIOS A DISTANCIA,A
37,F,,ESPECIALIZACION EN PEDAGOGIA DE LA LENGUA CASTELLANA Y LITERATURA,ESTUDIOS A DISTANCIA,A
22,M,2,TECNOLOGIA EN OBRAS CIVILES,ESTUDIOS A DISTANCIA,C
27,M,2,TECNOLOGIA EN OBRAS CIVILES,ESTUDIOS A DISTANCIA,C
28,M,1,TECNOLOGIA EN OBRAS CIVILES,ESTUDIOS A DISTANCIA,C
39,M,3,TECNOLOGIA EN OBRAS CIVILES,ESTUDIOS A DISTANCIA,D
26,M,1,TECNOLOGIA EN OBRAS CIVILES,ESTUDIOS A DISTANCIA,E
21,F,1,TECNOLOGIA EN OBRAS CIVILES,ESTUDIOS A DISTANCIA,B
20,M,2,TECNOLOGIA EN OBRAS CIVILES,ESTUDIOS A DISTANCIA,C
25,M,2,TECNOLOGIA EN OBRAS CIVILES,ESTUDIOS A DISTANCIA,D
22,F,2,TECNOLOGIA EN OBRAS CIVILES,ESTUDIOS A DISTANCIA,C
27,M,2,TECNOLOGIA EN OBRAS CIVILES,ESTUDIOS A DISTANCIA,B
30,M,2,TECNOLOGIA EN OBRAS CIVILES,ESTUDIOS A DISTANCIA,B
29,F,2,TECNOLOGIA EN OBRAS CIVILES,ESTUDIOS A DISTANCIA,C
24,M,2,TECNOLOGIA EN OBRAS CIVILES,ESTUDIOS A DISTANCIA,B
29,M,2,TECNOLOGIA EN OBRAS CIVILES,ESTUDIOS A DISTANCIA,C
21,M,2,TECNOLOGIA EN OBRAS CIVILES,ESTUDIOS A DISTANCIA,D
23,M,2,TECNOLOGIA EN OBRAS CIVILES,ESTUDIOS A DISTANCIA,D
27,F,2,TECNOLOGIA EN OBRAS CIVILES,ESTUDIOS A DISTANCIA,C
23,M,2,TECNOLOGIA EN OBRAS CIVILES,ESTUDIOS A DISTANCIA,B
29,F,1,TECNOLOGIA EN REGENCIA DE FARMACIA,ESTUDIOS A DISTANCIA,C
28,M,2,TECNOLOGIA EN REGENCIA DE FARMACIA,ESTUDIOS A DISTANCIA,D
28,F,2,TECNOLOGIA EN REGENCIA DE FARMACIA,ESTUDIOS A DISTANCIA,C
36,F,1,TECNOLOGIA EN REGENCIA DE FARMACIA,ESTUDIOS A DISTANCIA,D
23,F,2,TECNOLOGIA EN REGENCIA DE FARMACIA,ESTUDIOS A DISTANCIA,C
21,M,2,TECNOLOGIA EN REGENCIA DE FARMACIA,ESTUDIOS A DISTANCIA,C
22,M,2,TECNOLOGIA EN REGENCIA DE FARMACIA,ESTUDIOS A DISTANCIA,B
24,F,2,TECNOLOGIA EN REGENCIA DE FARMACIA,ESTUDIOS A DISTANCIA,C
24,M,2,TECNOLOGIA EN REGENCIA DE FARMACIA,ESTUDIOS A DISTANCIA,B
26,M,2,TECNOLOGIA EN ELECTRICIDAD,ESTUDIOS A DISTANCIA,E
19,M,2,TECNOLOGIA EN MAQUINAS Y HERRAMIENTAS,ESTUDIOS A DISTANCIA,C
22,F,3,TECNOLOGIA EN OBRAS CIVILES,ESTUDIOS A DISTANCIA,C
30,M,2,TECNOLOGIA EN OBRAS CIVILES,ESTUDIOS A DISTANCIA,C
37,M,2,TECNOLOGIA EN ELECTRICIDAD,ESTUDIOS A DISTANCIA,E
28,F,2,TECNICA PROFESIONAL EN PROCESOS AGROINDUSTRIALES,ESTUDIOS A DISTANCIA,B
45,F,2,ADMINISTRACION AGROINDUSTRIAL,ESTUDIOS A DISTANCIA,D
20,M,,TECNICA PROFESIONAL EN PROCESOS AGROINDUSTRIALES,ESTUDIOS A DISTANCIA,D
21,F,1,TECNICA PROFESIONAL EN PROCESOS AGROINDUSTRIALES,ESTUDIOS A DISTANCIA,C
20,F,1,TECNICA PROFESIONAL EN PROCESOS AGROINDUSTRIALES,ESTUDIOS A DISTANCIA,C
28,F,2,TECNICA PROFESIONAL EN PROCESOS AGROINDUSTRIALES,ESTUDIOS A DISTANCIA,C
24,F,1,TECNICA PROFESIONAL EN PROCESOS ADMINISTRATIVOS DE SALUD,ESTUDIOS A DISTANCIA,B
24,F,1,TECNICA PROFESIONAL EN PROCESOS ADMINISTRATIVOS DE SALUD,ESTUDIOS A DISTANCIA,B
28,M,2,TECNOLOGIA DE  PROGRAMACION DE SISTEMAS INFORMATICOS,ESTUDIOS A DISTANCIA,C
26,M,3,TECNOLOGIA DE  PROGRAMACION DE SISTEMAS INFORMATICOS,ESTUDIOS A DISTANCIA,B
20,M,2,TECNOLOGIA DE  PROGRAMACION DE SISTEMAS INFORMATICOS,ESTUDIOS A DISTANCIA,C
20,M,2,TECNICA PROFESIONAL EN INSTALACION Y MANTENIMIENTO DE REDES Y COMPUTADORES,ESTUDIOS A DISTANCIA,C
27,M,2,TECNICA PROFESIONAL EN INSTALACION Y MANTENIMIENTO DE REDES Y COMPUTADORES,ESTUDIOS A DISTANCIA,C
26,M,2,TECNICA PROFESIONAL EN PROCESOS ADMINISTRATIVOS DE SALUD,ESTUDIOS A DISTANCIA,E
23,F,2,TECNICA PROFESIONAL EN PROCESOS ADMINISTRATIVOS DE SALUD,ESTUDIOS A DISTANCIA,B
24,F,2,TECNICA PROFESIONAL EN PROCESOS ADMINISTRATIVOS DE SALUD,ESTUDIOS A DISTANCIA,B
27,F,2,TECNICA PROFESIONAL EN PROCESOS ADMINISTRATIVOS DE SALUD,ESTUDIOS A DISTANCIA,E
21,M,1,TECNICA PROFESIONAL EN PROCESOS ADMINISTRATIVOS DE SALUD,ESTUDIOS A DISTANCIA,B
21,M,2,TECNICA PROFESIONAL EN PROCESOS ADMINISTRATIVOS DE SALUD,ESTUDIOS A DISTANCIA,D
25,F,1,TECNICA PROFESIONAL EN PROCESOS ADMINISTRATIVOS DE SALUD,ESTUDIOS A DISTANCIA,C
28,F,3,TECNOLOGIA EN GESTION ADMINISTRATIVA DE SERVICIOS DE SALUD,ESTUDIOS A DISTANCIA,E
34,M,1,TECNOLOGIA EN GESTION ADMINISTRATIVA DE SERVICIOS DE SALUD,ESTUDIOS A DISTANCIA,D
30,F,2,TECNOLOGIA EN GESTION ADMINISTRATIVA DE SERVICIOS DE SALUD,ESTUDIOS A DISTANCIA,C
38,F,2,TECNOLOGIA EN GESTION ADMINISTRATIVA DE SERVICIOS DE SALUD,ESTUDIOS A DISTANCIA,E
30,F,3,TECNOLOGIA EN GESTION ADMINISTRATIVA DE SERVICIOS DE SALUD,ESTUDIOS A DISTANCIA,E
31,F,2,TECNICA PROFESIONAL  EN PROCESOS COMERCIALES Y FINANCIEROS,ESTUDIOS A DISTANCIA,D
22,F,3,TECNICA PROFESIONAL  EN PROCESOS COMERCIALES Y FINANCIEROS,ESTUDIOS A DISTANCIA,D
28,F,3,TECNICA PROFESIONAL  EN PROCESOS COMERCIALES Y FINANCIEROS,ESTUDIOS A DISTANCIA,C
23,F,2,TECNICA PROFESIONAL  EN PROCESOS COMERCIALES Y FINANCIEROS,ESTUDIOS A DISTANCIA,C
34,F,2,TECNICA PROFESIONAL  EN PROCESOS COMERCIALES Y FINANCIEROS,ESTUDIOS A DISTANCIA,C
27,M,2,TECNICA PROFESIONAL  EN PROCESOS COMERCIALES Y FINANCIEROS,ESTUDIOS A DISTANCIA,B
23,F,1,TECNICA PROFESIONAL  EN PROCESOS COMERCIALES Y FINANCIEROS,ESTUDIOS A DISTANCIA,E
24,F,2,TECNICA PROFESIONAL  EN PROCESOS COMERCIALES Y FINANCIEROS,ESTUDIOS A DISTANCIA,C
21,F,3,TECNICA PROFESIONAL  EN PROCESOS COMERCIALES Y FINANCIEROS,ESTUDIOS A DISTANCIA,B
27,F,2,TECNICA PROFESIONAL  EN PROCESOS COMERCIALES Y FINANCIEROS,ESTUDIOS A DISTANCIA,D
29,M,2,TECNICA PROFESIONAL  EN PROCESOS COMERCIALES Y FINANCIEROS,ESTUDIOS A DISTANCIA,C
41,F,2,TECNICA PROFESIONAL  EN PROCESOS COMERCIALES Y FINANCIEROS,ESTUDIOS A DISTANCIA,B
34,M,2,TECNICA PROFESIONAL  EN PROCESOS COMERCIALES Y FINANCIEROS,ESTUDIOS A DISTANCIA,D
29,F,1,TECNICA PROFESIONAL  EN PROCESOS COMERCIALES Y FINANCIEROS,ESTUDIOS A DISTANCIA,E
40,F,,TECNICA PROFESIONAL  EN PROCESOS COMERCIALES Y FINANCIEROS,ESTUDIOS A DISTANCIA,E
23,F,1,TECNICA PROFESIONAL  EN PROCESOS COMERCIALES Y FINANCIEROS,ESTUDIOS A DISTANCIA,B
31,F,2,TECNICA PROFESIONAL  EN PROCESOS COMERCIALES Y FINANCIEROS,ESTUDIOS A DISTANCIA,C
22,F,2,TECNICA PROFESIONAL  EN PROCESOS COMERCIALES Y FINANCIEROS,ESTUDIOS A DISTANCIA,E
28,F,3,ADMINISTRACION COMERCIAL Y FINANCIERA,ESTUDIOS A DISTANCIA,D
32,F,2,ADMINISTRACION COMERCIAL Y FINANCIERA,ESTUDIOS A DISTANCIA,E
25,M,1,TECNICA PROFESIONAL EN PROCESOS ADMINISTRATIVOS DE SALUD,ESTUDIOS A DISTANCIA,B
34,F,1,TECNICA PROFESIONAL EN PROCESOS ADMINISTRATIVOS DE SALUD,ESTUDIOS A DISTANCIA,B
21,F,,TECNICA PROFESIONAL EN PROCESOS ADMINISTRATIVOS DE SALUD,ESTUDIOS A DISTANCIA,C
25,F,2,TECNICA PROFESIONAL EN PROCESOS ADMINISTRATIVOS DE SALUD,ESTUDIOS A DISTANCIA,B
29,F,2,TECNICA PROFESIONAL EN PROCESOS ADMINISTRATIVOS DE SALUD,ESTUDIOS A DISTANCIA,D
33,F,2,TECNICA PROFESIONAL EN PROCESOS ADMINISTRATIVOS DE SALUD,ESTUDIOS A DISTANCIA,E
26,F,2,TECNICA PROFESIONAL EN PROCESOS ADMINISTRATIVOS DE SALUD,ESTUDIOS A DISTANCIA,B
22,M,2,TECNICA PROFESIONAL EN PROCESOS ADMINISTRATIVOS DE SALUD,ESTUDIOS A DISTANCIA,B
24,F,2,TECNICA PROFESIONAL EN PROCESOS ADMINISTRATIVOS DE SALUD,ESTUDIOS A DISTANCIA,E
24,F,1,TECNICA PROFESIONAL EN PROCESOS ADMINISTRATIVOS DE SALUD,ESTUDIOS A DISTANCIA,C
38,M,2,TECNICA PROFESIONAL EN PROCESOS ADMINISTRATIVOS DE SALUD,ESTUDIOS A DISTANCIA,C
26,F,1,TECNICA PROFESIONAL EN PROCESOS ADMINISTRATIVOS DE SALUD,ESTUDIOS A DISTANCIA,B
36,F,3,TECNICA PROFESIONAL EN PROCESOS ADMINISTRATIVOS DE SALUD,ESTUDIOS A DISTANCIA,E
36,F,1,TECNICA PROFESIONAL EN PROCESOS ADMINISTRATIVOS DE SALUD,ESTUDIOS A DISTANCIA,B
22,M,2,TECNICA PROFESIONAL EN PROCESOS ADMINISTRATIVOS DE SALUD,ESTUDIOS A DISTANCIA,B
23,F,1,TECNICA PROFESIONAL EN PROCESOS ADMINISTRATIVOS DE SALUD,ESTUDIOS A DISTANCIA,C
23,F,1,TECNICA PROFESIONAL EN PROCESOS ADMINISTRATIVOS DE SALUD,ESTUDIOS A DISTANCIA,C
20,F,1,TECNICA PROFESIONAL EN PROCESOS ADMINISTRATIVOS DE SALUD,ESTUDIOS A DISTANCIA,B
31,F,1,TECNICA PROFESIONAL EN PROCESOS ADMINISTRATIVOS DE SALUD,ESTUDIOS A DISTANCIA,B
23,F,2,TECNICA PROFESIONAL EN PROCESOS ADMINISTRATIVOS DE SALUD,ESTUDIOS A DISTANCIA,D
25,M,3,TECNICA PROFESIONAL  EN PROCESOS COMERCIALES Y FINANCIEROS,ESTUDIOS A DISTANCIA,B
29,M,2,TECNICA PROFESIONAL  EN PROCESOS COMERCIALES Y FINANCIEROS,ESTUDIOS A DISTANCIA,C
29,M,1,TECNICA PROFESIONAL  EN PROCESOS COMERCIALES Y FINANCIEROS,ESTUDIOS A DISTANCIA,B
24,F,1,TECNICA PROFESIONAL  EN PROCESOS COMERCIALES Y FINANCIEROS,ESTUDIOS A DISTANCIA,B
21,F,2,TECNICA PROFESIONAL  EN PROCESOS COMERCIALES Y FINANCIEROS,ESTUDIOS A DISTANCIA,E
21,F,,TECNICA PROFESIONAL  EN PROCESOS COMERCIALES Y FINANCIEROS,ESTUDIOS A DISTANCIA,D
22,F,2,TECNICA PROFESIONAL  EN PROCESOS COMERCIALES Y FINANCIEROS,ESTUDIOS A DISTANCIA,B
32,F,2,TECNICA PROFESIONAL  EN PROCESOS COMERCIALES Y FINANCIEROS,ESTUDIOS A DISTANCIA,E
27,F,2,TECNICA PROFESIONAL  EN PROCESOS COMERCIALES Y FINANCIEROS,ESTUDIOS A DISTANCIA,C
29,F,2,TECNICA PROFESIONAL  EN PROCESOS COMERCIALES Y FINANCIEROS,ESTUDIOS A DISTANCIA,C
22,F,2,TECNICA PROFESIONAL  EN PROCESOS COMERCIALES Y FINANCIEROS,ESTUDIOS A DISTANCIA,C
25,F,1,TECNICA PROFESIONAL  EN PROCESOS COMERCIALES Y FINANCIEROS,ESTUDIOS A DISTANCIA,D
26,M,1,TECNICA PROFESIONAL  EN PROCESOS COMERCIALES Y FINANCIEROS,ESTUDIOS A DISTANCIA,B
30,F,2,TECNICA PROFESIONAL  EN PROCESOS COMERCIALES Y FINANCIEROS,ESTUDIOS A DISTANCIA,C
30,M,2,TECNICA PROFESIONAL  EN PROCESOS COMERCIALES Y FINANCIEROS,ESTUDIOS A DISTANCIA,D
31,M,2,TECNICA PROFESIONAL  EN PROCESOS COMERCIALES Y FINANCIEROS,ESTUDIOS A DISTANCIA,E
27,F,2,TECNICA PROFESIONAL  EN PROCESOS COMERCIALES Y FINANCIEROS,ESTUDIOS A DISTANCIA,E
19,M,2,TECNICA PROFESIONAL  EN PROCESOS COMERCIALES Y FINANCIEROS,ESTUDIOS A DISTANCIA,B
25,M,2,TECNICA PROFESIONAL  EN PROCESOS COMERCIALES Y FINANCIEROS,ESTUDIOS A DISTANCIA,E
28,F,2,TECNICA PROFESIONAL  EN PROCESOS COMERCIALES Y FINANCIEROS,ESTUDIOS A DISTANCIA,C
27,F,2,TECNICA PROFESIONAL  EN PROCESOS COMERCIALES Y FINANCIEROS,ESTUDIOS A DISTANCIA,B
25,F,2,TECNICA PROFESIONAL  EN PROCESOS COMERCIALES Y FINANCIEROS,ESTUDIOS A DISTANCIA,E
32,F,1,TECNICA PROFESIONAL  EN PROCESOS COMERCIALES Y FINANCIEROS,ESTUDIOS A DISTANCIA,B
23,F,1,TECNICA PROFESIONAL  EN PROCESOS COMERCIALES Y FINANCIEROS,ESTUDIOS A DISTANCIA,E
24,F,2,TECNOLOGIA EN GESTION COMERCIAL Y FINANCIERA,ESTUDIOS A DISTANCIA,E
27,F,2,TECNOLOGIA EN GESTION COMERCIAL Y FINANCIERA,ESTUDIOS A DISTANCIA,E
27,M,1,TECNOLOGIA EN OBRAS CIVILES,ESTUDIOS A DISTANCIA,E
29,F,2,TECNICA PROFESIONAL  EN PROCESOS COMERCIALES Y FINANCIEROS,ESTUDIOS A DISTANCIA,B
28,M,1,TECNICA PROFESIONAL EN PROCESOS AGROINDUSTRIALES,ESTUDIOS A DISTANCIA,B
30,M,2,TECNOLOGIA EN ELECTRICIDAD INDUSTRIAL,ESTUDIOS A DISTANCIA,B
36,M,2,TECNOLOGIA EN ELECTRICIDAD INDUSTRIAL,ESTUDIOS A DISTANCIA,C
23,M,2,TECNOLOGIA EN ELECTRICIDAD INDUSTRIAL,ESTUDIOS A DISTANCIA,C
22,M,3,TECNOLOGIA EN ELECTRICIDAD INDUSTRIAL,ESTUDIOS A DISTANCIA,C
30,M,1,TECNOLOGIA EN ELECTRICIDAD INDUSTRIAL,ESTUDIOS A DISTANCIA,C
20,M,2,INGENIERIA CIVIL,INGENIERIA,E
21,M,1,INGENIERIA CIVIL,INGENIERIA,C
25,F,2,INGENIERIA CIVIL,INGENIERIA,E
22,M,2,INGENIERIA METALURGICA,INGENIERIA,D
23,M,2,INGENIERIA METALURGICA,INGENIERIA,B
20,M,1,INGENIERIA METALURGICA,INGENIERIA,C
25,M,2,INGENIERIA METALURGICA,INGENIERIA,C
23,M,1,INGENIERIA METALURGICA,INGENIERIA,B
23,M,2,INGENIERIA DE TRANSPORTE Y VIAS,INGENIERIA,B
27,M,3,INGENIERIA DE TRANSPORTE Y VIAS,INGENIERIA,C
22,M,3,INGENIERIA DE TRANSPORTE Y VIAS,INGENIERIA,E
24,M,2,INGENIERIA DE TRANSPORTE Y VIAS,INGENIERIA,E
22,M,3,INGENIERIA DE TRANSPORTE Y VIAS,INGENIERIA,D
25,M,2,INGENIERIA DE TRANSPORTE Y VIAS,INGENIERIA,D
32,M,2,INGENIERIA DE SISTEMAS Y COMPUTACION,INGENIERIA,E
24,M,2,INGENIERIA DE SISTEMAS Y COMPUTACION,INGENIERIA,C
22,M,2,INGENIERIA DE SISTEMAS Y COMPUTACION,INGENIERIA,C
24,M,2,INGENIERIA DE SISTEMAS Y COMPUTACION,INGENIERIA,E
22,M,1,INGENIERIA DE SISTEMAS Y COMPUTACION,INGENIERIA,B
20,M,1,INGENIERIA AMBIENTAL,INGENIERIA,C
31,M,2,INGENIERIA AMBIENTAL,INGENIERIA,E
24,F,2,INGENIERIA AMBIENTAL,INGENIERIA,E
25,F,2,INGENIERIA AMBIENTAL,INGENIERIA,E
22,F,3,INGENIERIA AMBIENTAL,INGENIERIA,C
21,M,1,INGENIERIA AMBIENTAL,INGENIERIA,C
24,M,1,ARQUITECTURA,INGENIERIA,E
24,M,3,ARQUITECTURA,INGENIERIA,C
28,F,,ESPECIALIZACION EN INGENIERIA AMBIENTAL,INGENIERIA,A
36,M,,ESPECIALIZACION EN TRANSITO Y TRANSPORTE,INGENIERIA,A
33,M,,ESPECIALIZACION EN GERENCIA DE PROYECTOS DE CONSTRUCCION,INGENIERIA,A
44,F,,MAESTRIA EN METALURGIA Y CIENCIAS DE LOS MATERIALES,INGENIERIA,B
34,F,,MAESTRIA EN GEOTECNIA,INGENIERIA,A
52,M,,MAESTRA EN GERENCIA DE PROYECTOS DE CONSTRUCCIN,INGENIERIA,B
23,F,2,TECNICO PROFESIONAL EN PRODUCCION Y TRANSFORMACION DEL ACERO,INGENIERIA,E
28,F,1,ADMINISTRACION DE EMPRESAS,SECCIONAL CHIQUINQUIRA,D
24,M,2,ADMINISTRACION DE EMPRESAS,SECCIONAL CHIQUINQUIRA,D
31,M,1,CONTADURIA PUBLICA,SECCIONAL CHIQUINQUIRA,D
23,F,2,CONTADURIA PUBLICA,SECCIONAL CHIQUINQUIRA,B
27,F,2,CONTADURIA PUBLICA,SECCIONAL CHIQUINQUIRA,C
24,M,2,LICENCIATURA EN TECNOLOGIA,SECCIONAL DUITAMA,C
28,F,2,LICENCIATURA EN TECNOLOGIA,SECCIONAL DUITAMA,C
23,M,2,LICENCIATURA EN TECNOLOGIA,SECCIONAL DUITAMA,E
34,F,1,LICENCIATURA EN TECNOLOGIA,SECCIONAL DUITAMA,E
24,M,2,LICENCIATURA EN TECNOLOGIA,SECCIONAL DUITAMA,C
24,M,2,INGENIERIA ELECTROMECANICA,SECCIONAL DUITAMA,E
24,M,1,INGENIERIA ELECTROMECANICA,SECCIONAL DUITAMA,D
21,M,1,INGENIERIA ELECTROMECANICA,SECCIONAL DUITAMA,C
24,M,1,INGENIERIA ELECTROMECANICA,SECCIONAL DUITAMA,D
36,M,1,INGENIERIA ELECTROMECANICA,SECCIONAL DUITAMA,E
27,M,2,INGENIERIA ELECTROMECANICA,SECCIONAL DUITAMA,D
23,M,2,ADMINISTRACION TURISTICA Y HOTELERA,SECCIONAL DUITAMA,D
25,M,2,ADMINISTRACION TURISTICA Y HOTELERA,SECCIONAL DUITAMA,D
22,F,2,ADMINISTRACION DE EMPRESAS AGROPECUARIAS,SECCIONAL DUITAMA,D
25,F,2,ADMINISTRACION DE EMPRESAS AGROPECUARIAS,SECCIONAL DUITAMA,D
24,F,2,ADMINISTRACION DE EMPRESAS AGROPECUARIAS,SECCIONAL DUITAMA,E
23,M,2,ADMINISTRACION DE EMPRESAS AGROPECUARIAS,SECCIONAL DUITAMA,D
21,M,1,ADMINISTRACION INDUSTRIAL,SECCIONAL DUITAMA,B
25,M,2,ADMINISTRACION INDUSTRIAL,SECCIONAL DUITAMA,E
20,M,1,ADMINISTRACION INDUSTRIAL,SECCIONAL DUITAMA,B
29,M,2,ADMINISTRACION INDUSTRIAL,SECCIONAL DUITAMA,E
24,M,1,ADMINISTRACION INDUSTRIAL,SECCIONAL DUITAMA,E
25,F,2,DISEO INDUSTRIAL,SECCIONAL DUITAMA,B
19,F,1,DISEO INDUSTRIAL,SECCIONAL DUITAMA,C
25,F,1,LICENCIATURA EN MATEMATICAS,SECCIONAL DUITAMA,C
24,M,1,LICENCIATURA EN MATEMATICAS,SECCIONAL DUITAMA,D
40,M,,ESPECIALIZACION EN GESTION ESTRATEGICA DE PROYECTOS,SECCIONAL DUITAMA,A
48,M,,ESPECIALIZACION EN GESTION ESTRATEGICA DE PROYECTOS,SECCIONAL DUITAMA,A
30,M,,ESPECIALIZACIN EN PLANIFICACIN Y REGULACIN ENERGTICA,SECCIONAL DUITAMA,A
25,M,2,INGENIERIA ELECTRONICA,SECCIONAL SOGAMOSO,E
24,M,2,INGENIERIA ELECTRONICA,SECCIONAL SOGAMOSO,E
23,M,2,INGENIERIA ELECTRONICA,SECCIONAL SOGAMOSO,B
25,M,2,INGENIERIA ELECTRONICA,SECCIONAL SOGAMOSO,C
24,M,3,INGENIERIA ELECTRONICA,SECCIONAL SOGAMOSO,B
26,M,2,INGENIERIA ELECTRONICA,SECCIONAL SOGAMOSO,C
23,M,3,INGENIERIA GEOLOGICA,SECCIONAL SOGAMOSO,D
23,M,1,INGENIERIA GEOLOGICA,SECCIONAL SOGAMOSO,B
21,M,2,INGENIERIA GEOLOGICA,SECCIONAL SOGAMOSO,B
20,F,1,INGENIERIA GEOLOGICA,SECCIONAL SOGAMOSO,B
20,M,3,INGENIERIA GEOLOGICA,SECCIONAL SOGAMOSO,D
31,M,2,INGENIERIA GEOLOGICA,SECCIONAL SOGAMOSO,C
23,F,2,INGENIERIA GEOLOGICA,SECCIONAL SOGAMOSO,C
23,M,2,INGENIERIA GEOLOGICA,SECCIONAL SOGAMOSO,B
24,M,2,INGENIERIA GEOLOGICA,SECCIONAL SOGAMOSO,B
21,M,2,INGENIERIA GEOLOGICA,SECCIONAL SOGAMOSO,B
24,M,2,INGENIERIA DE MINAS,SECCIONAL SOGAMOSO,D
24,M,2,INGENIERIA DE MINAS,SECCIONAL SOGAMOSO,E
20,F,1,INGENIERIA INDUSTRIAL,SECCIONAL SOGAMOSO,C
21,F,2,INGENIERIA INDUSTRIAL,SECCIONAL SOGAMOSO,E
24,M,2,INGENIERIA INDUSTRIAL,SECCIONAL SOGAMOSO,E
23,M,2,INGENIERIA INDUSTRIAL,SECCIONAL SOGAMOSO,C
24,M,2,INGENIERIA INDUSTRIAL,SECCIONAL SOGAMOSO,E
21,M,1,CONTADURIA PUBLICA,SECCIONAL SOGAMOSO,B
21,M,2,ADMINISTRACION DE EMPRESAS,SECCIONAL SOGAMOSO,C
26,M,2,ADMINISTRACION DE EMPRESAS,SECCIONAL SOGAMOSO,C
23,M,2,ADMINISTRACION DE EMPRESAS,SECCIONAL SOGAMOSO,C
21,M,2,ADMINISTRACION DE EMPRESAS,SECCIONAL SOGAMOSO,C
23,M,2,ADMINISTRACION DE EMPRESAS,SECCIONAL SOGAMOSO,C
20,F,1,ADMINISTRACION DE EMPRESAS,SECCIONAL SOGAMOSO,C
25,M,2,ADMINISTRACION DE EMPRESAS,SECCIONAL SOGAMOSO,C
28,M,2,INGENIERIA ELECTRONICA,SECCIONAL SOGAMOSO,E
24,M,1,INGENIERIA ELECTRONICA,SECCIONAL SOGAMOSO,C
22,M,3,INGENIERIA ELECTRONICA,SECCIONAL SOGAMOSO,C
28,M,1,INGENIERIA ELECTRONICA,SECCIONAL SOGAMOSO,E
24,M,2,INGENIERIA ELECTRONICA,SECCIONAL SOGAMOSO,D
24,M,2,FINANZAS Y COMERCIO INTERNACIONAL,SECCIONAL SOGAMOSO,E
22,M,2,FINANZAS Y COMERCIO INTERNACIONAL,SECCIONAL SOGAMOSO,D
22,M,3,FINANZAS Y COMERCIO INTERNACIONAL,SECCIONAL SOGAMOSO,C
30,M,,ESPECIALIZACION EN INGENIERIA DE PRODUCCION Y OPERACIONES,SECCIONAL SOGAMOSO,A
26,M,,ESPECIALIZACION EN TELECOMUNICACIONES,SECCIONAL SOGAMOSO,A
34,M,,ESPECIALIZACION EN SEGURIDAD Y SALUD EN EL TRABAJO,SECCIONAL SOGAMOSO,B
35,M,,ESPECIALIZACION EN GEOTECNIA VIAL,SECCIONAL SOGAMOSO,B
22,M,3,FISICA,CIENCIAS,B
21,F,2,FISICA,CIENCIAS,C
20,F,,FISICA,CIENCIAS,E
20,F,2,FISICA,CIENCIAS,B
24,M,2,FISICA,CIENCIAS,C
24,M,3,FISICA,CIENCIAS,E
25,M,3,BIOLOGIA,CIENCIAS,D
26,M,2,BIOLOGIA,CIENCIAS,D
22,M,1,BIOLOGIA,CIENCIAS,D
27,M,2,BIOLOGIA,CIENCIAS,B
24,M,2,BIOLOGIA,CIENCIAS,C
22,M,3,MATEMATICAS,CIENCIAS,C
21,M,2,MATEMATICAS,CIENCIAS,C
25,M,2,MATEMATICAS,CIENCIAS,B
19,F,2,MATEMATICAS,CIENCIAS,C
20,M,2,QUIMICA,CIENCIAS,E
23,M,1,QUIMICA,CIENCIAS,C
23,M,3,QUIMICA,CIENCIAS,D
26,M,2,QUIMICA,CIENCIAS,E
23,M,2,QUIMICA,CIENCIAS,C
21,F,1,QUIMICA,CIENCIAS,C
21,M,2,QUIMICA,CIENCIAS,C
27,M,2,INGENIERIA AGRONOMICA,CIENCIAS AGROPECUARIAS,B
25,M,2,INGENIERIA AGRONOMICA,CIENCIAS AGROPECUARIAS,B
26,M,1,INGENIERIA AGRONOMICA,CIENCIAS AGROPECUARIAS,B
26,M,1,MEDICINA VETERINARIA Y ZOOTECNIA,CIENCIAS AGROPECUARIAS,E
27,F,2,MEDICINA VETERINARIA Y ZOOTECNIA,CIENCIAS AGROPECUARIAS,E
31,M,3,MEDICINA VETERINARIA Y ZOOTECNIA,CIENCIAS AGROPECUARIAS,D
28,M,2,LICENCIATURA EN LENGUAS EXTRANJERAS,CIENCIAS DE LA EDUCACION,D
25,F,2,LICENCIATURA EN MATEMATICAS,CIENCIAS DE LA EDUCACION,E
20,F,1,LICENCIATURA EN MATEMATICAS,CIENCIAS DE LA EDUCACION,C
27,M,3,LICENCIATURA  EN CIENCIAS NATURALES Y EDUCACION AMBIENTAL,CIENCIAS DE LA EDUCACION,E
23,F,2,LICENCIATURA  EN CIENCIAS NATURALES Y EDUCACION AMBIENTAL,CIENCIAS DE LA EDUCACION,C
21,M,2,LICENCIATURA  EN CIENCIAS NATURALES Y EDUCACION AMBIENTAL,CIENCIAS DE LA EDUCACION,C
28,F,2,LICENCIATURA  EN CIENCIAS NATURALES Y EDUCACION AMBIENTAL,CIENCIAS DE LA EDUCACION,E
26,F,2,LICENCIATURA  EN CIENCIAS NATURALES Y EDUCACION AMBIENTAL,CIENCIAS DE LA EDUCACION,C
25,M,1,LICENCIATURA  EN CIENCIAS NATURALES Y EDUCACION AMBIENTAL,CIENCIAS DE LA EDUCACION,B
32,M,3,LICENCIATURA EN MATEMATICAS,CIENCIAS DE LA EDUCACION,D
22,M,2,LICENCIATURA EN EDUCACION FISICA RECREACION Y DEPORTE,CIENCIAS DE LA EDUCACION,B
27,M,1,LICENCIATURA EN EDUCACION FISICA RECREACION Y DEPORTE,CIENCIAS DE LA EDUCACION,E
26,M,2,LICENCIATURA EN EDUCACION FISICA RECREACION Y DEPORTE,CIENCIAS DE LA EDUCACION,C
27,M,1,LICENCIATURA EN EDUCACION FISICA RECREACION Y DEPORTE,CIENCIAS DE LA EDUCACION,D
26,M,2,LICENCIATURA EN EDUCACION FISICA RECREACION Y DEPORTE,CIENCIAS DE LA EDUCACION,E
21,F,1,LIC. EN PSICOPEDAGOGIA ENFASIS ASESORIA EDUCATIVA,CIENCIAS DE LA EDUCACION,D
23,M,2,LIC. EN PSICOPEDAGOGIA ENFASIS ASESORIA EDUCATIVA,CIENCIAS DE LA EDUCACION,E
30,F,,LIC. EN PSICOPEDAGOGIA ENFASIS ASESORIA EDUCATIVA,CIENCIAS DE LA EDUCACION,D
21,M,2,LICENCIATURA EN MUSICA,CIENCIAS DE LA EDUCACION,B
31,M,,LICENCIATURA EN ARTES PLASTICAS,CIENCIAS DE LA EDUCACION,E
21,M,2,LICENCIATURA EN FILOSOFIA,CIENCIAS DE LA EDUCACION,B
24,M,3,LICENCIATURA EN LENGUAS EXTRANJERAS CON ENFASIS EN INGLES Y EN FRANCES,CIENCIAS DE LA EDUCACION,D
25,M,3,LICENCIATURA EN LENGUAS EXTRANJERAS CON ENFASIS EN INGLES Y EN FRANCES,CIENCIAS DE LA EDUCACION,D
25,M,2,LICENCIATURA EN LENGUAS EXTRANJERAS CON ENFASIS EN INGLES Y EN FRANCES,CIENCIAS DE LA EDUCACION,B
21,F,2,LICENCIATURA EN EDUCACIN INFANTIL,CIENCIAS DE LA EDUCACION,B
28,F,2,LICENCIATURA EN EDUCACIN INFANTIL,CIENCIAS DE LA EDUCACION,C
23,F,2,LICENCIATURA EN EDUCACIN INFANTIL,CIENCIAS DE LA EDUCACION,B
20,F,2,"LICENCIATURA EN LENGUAS MODERNAS, CON ENFASIS EN INGLES",CIENCIAS DE LA EDUCACION,B
22,F,2,"LICENCIATURA EN LENGUAS MODERNAS, CON ENFASIS EN INGLES",CIENCIAS DE LA EDUCACION,C
30,M,2,LICENCIATURA EN LITERATURA Y LENGUA CASTELLANA,CIENCIAS DE LA EDUCACION,B
24,M,2,LICENCIATURA EN LITERATURA Y LENGUA CASTELLANA,CIENCIAS DE LA EDUCACION,D
23,M,2,LICENCIATURA EN INFORMTICA,CIENCIAS DE LA EDUCACION,B
20,M,2,LICENCIATURA EN INFORMTICA,CIENCIAS DE LA EDUCACION,B
23,M,2,ARTES PLSTICAS Y VISUALES,CIENCIAS DE LA EDUCACION,B
25,M,3,ARTES PLSTICAS Y VISUALES,CIENCIAS DE LA EDUCACION,D
21,F,2,ARTES PLSTICAS Y VISUALES,CIENCIAS DE LA EDUCACION,C
20,M,2,ARTES PLSTICAS Y VISUALES,CIENCIAS DE LA EDUCACION,C
38,F,,"ESPECIALIZACION EN NECESIDADES  DE APRENDIZAJE EN LECTURA, ESCRITURA Y MATEMATICAS",CIENCIAS DE LA EDUCACION,A
34,M,,MAESTRA EN PEDAGOGA DE LA CULTURA FSICA,CIENCIAS DE LA EDUCACION,B
34,F,,MAESTRIA EN LITERATURA,CIENCIAS DE LA EDUCACION,A
26,F,,MAESTRIA EN LITERATURA,CIENCIAS DE LA EDUCACION,A
26,M,1,LICENCIATURA EN EDUCACION BASICA PRIMARIA,CIENCIAS DE LA EDUCACION,D
27,F,1,LICENCIATURA EN EDUCACION BASICA PRIMARIA,CIENCIAS DE LA EDUCACION,D
19,F,1,LICENCIATURA EN EDUCACION BASICA PRIMARIA,CIENCIAS DE LA EDUCACION,C
22,F,2,LICENCIATURA EN EDUCACION BASICA PRIMARIA,CIENCIAS DE LA EDUCACION,E
28,F,1,LICENCIATURA EN EDUCACION BASICA PRIMARIA,CIENCIAS DE LA EDUCACION,D
27,F,2,LICENCIATURA EN EDUCACION BASICA PRIMARIA,CIENCIAS DE LA EDUCACION,B
21,F,1,LICENCIATURA EN EDUCACION BASICA PRIMARIA,CIENCIAS DE LA EDUCACION,C
26,F,1,LICENCIATURA EN EDUCACION BASICA PRIMARIA,CIENCIAS DE LA EDUCACION,E
28,M,2,LICENCIATURA EN EDUCACION BASICA PRIMARIA,CIENCIAS DE LA EDUCACION,B
31,M,2,LICENCIATURA EN EDUCACION BASICA PRIMARIA,CIENCIAS DE LA EDUCACION,E
27,F,2,LICENCIATURA EN EDUCACION BASICA PRIMARIA,CIENCIAS DE LA EDUCACION,D
27,F,2,LICENCIATURA EN EDUCACION BASICA PRIMARIA,CIENCIAS DE LA EDUCACION,E
24,F,2,LICENCIATURA EN EDUCACION BASICA PRIMARIA,CIENCIAS DE LA EDUCACION,E
22,F,2,LICENCIATURA EN EDUCACION BASICA PRIMARIA,CIENCIAS DE LA EDUCACION,D
23,F,2,LICENCIATURA EN EDUCACION BASICA PRIMARIA,CIENCIAS DE LA EDUCACION,D
25,M,3,PSICOLOGIA,CIENCIAS DE LA SALUD,E
25,F,2,PSICOLOGIA,CIENCIAS DE LA SALUD,B
32,M,2,MEDICINA,CIENCIAS DE LA SALUD,D
31,F,,ESPECIALIZACION EN MEDICINA FAMILIAR,CIENCIAS DE LA SALUD,A
21,M,2,ECONOMIA,CIENCIAS ECONOMICAS Y ADMINISTRATIVAS,B
20,F,2,ECONOMIA,CIENCIAS ECONOMICAS Y ADMINISTRATIVAS,E
23,M,2,ECONOMIA,CIENCIAS ECONOMICAS Y ADMINISTRATIVAS,B
20,M,1,ECONOMIA,CIENCIAS ECONOMICAS Y ADMINISTRATIVAS,B
26,M,3,ECONOMIA,CIENCIAS ECONOMICAS Y ADMINISTRATIVAS,B
25,M,2,ECONOMIA,CIENCIAS ECONOMICAS Y ADMINISTRATIVAS,E
23,M,1,ECONOMIA,CIENCIAS ECONOMICAS Y ADMINISTRATIVAS,D
23,F,2,ECONOMIA,CIENCIAS ECONOMICAS Y ADMINISTRATIVAS,E
25,F,3,ADMINISTRACION DE EMPRESAS,CIENCIAS ECONOMICAS Y ADMINISTRATIVAS,E
24,F,3,ADMINISTRACION DE EMPRESAS,CIENCIAS ECONOMICAS Y ADMINISTRATIVAS,E
24,M,2,ADMINISTRACION DE EMPRESAS,CIENCIAS ECONOMICAS Y ADMINISTRATIVAS,B
29,M,2,ADMINISTRACION DE EMPRESAS,CIENCIAS ECONOMICAS Y ADMINISTRATIVAS,E
35,M,2,ADMINISTRACION DE EMPRESAS,CIENCIAS ECONOMICAS Y ADMINISTRATIVAS,D
24,F,1,ADMINISTRACION DE EMPRESAS,CIENCIAS ECONOMICAS Y ADMINISTRATIVAS,C
27,M,1,ADMINISTRACION DE EMPRESAS,CIENCIAS ECONOMICAS Y ADMINISTRATIVAS,E
26,F,2,CONTADURIA PUBLICA,CIENCIAS ECONOMICAS Y ADMINISTRATIVAS,C
25,F,2,CONTADURIA PUBLICA,CIENCIAS ECONOMICAS Y ADMINISTRATIVAS,E
27,M,2,CONTADURIA PUBLICA,CIENCIAS ECONOMICAS Y ADMINISTRATIVAS,E
26,F,,MAESTRIA EN ECONOMIA,CIENCIAS ECONOMICAS Y ADMINISTRATIVAS,A
37,M,,MAESTRIA EN ECONOMIA,CIENCIAS ECONOMICAS Y ADMINISTRATIVAS,A
32,M,,MAESTRIA EN ECONOMIA,CIENCIAS ECONOMICAS Y ADMINISTRATIVAS,A
41,F,,MAESTRIA EN ECONOMIA,CIENCIAS ECONOMICAS Y ADMINISTRATIVAS,A
33,M,,MAESTRA EN FINANZAS,CIENCIAS ECONOMICAS Y ADMINISTRATIVAS,A
21,M,2,DERECHO,DERECHO Y CIENCIAS  SOCIALES,B
21,F,3,DERECHO,DERECHO Y CIENCIAS  SOCIALES,D
27,F,2,DERECHO,DERECHO Y CIENCIAS  SOCIALES,D
24,M,2,DERECHO,DERECHO Y CIENCIAS  SOCIALES,C
24,F,2,DERECHO,DERECHO Y CIENCIAS  SOCIALES,D
28,F,,ESPECIALIZACION EN ALTA GERENCIA DE EMPRESAS,ESTUDIOS A DISTANCIA,A
41,F,,ESPECIALIZACION EN ALTA GERENCIA DE EMPRESAS,ESTUDIOS A DISTANCIA,A
36,F,,ESPECIALIZACION EN DIDACTICA DE LA MATEMATICA PARA LA EDUCACION BASICA,ESTUDIOS A DISTANCIA,A
33,M,,MAESTRIA EN DIDACTICA DE LA MATEMATICA,ESTUDIOS A DISTANCIA,B
37,F,,MAESTRIA EN DIDACTICA DE LA MATEMATICA,ESTUDIOS A DISTANCIA,B
38,M,,MAESTRIA EN DIDACTICA DE LA MATEMATICA,ESTUDIOS A DISTANCIA,A
39,M,,MAESTRIA EN DIDACTICA DE LA MATEMATICA,ESTUDIOS A DISTANCIA,B
24,M,2,TECNOLOGIA EN OBRAS CIVILES,ESTUDIOS A DISTANCIA,E
21,M,2,TECNOLOGIA EN OBRAS CIVILES,ESTUDIOS A DISTANCIA,E
26,M,2,TECNOLOGIA EN OBRAS CIVILES,ESTUDIOS A DISTANCIA,C
29,M,2,TECNOLOGIA EN OBRAS CIVILES,ESTUDIOS A DISTANCIA,C
21,M,3,TECNOLOGIA EN OBRAS CIVILES,ESTUDIOS A DISTANCIA,E
29,M,1,TECNOLOGIA EN OBRAS CIVILES,ESTUDIOS A DISTANCIA,E
24,M,2,TECNOLOGIA EN OBRAS CIVILES,ESTUDIOS A DISTANCIA,D
26,M,2,TECNOLOGIA EN OBRAS CIVILES,ESTUDIOS A DISTANCIA,B
30,F,1,TECNOLOGIA EN OBRAS CIVILES,ESTUDIOS A DISTANCIA,E
23,M,2,TECNOLOGIA EN OBRAS CIVILES,ESTUDIOS A DISTANCIA,E
33,M,1,TECNOLOGIA EN OBRAS CIVILES,ESTUDIOS A DISTANCIA,C
30,M,2,TECNOLOGIA EN OBRAS CIVILES,ESTUDIOS A DISTANCIA,C
26,M,2,TECNOLOGIA EN OBRAS CIVILES,ESTUDIOS A DISTANCIA,C
30,M,2,TECNOLOGIA EN OBRAS CIVILES,ESTUDIOS A DISTANCIA,B
19,M,1,TECNOLOGIA EN OBRAS CIVILES,ESTUDIOS A DISTANCIA,B
21,M,1,TECNOLOGIA EN OBRAS CIVILES,ESTUDIOS A DISTANCIA,E
23,F,2,TECNOLOGIA EN OBRAS CIVILES,ESTUDIOS A DISTANCIA,C
31,M,3,TECNOLOGIA EN OBRAS CIVILES,ESTUDIOS A DISTANCIA,C
22,F,1,TECNOLOGIA EN OBRAS CIVILES,ESTUDIOS A DISTANCIA,D
27,M,2,TECNOLOGIA EN OBRAS CIVILES,ESTUDIOS A DISTANCIA,D
31,M,2,TECNOLOGIA EN OBRAS CIVILES,ESTUDIOS A DISTANCIA,C
20,M,2,TECNOLOGIA EN REGENCIA DE FARMACIA,ESTUDIOS A DISTANCIA,D
22,F,1,TECNOLOGIA EN REGENCIA DE FARMACIA,ESTUDIOS A DISTANCIA,E
23,M,2,TECNOLOGIA EN REGENCIA DE FARMACIA,ESTUDIOS A DISTANCIA,E
29,F,1,TECNOLOGIA EN REGENCIA DE FARMACIA,ESTUDIOS A DISTANCIA,E
23,F,2,TECNOLOGIA EN REGENCIA DE FARMACIA,ESTUDIOS A DISTANCIA,C
24,F,3,TECNOLOGIA EN REGENCIA DE FARMACIA,ESTUDIOS A DISTANCIA,E
30,F,2,TECNOLOGIA EN REGENCIA DE FARMACIA,ESTUDIOS A DISTANCIA,D
35,M,1,TECNOLOGIA EN ELECTRICIDAD,ESTUDIOS A DISTANCIA,D
28,F,2,TECNICA PROFESIONAL EN PROCESOS AGROINDUSTRIALES,ESTUDIOS A DISTANCIA,C
26,F,2,TECNICA PROFESIONAL EN PROCESOS AGROINDUSTRIALES,ESTUDIOS A DISTANCIA,C
36,M,2,TECNICA PROFESIONAL EN PROCESOS AGROINDUSTRIALES,ESTUDIOS A DISTANCIA,C
23,F,2,TECNICA PROFESIONAL EN PROCESOS ADMINISTRATIVOS DE SALUD,ESTUDIOS A DISTANCIA,C
21,M,1,TECNICA PROFESIONAL EN PROCESOS ADMINISTRATIVOS DE SALUD,ESTUDIOS A DISTANCIA,C
23,M,1,TECNOLOGIA DE  PROGRAMACION DE SISTEMAS INFORMATICOS,ESTUDIOS A DISTANCIA,E
22,F,2,TECNOLOGIA DE  PROGRAMACION DE SISTEMAS INFORMATICOS,ESTUDIOS A DISTANCIA,B
29,M,1,TECNOLOGIA DE  PROGRAMACION DE SISTEMAS INFORMATICOS,ESTUDIOS A DISTANCIA,C
21,M,3,TECNOLOGIA DE  PROGRAMACION DE SISTEMAS INFORMATICOS,ESTUDIOS A DISTANCIA,B
37,M,2,TECNOLOGIA EN TELEMATICA,ESTUDIOS A DISTANCIA,D
23,M,2,TECNICA PROFESIONAL EN PROCESOS ADMINISTRATIVOS DE SALUD,ESTUDIOS A DISTANCIA,B
22,F,2,TECNICA PROFESIONAL EN PROCESOS ADMINISTRATIVOS DE SALUD,ESTUDIOS A DISTANCIA,C
29,F,2,TECNICA PROFESIONAL EN PROCESOS ADMINISTRATIVOS DE SALUD,ESTUDIOS A DISTANCIA,E
22,F,2,TECNICA PROFESIONAL EN PROCESOS ADMINISTRATIVOS DE SALUD,ESTUDIOS A DISTANCIA,C
23,F,2,TECNICA PROFESIONAL EN PROCESOS ADMINISTRATIVOS DE SALUD,ESTUDIOS A DISTANCIA,C
31,M,2,TECNICA PROFESIONAL EN PROCESOS ADMINISTRATIVOS DE SALUD,ESTUDIOS A DISTANCIA,D
23,F,1,TECNICA PROFESIONAL EN PROCESOS ADMINISTRATIVOS DE SALUD,ESTUDIOS A DISTANCIA,B
28,F,2,TECNICA PROFESIONAL EN PROCESOS ADMINISTRATIVOS DE SALUD,ESTUDIOS A DISTANCIA,C
22,F,1,TECNICA PROFESIONAL EN PROCESOS ADMINISTRATIVOS DE SALUD,ESTUDIOS A DISTANCIA,B
24,M,2,TECNICA PROFESIONAL EN PROCESOS ADMINISTRATIVOS DE SALUD,ESTUDIOS A DISTANCIA,C
22,M,1,TECNICA PROFESIONAL EN PROCESOS ADMINISTRATIVOS DE SALUD,ESTUDIOS A DISTANCIA,C
29,M,1,TECNOLOGIA EN GESTION ADMINISTRATIVA DE SERVICIOS DE SALUD,ESTUDIOS A DISTANCIA,E
27,F,3,TECNOLOGIA EN GESTION ADMINISTRATIVA DE SERVICIOS DE SALUD,ESTUDIOS A DISTANCIA,B
38,F,3,TECNOLOGIA EN GESTION ADMINISTRATIVA DE SERVICIOS DE SALUD,ESTUDIOS A DISTANCIA,E
36,F,3,TECNOLOGIA EN GESTION ADMINISTRATIVA DE SERVICIOS DE SALUD,ESTUDIOS A DISTANCIA,E
28,F,1,ADMINISTRACION DE SERVICIOS DE SALUD,ESTUDIOS A DISTANCIA,D
30,F,2,ADMINISTRACION DE SERVICIOS DE SALUD,ESTUDIOS A DISTANCIA,D
26,F,2,TECNICA PROFESIONAL  EN PROCESOS COMERCIALES Y FINANCIEROS,ESTUDIOS A DISTANCIA,E
38,M,3,TECNICA PROFESIONAL  EN PROCESOS COMERCIALES Y FINANCIEROS,ESTUDIOS A DISTANCIA,E
26,M,1,TECNICA PROFESIONAL  EN PROCESOS COMERCIALES Y FINANCIEROS,ESTUDIOS A DISTANCIA,B
31,F,2,TECNICA PROFESIONAL  EN PROCESOS COMERCIALES Y FINANCIEROS,ESTUDIOS A DISTANCIA,E
37,F,2,TECNICA PROFESIONAL  EN PROCESOS COMERCIALES Y FINANCIEROS,ESTUDIOS A DISTANCIA,E
21,F,2,TECNICA PROFESIONAL  EN PROCESOS COMERCIALES Y FINANCIEROS,ESTUDIOS A DISTANCIA,E
24,F,2,TECNICA PROFESIONAL  EN PROCESOS COMERCIALES Y FINANCIEROS,ESTUDIOS A DISTANCIA,B
25,F,1,TECNICA PROFESIONAL  EN PROCESOS COMERCIALES Y FINANCIEROS,ESTUDIOS A DISTANCIA,C
21,F,1,TECNICA PROFESIONAL  EN PROCESOS COMERCIALES Y FINANCIEROS,ESTUDIOS A DISTANCIA,B
21,M,2,TECNICA PROFESIONAL  EN PROCESOS COMERCIALES Y FINANCIEROS,ESTUDIOS A DISTANCIA,C
24,F,3,TECNICA PROFESIONAL  EN PROCESOS COMERCIALES Y FINANCIEROS,ESTUDIOS A DISTANCIA,B
22,F,1,TECNICA PROFESIONAL  EN PROCESOS COMERCIALES Y FINANCIEROS,ESTUDIOS A DISTANCIA,B
26,M,1,TECNICA PROFESIONAL  EN PROCESOS COMERCIALES Y FINANCIEROS,ESTUDIOS A DISTANCIA,C
22,F,2,TECNOLOGIA EN GESTION COMERCIAL Y FINANCIERA,ESTUDIOS A DISTANCIA,E
29,F,2,TECNOLOGIA EN GESTION COMERCIAL Y FINANCIERA,ESTUDIOS A DISTANCIA,D
30,F,2,ADMINISTRACION COMERCIAL Y FINANCIERA,ESTUDIOS A DISTANCIA,D
20,F,2,TECNICA PROFESIONAL EN PROCESOS ADMINISTRATIVOS DE SALUD,ESTUDIOS A DISTANCIA,B
31,F,2,TECNICA PROFESIONAL EN PROCESOS ADMINISTRATIVOS DE SALUD,ESTUDIOS A DISTANCIA,E
30,F,2,TECNICA PROFESIONAL EN PROCESOS ADMINISTRATIVOS DE SALUD,ESTUDIOS A DISTANCIA,C
26,F,2,TECNICA PROFESIONAL EN PROCESOS ADMINISTRATIVOS DE SALUD,ESTUDIOS A DISTANCIA,D
23,F,2,TECNICA PROFESIONAL EN PROCESOS ADMINISTRATIVOS DE SALUD,ESTUDIOS A DISTANCIA,B
20,F,1,TECNICA PROFESIONAL EN PROCESOS ADMINISTRATIVOS DE SALUD,ESTUDIOS A DISTANCIA,C
33,F,1,TECNICA PROFESIONAL EN PROCESOS ADMINISTRATIVOS DE SALUD,ESTUDIOS A DISTANCIA,E
27,F,2,TECNICA PROFESIONAL EN PROCESOS ADMINISTRATIVOS DE SALUD,ESTUDIOS A DISTANCIA,D
21,F,1,TECNICA PROFESIONAL EN PROCESOS ADMINISTRATIVOS DE SALUD,ESTUDIOS A DISTANCIA,B
23,F,1,TECNICA PROFESIONAL EN PROCESOS ADMINISTRATIVOS DE SALUD,ESTUDIOS A DISTANCIA,C
23,F,2,TECNICA PROFESIONAL EN PROCESOS ADMINISTRATIVOS DE SALUD,ESTUDIOS A DISTANCIA,C
31,F,2,TECNICA PROFESIONAL EN PROCESOS ADMINISTRATIVOS DE SALUD,ESTUDIOS A DISTANCIA,E
21,F,1,TECNICA PROFESIONAL  EN PROCESOS COMERCIALES Y FINANCIEROS,ESTUDIOS A DISTANCIA,C
42,M,2,TECNICA PROFESIONAL  EN PROCESOS COMERCIALES Y FINANCIEROS,ESTUDIOS A DISTANCIA,D
31,M,2,TECNICA PROFESIONAL  EN PROCESOS COMERCIALES Y FINANCIEROS,ESTUDIOS A DISTANCIA,B
23,M,2,TECNICA PROFESIONAL  EN PROCESOS COMERCIALES Y FINANCIEROS,ESTUDIOS A DISTANCIA,B
29,F,2,TECNICA PROFESIONAL  EN PROCESOS COMERCIALES Y FINANCIEROS,ESTUDIOS A DISTANCIA,B
23,F,1,TECNICA PROFESIONAL  EN PROCESOS COMERCIALES Y FINANCIEROS,ESTUDIOS A DISTANCIA,B
29,F,2,TECNICA PROFESIONAL  EN PROCESOS COMERCIALES Y FINANCIEROS,ESTUDIOS A DISTANCIA,C
40,F,2,TECNICA PROFESIONAL  EN PROCESOS COMERCIALES Y FINANCIEROS,ESTUDIOS A DISTANCIA,B
29,F,2,TECNICA PROFESIONAL  EN PROCESOS COMERCIALES Y FINANCIEROS,ESTUDIOS A DISTANCIA,E
23,F,2,TECNICA PROFESIONAL  EN PROCESOS COMERCIALES Y FINANCIEROS,ESTUDIOS A DISTANCIA,C
27,F,2,TECNICA PROFESIONAL  EN PROCESOS COMERCIALES Y FINANCIEROS,ESTUDIOS A DISTANCIA,D
29,M,3,TECNICA PROFESIONAL  EN PROCESOS COMERCIALES Y FINANCIEROS,ESTUDIOS A DISTANCIA,C
21,F,2,TECNICA PROFESIONAL  EN PROCESOS COMERCIALES Y FINANCIEROS,ESTUDIOS A DISTANCIA,B
28,F,3,TECNICA PROFESIONAL  EN PROCESOS COMERCIALES Y FINANCIEROS,ESTUDIOS A DISTANCIA,E
22,F,1,TECNICA PROFESIONAL  EN PROCESOS COMERCIALES Y FINANCIEROS,ESTUDIOS A DISTANCIA,D
23,M,1,TECNICA PROFESIONAL  EN PROCESOS COMERCIALES Y FINANCIEROS,ESTUDIOS A DISTANCIA,C
20,F,1,TECNICA PROFESIONAL  EN PROCESOS COMERCIALES Y FINANCIEROS,ESTUDIOS A DISTANCIA,B
34,F,2,TECNICA PROFESIONAL  EN PROCESOS COMERCIALES Y FINANCIEROS,ESTUDIOS A DISTANCIA,B
32,F,2,TECNICA PROFESIONAL  EN PROCESOS COMERCIALES Y FINANCIEROS,ESTUDIOS A DISTANCIA,B
20,F,2,TECNICA PROFESIONAL  EN PROCESOS COMERCIALES Y FINANCIEROS,ESTUDIOS A DISTANCIA,B
24,F,1,TECNOLOGIA EN GESTION COMERCIAL Y FINANCIERA,ESTUDIOS A DISTANCIA,D
26,F,2,TECNOLOGIA EN GESTION COMERCIAL Y FINANCIERA,ESTUDIOS A DISTANCIA,C
33,F,2,ADMINISTRACION COMERCIAL Y FINANCIERA,ESTUDIOS A DISTANCIA,E
37,F,2,ADMINISTRACION COMERCIAL Y FINANCIERA,ESTUDIOS A DISTANCIA,C
34,F,2,ADMINISTRACION COMERCIAL Y FINANCIERA,ESTUDIOS A DISTANCIA,D
22,F,1,TECNICA PROFESIONAL  EN PROCESOS COMERCIALES Y FINANCIEROS,ESTUDIOS A DISTANCIA,C
40,F,2,TECNOLOGIA EN GESTION ADMINISTRATIVA DE SERVICIOS DE SALUD,ESTUDIOS A DISTANCIA,D
24,M,2,TECNOLOGIA EN ELECTRICIDAD INDUSTRIAL,ESTUDIOS A DISTANCIA,E
26,M,2,TECNOLOGIA EN ELECTRICIDAD INDUSTRIAL,ESTUDIOS A DISTANCIA,D
29,M,2,TECNOLOGIA EN ELECTRICIDAD INDUSTRIAL,ESTUDIOS A DISTANCIA,E
31,M,2,TECNOLOGIA EN ELECTRICIDAD INDUSTRIAL,ESTUDIOS A DISTANCIA,B
21,M,2,INGENIERIA CIVIL,INGENIERIA,B
25,M,2,INGENIERIA CIVIL,INGENIERIA,B
22,M,2,INGENIERIA CIVIL,INGENIERIA,C
22,M,2,INGENIERIA CIVIL,INGENIERIA,D
28,M,2,INGENIERIA CIVIL,INGENIERIA,E
27,M,2,INGENIERIA CIVIL,INGENIERIA,E
20,M,2,INGENIERIA METALURGICA,INGENIERIA,E
20,M,1,INGENIERIA METALURGICA,INGENIERIA,C
21,M,3,INGENIERIA METALURGICA,INGENIERIA,C
25,M,2,INGENIERIA DE TRANSPORTE Y VIAS,INGENIERIA,C
22,F,2,INGENIERIA DE TRANSPORTE Y VIAS,INGENIERIA,D
24,M,1,INGENIERIA DE TRANSPORTE Y VIAS,INGENIERIA,B
24,M,2,INGENIERIA DE TRANSPORTE Y VIAS,INGENIERIA,C
24,M,2,INGENIERIA DE TRANSPORTE Y VIAS,INGENIERIA,D
22,F,3,INGENIERIA DE TRANSPORTE Y VIAS,INGENIERIA,C
25,M,2,INGENIERIA DE SISTEMAS Y COMPUTACION,INGENIERIA,C
31,M,2,INGENIERIA DE SISTEMAS Y COMPUTACION,INGENIERIA,E
20,M,4,INGENIERIA DE SISTEMAS Y COMPUTACION,INGENIERIA,C
24,M,2,INGENIERIA DE SISTEMAS Y COMPUTACION,INGENIERIA,E
21,F,1,INGENIERIA DE SISTEMAS Y COMPUTACION,INGENIERIA,C
22,M,2,INGENIERIA AMBIENTAL,INGENIERIA,B
19,M,1,INGENIERIA AMBIENTAL,INGENIERIA,C
19,M,2,INGENIERIA AMBIENTAL,INGENIERIA,B
20,F,2,ARQUITECTURA,INGENIERIA,C
20,F,3,ARQUITECTURA,INGENIERIA,C
22,M,,ARQUITECTURA,INGENIERIA,D
48,M,,ESPECIALIZACION EN ESTRUCTURAS,INGENIERIA,A
28,M,,ESPECIALIZACION EN ESTRUCTURAS,INGENIERIA,A
27,M,,ESPECIALIZACION EN ESTRUCTURAS,INGENIERIA,A
30,M,,ESPECIALIZACION EN ESTRUCTURAS,INGENIERIA,A
27,F,,ESPECIALIZACION EN ESTRUCTURAS,INGENIERIA,A
25,M,,ESPECIALIZACION EN ESTRUCTURAS,INGENIERIA,A
27,F,,ESPECIALIZACION EN ESTRUCTURAS,INGENIERIA,A
29,M,,ESPECIALIZACION EN GESTION DE INTEGRIDAD Y CORROSIN,INGENIERIA,A
37,F,,ESPECIALIZACION EN GESTION DE INTEGRIDAD Y CORROSIN,INGENIERIA,B
27,M,,MAESTRIA EN GEOTECNIA,INGENIERIA,A
35,M,,DOCTORADO EN INGENIERIA Y CIENCIA DE LOS MATERIALES,INGENIERIA,B
34,M,1,LICENCIATURA EN TECNOLOGIA,SECCIONAL DUITAMA,E
22,M,2,LICENCIATURA EN TECNOLOGIA,SECCIONAL DUITAMA,E
27,F,2,LICENCIATURA EN TECNOLOGIA,SECCIONAL DUITAMA,E
22,M,2,LICENCIATURA EN TECNOLOGIA,SECCIONAL DUITAMA,B
19,F,2,LICENCIATURA EN TECNOLOGIA,SECCIONAL DUITAMA,C
29,M,1,INGENIERIA ELECTROMECANICA,SECCIONAL DUITAMA,D
22,M,2,INGENIERIA ELECTROMECANICA,SECCIONAL DUITAMA,E
35,M,1,INGENIERIA ELECTROMECANICA,SECCIONAL DUITAMA,E
34,M,3,INGENIERIA ELECTROMECANICA,SECCIONAL DUITAMA,D
25,M,2,INGENIERIA ELECTROMECANICA,SECCIONAL DUITAMA,B
29,F,1,INGENIERIA ELECTROMECANICA,SECCIONAL DUITAMA,E
23,M,2,INGENIERIA ELECTROMECANICA,SECCIONAL DUITAMA,D
23,F,2,INGENIERIA ELECTROMECANICA,SECCIONAL DUITAMA,E
20,M,2,INGENIERIA ELECTROMECANICA,SECCIONAL DUITAMA,C
23,M,2,ADMINISTRACION TURISTICA Y HOTELERA,SECCIONAL DUITAMA,E
28,F,1,ADMINISTRACION TURISTICA Y HOTELERA,SECCIONAL DUITAMA,E
25,M,2,ADMINISTRACION INDUSTRIAL,SECCIONAL DUITAMA,C
22,M,2,ADMINISTRACION INDUSTRIAL,SECCIONAL DUITAMA,D
27,M,2,ADMINISTRACION INDUSTRIAL,SECCIONAL DUITAMA,E
26,M,2,ADMINISTRACION INDUSTRIAL,SECCIONAL DUITAMA,B
26,M,2,ADMINISTRACION INDUSTRIAL,SECCIONAL DUITAMA,D
25,M,2,DISEO INDUSTRIAL,SECCIONAL DUITAMA,E
20,M,1,DISEO INDUSTRIAL,SECCIONAL DUITAMA,C
20,M,2,DISEO INDUSTRIAL,SECCIONAL DUITAMA,C
26,F,2,DISEO INDUSTRIAL,SECCIONAL DUITAMA,C
22,M,2,DISEO INDUSTRIAL,SECCIONAL DUITAMA,C
23,F,2,LICENCIATURA EN MATEMATICAS,SECCIONAL DUITAMA,B
26,M,3,LICENCIATURA EN MATEMATICAS,SECCIONAL DUITAMA,C
21,M,1,LICENCIATURA EN MATEMATICAS,SECCIONAL DUITAMA,E
20,M,1,LICENCIATURA EN MATEMATICAS,SECCIONAL DUITAMA,D
30,M,,ESPECIALIZACION EN GESTION ESTRATEGICA DE PROYECTOS,SECCIONAL DUITAMA,A
26,M,,MAESTRIA EN ENERGIAS RENOVABLES,SECCIONAL DUITAMA,A
30,M,3,INGENIERIA ELECTRONICA,SECCIONAL SOGAMOSO,C
30,M,,ESPECIALIZACION EN INGENIERIA DE PRODUCCION Y OPERACIONES,SECCIONAL SOGAMOSO,B
20,M,2,FISICA,CIENCIAS,C
22,M,1,FISICA,CIENCIAS,B
23,F,2,FISICA,CIENCIAS,B
21,M,2,FISICA,CIENCIAS,D
19,M,3,FISICA,CIENCIAS,C
22,F,2,BIOLOGIA,CIENCIAS,C
23,M,3,BIOLOGIA,CIENCIAS,C
19,M,2,BIOLOGIA,CIENCIAS,B
22,M,3,BIOLOGIA,CIENCIAS,C
25,M,2,BIOLOGIA,CIENCIAS,E
20,M,2,MATEMATICAS,CIENCIAS,C
21,M,2,MATEMATICAS,CIENCIAS,C
23,M,2,MATEMATICAS,CIENCIAS,C
32,M,2,MATEMATICAS,CIENCIAS,D
21,F,2,MATEMATICAS,CIENCIAS,C
20,M,2,MATEMATICAS,CIENCIAS,C
19,M,2,MATEMATICAS,CIENCIAS,C
26,F,2,QUIMICA,CIENCIAS,C
22,F,2,QUIMICA,CIENCIAS,C
22,F,1,QUIMICA,CIENCIAS,C
21,M,2,INGENIERIA AGRONOMICA,CIENCIAS AGROPECUARIAS,C
25,M,2,INGENIERIA AGRONOMICA,CIENCIAS AGROPECUARIAS,C
26,M,2,INGENIERIA AGRONOMICA,CIENCIAS AGROPECUARIAS,B
19,M,1,INGENIERIA AGRONOMICA,CIENCIAS AGROPECUARIAS,C
19,M,2,INGENIERIA AGRONOMICA,CIENCIAS AGROPECUARIAS,C
26,M,2,INGENIERIA AGRONOMICA,CIENCIAS AGROPECUARIAS,B
20,M,2,INGENIERIA AGRONOMICA,CIENCIAS AGROPECUARIAS,D
22,F,2,MEDICINA VETERINARIA Y ZOOTECNIA,CIENCIAS AGROPECUARIAS,D
21,F,1,MEDICINA VETERINARIA Y ZOOTECNIA,CIENCIAS AGROPECUARIAS,D
20,F,2,MEDICINA VETERINARIA Y ZOOTECNIA,CIENCIAS AGROPECUARIAS,D
22,F,2,MEDICINA VETERINARIA Y ZOOTECNIA,CIENCIAS AGROPECUARIAS,C
21,M,1,MEDICINA VETERINARIA Y ZOOTECNIA,CIENCIAS AGROPECUARIAS,B
27,M,2,LICENCIATURA EN INFORMATICA Y TECNOLOGIA,CIENCIAS DE LA EDUCACION,D
19,F,2,LICENCIATURA EN MATEMATICAS,CIENCIAS DE LA EDUCACION,B
23,F,2,LICENCIATURA EN MATEMATICAS,CIENCIAS DE LA EDUCACION,C
21,M,2,LICENCIATURA EN MATEMATICAS,CIENCIAS DE LA EDUCACION,C
25,F,1,LICENCIATURA EN CIENCIAS NATURALES Y EDUCACION AMBIENTAL,CIENCIAS DE LA EDUCACION,B
19,M,2,LICENCIATURA EN EDUCACION FISICA RECREACION Y DEPORTE,CIENCIAS DE LA EDUCACION,C
23,M,2,LICENCIATURA EN EDUCACION FISICA RECREACION Y DEPORTE,CIENCIAS DE LA EDUCACION,C
19,M,2,LICENCIATURA EN EDUCACION FISICA RECREACION Y DEPORTE,CIENCIAS DE LA EDUCACION,C
21,M,2,LICENCIATURA EN EDUCACION FISICA RECREACION Y DEPORTE,CIENCIAS DE LA EDUCACION,C
19,M,2,LICENCIATURA EN EDUCACION FISICA RECREACION Y DEPORTE,CIENCIAS DE LA EDUCACION,C
22,M,2,LICENCIATURA EN EDUCACION FISICA RECREACION Y DEPORTE,CIENCIAS DE LA EDUCACION,C
23,M,2,LICENCIATURA EN EDUCACION FISICA RECREACION Y DEPORTE,CIENCIAS DE LA EDUCACION,B
24,M,1,LICENCIATURA EN CIENCIAS SOCIALES,CIENCIAS DE LA EDUCACION,D
18,F,3,LICENCIATURA EN CIENCIAS SOCIALES,CIENCIAS DE LA EDUCACION,C
24,F,1,LIC. EN PSICOPEDAGOGIA ENFASIS ASESORIA EDUCATIVA,CIENCIAS DE LA EDUCACION,C
20,M,2,LICENCIATURA EN MUSICA,CIENCIAS DE LA EDUCACION,C
27,M,2,LICENCIATURA EN MUSICA,CIENCIAS DE LA EDUCACION,E
20,M,2,LICENCIATURA EN MUSICA,CIENCIAS DE LA EDUCACION,D
20,M,2,LICENCIATURA EN FILOSOFIA,CIENCIAS DE LA EDUCACION,B
20,M,3,LICENCIATURA EN FILOSOFIA,CIENCIAS DE LA EDUCACION,C
28,M,2,LICENCIATURA EN FILOSOFIA,CIENCIAS DE LA EDUCACION,E
19,M,2,LICENCIATURA EN EDUCACION FISICA RECREACION Y DEPORTE,CIENCIAS DE LA EDUCACION,B
23,M,2,LICENCIATURA EN LENGUAS EXTRANJERAS CON ENFASIS EN INGLES Y EN FRANCES,CIENCIAS DE LA EDUCACION,D
21,M,1,LICENCIATURA EN LENGUAS EXTRANJERAS CON ENFASIS EN INGLES Y EN FRANCES,CIENCIAS DE LA EDUCACION,C
19,F,1,LICENCIATURA EN LENGUAS EXTRANJERAS CON ENFASIS EN INGLES Y EN FRANCES,CIENCIAS DE LA EDUCACION,C
23,M,2,LICENCIATURA EN LENGUAS EXTRANJERAS CON ENFASIS EN INGLES Y EN FRANCES,CIENCIAS DE LA EDUCACION,B
22,M,3,LICENCIATURA EN LENGUAS EXTRANJERAS CON ENFASIS EN INGLES Y EN FRANCES,CIENCIAS DE LA EDUCACION,C
22,M,2,LICENCIATURA EN INFORMATICA,CIENCIAS DE LA EDUCACION,C
20,M,2,LICENCIATURA EN INFORMATICA,CIENCIAS DE LA EDUCACION,C
22,M,2,LICENCIATURA EN INFORMATICA,CIENCIAS DE LA EDUCACION,C
19,F,2,ARTES PLASTICAS Y VISUALES,CIENCIAS DE LA EDUCACION,C
53,M,,MAESTRIA EN EDUCACION,CIENCIAS DE LA EDUCACION,A
40,F,,DOCTORADO EN HISTORIA,CIENCIAS DE LA EDUCACION,A
46,F,,DOCTORADO EN LENGUAJE Y CULTURA,CIENCIAS DE LA EDUCACION,A
59,F,,DOCTORADO EN LENGUAJE Y CULTURA,CIENCIAS DE LA EDUCACION,A
36,F,,DOCTORADO EN LENGUAJE Y CULTURA,CIENCIAS DE LA EDUCACION,A
28,F,,MAESTRIA EN LITERATURA,CIENCIAS DE LA EDUCACION,B
29,M,,MAESTRIA EN LITERATURA,CIENCIAS DE LA EDUCACION,A
39,F,,MAESTRIA EN LITERATURA,CIENCIAS DE LA EDUCACION,A
40,M,,MAESTRIA EN LITERATURA,CIENCIAS DE LA EDUCACION,B
38,M,,"LICENCIATURA EN EDUCACION BASICA CON ENFASIS EN MATEMATICAS, HUMANIDADES Y LENGUA CASTELLANA",CIENCIAS DE LA EDUCACION,D
27,F,2,LICENCIATURA EN EDUCACION BASICA PRIMARIA,CIENCIAS DE LA EDUCACION,C
23,F,2,LICENCIATURA EN EDUCACION BASICA PRIMARIA,CIENCIAS DE LA EDUCACION,C
26,F,2,LICENCIATURA EN EDUCACION BASICA PRIMARIA,CIENCIAS DE LA EDUCACION,D
20,F,1,LICENCIATURA EN EDUCACION BASICA PRIMARIA,CIENCIAS DE LA EDUCACION,B
34,F,3,LICENCIATURA EN EDUCACION BASICA PRIMARIA,CIENCIAS DE LA EDUCACION,B
29,M,1,LICENCIATURA EN EDUCACION BASICA PRIMARIA,CIENCIAS DE LA EDUCACION,B
21,F,1,LICENCIATURA EN EDUCACION BASICA PRIMARIA,CIENCIAS DE LA EDUCACION,E
28,M,2,LICENCIATURA EN EDUCACION BASICA PRIMARIA,CIENCIAS DE LA EDUCACION,C
26,M,2,LICENCIATURA EN EDUCACION BASICA PRIMARIA,CIENCIAS DE LA EDUCACION,C
27,F,1,PSICOLOGIA,CIENCIAS DE LA SALUD,C
19,M,2,PSICOLOGIA,CIENCIAS DE LA SALUD,C
21,M,2,ECONOMIA,CIENCIAS ECONOMICAS Y ADMINISTRATIVAS,E
28,M,2,ECONOMIA,CIENCIAS ECONOMICAS Y ADMINISTRATIVAS,B
21,F,2,ECONOMIA,CIENCIAS ECONOMICAS Y ADMINISTRATIVAS,E
25,F,2,ECONOMIA,CIENCIAS ECONOMICAS Y ADMINISTRATIVAS,C
28,M,1,ECONOMIA,CIENCIAS ECONOMICAS Y ADMINISTRATIVAS,B
24,F,3,ECONOMIA,CIENCIAS ECONOMICAS Y ADMINISTRATIVAS,B
25,M,1,ECONOMIA,CIENCIAS ECONOMICAS Y ADMINISTRATIVAS,C
24,M,2,ECONOMIA,CIENCIAS ECONOMICAS Y ADMINISTRATIVAS,C
23,M,2,ECONOMIA,CIENCIAS ECONOMICAS Y ADMINISTRATIVAS,B
20,F,2,ECONOMIA,CIENCIAS ECONOMICAS Y ADMINISTRATIVAS,B
23,F,2,ADMINISTRACION DE EMPRESAS,CIENCIAS ECONOMICAS Y ADMINISTRATIVAS,E
27,M,2,ADMINISTRACION DE EMPRESAS,CIENCIAS ECONOMICAS Y ADMINISTRATIVAS,E
24,M,2,ADMINISTRACION DE EMPRESAS,CIENCIAS ECONOMICAS Y ADMINISTRATIVAS,D
22,F,2,ADMINISTRACION DE EMPRESAS,CIENCIAS ECONOMICAS Y ADMINISTRATIVAS,C
27,F,3,CONTADURIA PUBLICA,CIENCIAS ECONOMICAS Y ADMINISTRATIVAS,D
23,M,2,CONTADURIA PUBLICA,CIENCIAS ECONOMICAS Y ADMINISTRATIVAS,D
22,F,2,CONTADURIA PUBLICA,CIENCIAS ECONOMICAS Y ADMINISTRATIVAS,D
29,F,,MAESTRIA EN ECONOMIA,CIENCIAS ECONOMICAS Y ADMINISTRATIVAS,A
28,M,,MAESTRIA EN ECONOMIA,CIENCIAS ECONOMICAS Y ADMINISTRATIVAS,A
34,F,,MAESTRIA EN ECONOMIA,CIENCIAS ECONOMICAS Y ADMINISTRATIVAS,A
21,M,3,DERECHO,DERECHO Y CIENCIAS  SOCIALES,B
19,F,1,DERECHO,DERECHO Y CIENCIAS  SOCIALES,E
35,M,,ESPECIALIZACION EN ALTA GERENCIA DE EMPRESAS,ESTUDIOS A DISTANCIA,A
39,M,,MAESTRIA EN DIDACTICA DE LA MATEMATICA,ESTUDIOS A DISTANCIA,A
23,M,2,TECNOLOGIA EN OBRAS CIVILES,ESTUDIOS A DISTANCIA,C
24,M,2,TECNOLOGIA EN OBRAS CIVILES,ESTUDIOS A DISTANCIA,B
23,M,2,TECNOLOGIA EN OBRAS CIVILES,ESTUDIOS A DISTANCIA,C
21,F,2,TECNOLOGIA EN OBRAS CIVILES,ESTUDIOS A DISTANCIA,B
26,M,2,TECNOLOGIA EN OBRAS CIVILES,ESTUDIOS A DISTANCIA,B
24,F,2,TECNOLOGIA EN OBRAS CIVILES,ESTUDIOS A DISTANCIA,C
27,F,2,TECNOLOGIA EN OBRAS CIVILES,ESTUDIOS A DISTANCIA,C
43,M,2,TECNOLOGIA EN OBRAS CIVILES,ESTUDIOS A DISTANCIA,C
19,M,2,TECNOLOGIA EN OBRAS CIVILES,ESTUDIOS A DISTANCIA,B
19,M,1,TECNOLOGIA EN OBRAS CIVILES,ESTUDIOS A DISTANCIA,B
30,F,2,TECNOLOGIA EN OBRAS CIVILES,ESTUDIOS A DISTANCIA,B
23,M,2,TECNOLOGIA EN OBRAS CIVILES,ESTUDIOS A DISTANCIA,B
25,M,2,TECNOLOGIA EN OBRAS CIVILES,ESTUDIOS A DISTANCIA,C
24,F,2,TECNOLOGIA EN REGENCIA DE FARMACIA,ESTUDIOS A DISTANCIA,B
27,M,3,TECNOLOGIA EN REGENCIA DE FARMACIA,ESTUDIOS A DISTANCIA,B
23,F,3,TECNOLOGIA EN REGENCIA DE FARMACIA,ESTUDIOS A DISTANCIA,C
22,F,2,TECNOLOGIA EN REGENCIA DE FARMACIA,ESTUDIOS A DISTANCIA,C
29,F,2,TECNOLOGIA EN REGENCIA DE FARMACIA,ESTUDIOS A DISTANCIA,B
30,F,2,TECNOLOGIA EN REGENCIA DE FARMACIA,ESTUDIOS A DISTANCIA,C
21,F,2,TECNOLOGIA EN REGENCIA DE FARMACIA,ESTUDIOS A DISTANCIA,E
19,F,2,TECNOLOGIA EN REGENCIA DE FARMACIA,ESTUDIOS A DISTANCIA,B
30,F,2,TECNOLOGIA EN REGENCIA DE FARMACIA,ESTUDIOS A DISTANCIA,D
22,M,1,TECNOLOGIA EN REGENCIA DE FARMACIA,ESTUDIOS A DISTANCIA,E
25,M,2,TECNOLOGIA EN REGENCIA DE FARMACIA,ESTUDIOS A DISTANCIA,E
47,M,2,TECNOLOGIA EN ELECTRICIDAD,ESTUDIOS A DISTANCIA,D
27,M,2,TECNOLOGIA EN ELECTRICIDAD,ESTUDIOS A DISTANCIA,D
19,F,1,TECNICA PROFESIONAL EN PROCESOS AGROINDUSTRIALES,ESTUDIOS A DISTANCIA,B
26,M,2,TECNICA PROFESIONAL EN PROCESOS AGROINDUSTRIALES,ESTUDIOS A DISTANCIA,E
38,F,2,ADMINISTRACION AGROINDUSTRIAL,ESTUDIOS A DISTANCIA,B
22,F,1,TECNICA PROFESIONAL EN PROCESOS AGROINDUSTRIALES,ESTUDIOS A DISTANCIA,C
31,F,2,TECNICA PROFESIONAL EN PROCESOS ADMINISTRATIVOS DE SALUD,ESTUDIOS A DISTANCIA,C
23,F,1,TECNICA PROFESIONAL EN PROCESOS ADMINISTRATIVOS DE SALUD,ESTUDIOS A DISTANCIA,C
27,F,1,TECNICA PROFESIONAL EN PROCESOS ADMINISTRATIVOS DE SALUD,ESTUDIOS A DISTANCIA,C
19,M,1,TECNOLOGIA DE PROGRAMACION DE SISTEMAS INFORMATICOS,ESTUDIOS A DISTANCIA,B
32,M,1,TECNOLOGIA DE PROGRAMACION DE SISTEMAS INFORMATICOS,ESTUDIOS A DISTANCIA,E
19,M,2,TECNOLOGIA DE PROGRAMACION DE SISTEMAS INFORMATICOS,ESTUDIOS A DISTANCIA,E
30,M,1,TECNOLOGIA DE PROGRAMACION DE SISTEMAS INFORMATICOS,ESTUDIOS A DISTANCIA,B
33,M,3,TECNOLOGIA DE PROGRAMACION DE SISTEMAS INFORMATICOS,ESTUDIOS A DISTANCIA,C
22,M,2,TECNOLOGIA DE PROGRAMACION DE SISTEMAS INFORMATICOS,ESTUDIOS A DISTANCIA,B
30,F,2,TECNOLOGIA DE PROGRAMACION DE SISTEMAS INFORMATICOS,ESTUDIOS A DISTANCIA,C
20,M,2,TECNOLOGIA DE PROGRAMACION DE SISTEMAS INFORMATICOS,ESTUDIOS A DISTANCIA,B
21,M,3,TECNICA PROFESIONAL EN INSTALACION Y MANTENIMIENTO DE REDES Y COMPUTADORES,ESTUDIOS A DISTANCIA,C
20,F,2,TECNICA PROFESIONAL EN INSTALACION Y MANTENIMIENTO DE REDES Y COMPUTADORES,ESTUDIOS A DISTANCIA,B
34,F,1,TECNICA PROFESIONAL EN PROCESOS ADMINISTRATIVOS DE SALUD,ESTUDIOS A DISTANCIA,B
19,F,2,TECNICA PROFESIONAL EN PROCESOS ADMINISTRATIVOS DE SALUD,ESTUDIOS A DISTANCIA,C
38,F,2,TECNOLOGIA EN GESTION ADMINISTRATIVA DE SERVICIOS DE SALUD,ESTUDIOS A DISTANCIA,E
25,M,2,TECNICA PROFESIONAL EN PROCESOS COMERCIALES Y FINANCIEROS,ESTUDIOS A DISTANCIA,C
22,F,1,TECNICA PROFESIONAL EN PROCESOS COMERCIALES Y FINANCIEROS,ESTUDIOS A DISTANCIA,B
21,F,2,TECNICA PROFESIONAL EN PROCESOS COMERCIALES Y FINANCIEROS,ESTUDIOS A DISTANCIA,C
31,F,2,TECNICA PROFESIONAL EN PROCESOS COMERCIALES Y FINANCIEROS,ESTUDIOS A DISTANCIA,C
23,F,1,TECNICA PROFESIONAL EN PROCESOS COMERCIALES Y FINANCIEROS,ESTUDIOS A DISTANCIA,B
34,M,2,TECNOLOGIA EN GESTION COMERCIAL Y FINANCIERA,ESTUDIOS A DISTANCIA,D
29,F,1,ADMINISTRACION COMERCIAL Y FINANCIERA,ESTUDIOS A DISTANCIA,E
42,M,2,ADMINISTRACION COMERCIAL Y FINANCIERA,ESTUDIOS A DISTANCIA,D
23,M,2,TECNICA PROFESIONAL EN PROCESOS ADMINISTRATIVOS DE SALUD,ESTUDIOS A DISTANCIA,E
23,F,2,TECNICA PROFESIONAL EN PROCESOS ADMINISTRATIVOS DE SALUD,ESTUDIOS A DISTANCIA,B
20,F,2,TECNICA PROFESIONAL EN PROCESOS ADMINISTRATIVOS DE SALUD,ESTUDIOS A DISTANCIA,B
29,F,2,TECNICA PROFESIONAL EN PROCESOS ADMINISTRATIVOS DE SALUD,ESTUDIOS A DISTANCIA,C
25,F,2,TECNICA PROFESIONAL EN PROCESOS ADMINISTRATIVOS DE SALUD,ESTUDIOS A DISTANCIA,C
22,F,1,TECNICA PROFESIONAL EN PROCESOS ADMINISTRATIVOS DE SALUD,ESTUDIOS A DISTANCIA,B
20,F,1,TECNICA PROFESIONAL EN PROCESOS ADMINISTRATIVOS DE SALUD,ESTUDIOS A DISTANCIA,C
31,F,2,TECNICA PROFESIONAL EN PROCESOS ADMINISTRATIVOS DE SALUD,ESTUDIOS A DISTANCIA,E
28,F,1,TECNICA PROFESIONAL EN PROCESOS ADMINISTRATIVOS DE SALUD,ESTUDIOS A DISTANCIA,E
24,F,2,TECNICA PROFESIONAL EN PROCESOS ADMINISTRATIVOS DE SALUD,ESTUDIOS A DISTANCIA,C
23,F,1,TECNICA PROFESIONAL EN PROCESOS ADMINISTRATIVOS DE SALUD,ESTUDIOS A DISTANCIA,D
22,F,1,TECNICA PROFESIONAL EN PROCESOS ADMINISTRATIVOS DE SALUD,ESTUDIOS A DISTANCIA,C
27,M,2,TECNICA PROFESIONAL EN PROCESOS ADMINISTRATIVOS DE SALUD,ESTUDIOS A DISTANCIA,C
26,F,1,TECNICA PROFESIONAL EN PROCESOS ADMINISTRATIVOS DE SALUD,ESTUDIOS A DISTANCIA,C
25,M,2,TECNICA PROFESIONAL EN PROCESOS ADMINISTRATIVOS DE SALUD,ESTUDIOS A DISTANCIA,C
29,F,1,TECNICA PROFESIONAL EN PROCESOS ADMINISTRATIVOS DE SALUD,ESTUDIOS A DISTANCIA,C
29,M,2,TECNICA PROFESIONAL EN PROCESOS ADMINISTRATIVOS DE SALUD,ESTUDIOS A DISTANCIA,C
24,F,2,TECNICA PROFESIONAL EN PROCESOS ADMINISTRATIVOS DE SALUD,ESTUDIOS A DISTANCIA,C
25,F,1,TECNICA PROFESIONAL EN PROCESOS ADMINISTRATIVOS DE SALUD,ESTUDIOS A DISTANCIA,C
29,F,1,TECNICA PROFESIONAL EN PROCESOS ADMINISTRATIVOS DE SALUD,ESTUDIOS A DISTANCIA,C
27,F,1,TECNICA PROFESIONAL EN PROCESOS ADMINISTRATIVOS DE SALUD,ESTUDIOS A DISTANCIA,C
25,F,1,TECNICA PROFESIONAL EN PROCESOS ADMINISTRATIVOS DE SALUD,ESTUDIOS A DISTANCIA,C
28,F,2,TECNICA PROFESIONAL EN PROCESOS ADMINISTRATIVOS DE SALUD,ESTUDIOS A DISTANCIA,B
26,F,2,TECNOLOGIA EN GESTION ADMINISTRATIVA DE SERVICIOS DE SALUD,ESTUDIOS A DISTANCIA,D
19,F,2,TECNICA PROFESIONAL EN PROCESOS COMERCIALES Y FINANCIEROS,ESTUDIOS A DISTANCIA,B
31,M,2,TECNICA PROFESIONAL EN PROCESOS COMERCIALES Y FINANCIEROS,ESTUDIOS A DISTANCIA,C
26,F,2,TECNICA PROFESIONAL EN PROCESOS COMERCIALES Y FINANCIEROS,ESTUDIOS A DISTANCIA,B
26,M,1,TECNICA PROFESIONAL EN PROCESOS COMERCIALES Y FINANCIEROS,ESTUDIOS A DISTANCIA,E
20,M,2,TECNICA PROFESIONAL EN PROCESOS COMERCIALES Y FINANCIEROS,ESTUDIOS A DISTANCIA,E
19,F,2,TECNICA PROFESIONAL EN PROCESOS COMERCIALES Y FINANCIEROS,ESTUDIOS A DISTANCIA,B
25,F,2,TECNICA PROFESIONAL EN PROCESOS COMERCIALES Y FINANCIEROS,ESTUDIOS A DISTANCIA,E
26,F,2,TECNICA PROFESIONAL EN PROCESOS COMERCIALES Y FINANCIEROS,ESTUDIOS A DISTANCIA,E
27,M,2,TECNICA PROFESIONAL EN PROCESOS COMERCIALES Y FINANCIEROS,ESTUDIOS A DISTANCIA,B
27,M,1,TECNICA PROFESIONAL EN PROCESOS COMERCIALES Y FINANCIEROS,ESTUDIOS A DISTANCIA,B
27,F,2,TECNICA PROFESIONAL EN PROCESOS COMERCIALES Y FINANCIEROS,ESTUDIOS A DISTANCIA,B
31,F,3,TECNICA PROFESIONAL EN PROCESOS COMERCIALES Y FINANCIEROS,ESTUDIOS A DISTANCIA,E
26,F,2,TECNICA PROFESIONAL EN PROCESOS COMERCIALES Y FINANCIEROS,ESTUDIOS A DISTANCIA,B
20,M,3,TECNICA PROFESIONAL EN PROCESOS COMERCIALES Y FINANCIEROS,ESTUDIOS A DISTANCIA,B
33,F,2,TECNICA PROFESIONAL EN PROCESOS COMERCIALES Y FINANCIEROS,ESTUDIOS A DISTANCIA,C
28,F,2,TECNOLOGIA EN GESTION COMERCIAL Y FINANCIERA,ESTUDIOS A DISTANCIA,D
27,F,2,TECNOLOGIA EN GESTION COMERCIAL Y FINANCIERA,ESTUDIOS A DISTANCIA,D
29,F,1,ADMINISTRACION COMERCIAL Y FINANCIERA,ESTUDIOS A DISTANCIA,D
29,M,1,TECNICA PROFESIONAL EN PROCESOS COMERCIALES Y FINANCIEROS,ESTUDIOS A DISTANCIA,B
24,M,1,TECNOLOGIA EN ELECTRICIDAD INDUSTRIAL,ESTUDIOS A DISTANCIA,C
32,M,1,TECNOLOGIA EN ELECTRICIDAD INDUSTRIAL,ESTUDIOS A DISTANCIA,C
21,M,2,TECNOLOGIA EN ELECTRICIDAD INDUSTRIAL,ESTUDIOS A DISTANCIA,B
34,M,3,TECNOLOGIA EN ELECTRICIDAD INDUSTRIAL,ESTUDIOS A DISTANCIA,B
31,M,3,TECNOLOGIA EN ELECTRICIDAD INDUSTRIAL,ESTUDIOS A DISTANCIA,C
30,F,2,TECNICA PROFESIONAL EN PROCESOS COMERCIALES Y FINANCIEROS,ESTUDIOS A DISTANCIA,B
25,F,1,TECNOLOGIA EN GESTION COMERCIAL Y FINANCIERA,ESTUDIOS A DISTANCIA,D
28,F,2,TECNICA PROFESIONAL EN PROCESOS ADMINISTRATIVOS DE SALUD,ESTUDIOS A DISTANCIA,C
25,M,2,INGENIERIA CIVIL,INGENIERIA,E
24,F,3,INGENIERIA CIVIL,INGENIERIA,E
19,M,1,INGENIERIA CIVIL,INGENIERIA,C
22,M,2,INGENIERIA CIVIL,INGENIERIA,C
26,M,2,INGENIERIA CIVIL,INGENIERIA,E
24,M,2,INGENIERIA CIVIL,INGENIERIA,D
24,M,2,INGENIERIA CIVIL,INGENIERIA,D
19,M,2,INGENIERIA METALURGICA,INGENIERIA,B
20,M,2,INGENIERIA METALURGICA,INGENIERIA,C
21,F,2,INGENIERIA METALURGICA,INGENIERIA,C
23,F,1,INGENIERIA METALURGICA,INGENIERIA,E
25,M,2,INGENIERIA METALURGICA,INGENIERIA,B
20,M,3,INGENIERIA METALURGICA,INGENIERIA,B
24,M,2,INGENIERIA METALURGICA,INGENIERIA,B
21,M,2,INGENIERIA METALURGICA,INGENIERIA,D
19,M,2,INGENIERIA METALURGICA,INGENIERIA,B
19,M,3,INGENIERIA METALURGICA,INGENIERIA,B
23,M,1,INGENIERIA METALURGICA,INGENIERIA,D
24,F,2,INGENIERIA DE TRANSPORTE Y VIAS,INGENIERIA,D
19,M,1,INGENIERIA DE TRANSPORTE Y VIAS,INGENIERIA,C
22,M,2,INGENIERIA DE TRANSPORTE Y VIAS,INGENIERIA,C
23,M,2,INGENIERIA DE TRANSPORTE Y VIAS,INGENIERIA,C
22,M,2,INGENIERIA DE TRANSPORTE Y VIAS,INGENIERIA,B
20,M,1,INGENIERIA DE TRANSPORTE Y VIAS,INGENIERIA,C
19,M,2,INGENIERIA DE TRANSPORTE Y VIAS,INGENIERIA,B
20,M,2,INGENIERIA DE TRANSPORTE Y VIAS,INGENIERIA,C
27,M,1,INGENIERIA DE TRANSPORTE Y VIAS,INGENIERIA,D
19,M,2,INGENIERIA DE TRANSPORTE Y VIAS,INGENIERIA,C
26,M,1,INGENIERIA DE TRANSPORTE Y VIAS,INGENIERIA,B
24,M,2,INGENIERIA DE TRANSPORTE Y VIAS,INGENIERIA,B
22,M,3,INGENIERIA DE TRANSPORTE Y VIAS,INGENIERIA,C
21,F,2,INGENIERIA DE SISTEMAS Y COMPUTACION,INGENIERIA,C
20,M,3,INGENIERIA DE SISTEMAS Y COMPUTACION,INGENIERIA,E
26,M,1,INGENIERIA DE SISTEMAS Y COMPUTACION,INGENIERIA,E
22,M,2,INGENIERIA DE SISTEMAS Y COMPUTACION,INGENIERIA,E
21,M,2,INGENIERIA DE SISTEMAS Y COMPUTACION,INGENIERIA,B
22,F,2,INGENIERIA AMBIENTAL,INGENIERIA,E
22,F,2,ARQUITECTURA,INGENIERIA,C
27,M,2,ARQUITECTURA,INGENIERIA,C
28,M,,ESPECIALIZACION EN ESTRUCTURAS,INGENIERIA,A
29,F,,ESPECIALIZACION EN GESTION DE INTEGRIDAD Y CORROSION,INGENIERIA,A
28,M,,ESPECIALIZACION EN GEOTECNIA,INGENIERIA,A
24,F,,ESPECIALIZACION EN GESTION AVANZADA DEL RIESGO DE DESASTRES,INGENIERIA,A
29,F,,ESPECIALIZACION EN GESTION AVANZADA DEL RIESGO DE DESASTRES,INGENIERIA,A
25,F,,ESPECIALIZACION EN GESTION AVANZADA DEL RIESGO DE DESASTRES,INGENIERIA,A
27,M,,ESPECIALIZACION EN GESTION AVANZADA DEL RIESGO DE DESASTRES,INGENIERIA,A
25,F,,ESPECIALIZACION EN GESTION AVANZADA DEL RIESGO DE DESASTRES,INGENIERIA,A
26,F,,ESPECIALIZACION EN GESTION AVANZADA DEL RIESGO DE DESASTRES,INGENIERIA,A
43,M,,ESPECIALIZACION EN GESTION AVANZADA DEL RIESGO DE DESASTRES,INGENIERIA,A
24,F,,ESPECIALIZACION EN GESTION AVANZADA DEL RIESGO DE DESASTRES,INGENIERIA,A
24,F,,ESPECIALIZACION EN GESTION AVANZADA DEL RIESGO DE DESASTRES,INGENIERIA,A
30,M,,ESPECIALIZACION EN GESTION AVANZADA DEL RIESGO DE DESASTRES,INGENIERIA,A
32,F,,ESPECIALIZACION EN GESTION AVANZADA DEL RIESGO DE DESASTRES,INGENIERIA,A
25,M,,ESPECIALIZACION EN GESTION AVANZADA DEL RIESGO DE DESASTRES,INGENIERIA,A
28,M,,ESPECIALIZACION EN GESTION AVANZADA DEL RIESGO DE DESASTRES,INGENIERIA,A
28,M,,ESPECIALIZACION EN GESTION AVANZADA DEL RIESGO DE DESASTRES,INGENIERIA,A
31,F,,ESPECIALIZACION EN GESTION AVANZADA DEL RIESGO DE DESASTRES,INGENIERIA,A
39,M,,ESPECIALIZACION EN GESTION AVANZADA DEL RIESGO DE DESASTRES,INGENIERIA,A
24,F,,ESPECIALIZACION EN GESTION AVANZADA DEL RIESGO DE DESASTRES,INGENIERIA,A
25,F,,ESPECIALIZACION EN GESTION AVANZADA DEL RIESGO DE DESASTRES,INGENIERIA,A
43,M,,ESPECIALIZACION EN GESTION AVANZADA DEL RIESGO DE DESASTRES,INGENIERIA,A
27,F,,ESPECIALIZACION EN GESTION AVANZADA DEL RIESGO DE DESASTRES,INGENIERIA,A
26,F,,MAESTRIA EN METALURGIA Y CIENCIAS DE LOS MATERIALES,INGENIERIA,A
34,M,,MAESTRIA EN METALURGIA Y CIENCIAS DE LOS MATERIALES,INGENIERIA,A
33,M,,MAESTRIA EN INGENIERIA AMBIENTAL,INGENIERIA,B
37,M,,MAESTRIA EN GEOTECNIA,INGENIERIA,A
42,M,,DOCTORADO EN INGENIERIA Y CIENCIA DE LOS MATERIALES,INGENIERIA,B
40,M,,DOCTORADO EN INGENIERIA Y CIENCIA DE LOS MATERIALES,INGENIERIA,B
34,M,,MAESTRIA EN GERENCIA DE PROYECTOS DE CONSTRUCCION,INGENIERIA,B
18,M,2,ADMINISTRACION DE EMPRESAS,SECCIONAL CHIQUINQUIRA,B
20,F,2,ADMINISTRACION DE EMPRESAS,SECCIONAL CHIQUINQUIRA,E
21,M,2,ADMINISTRACION DE EMPRESAS,SECCIONAL CHIQUINQUIRA,C
22,M,3,CONTADURIA PUBLICA,SECCIONAL CHIQUINQUIRA,D
27,F,2,CONTADURIA PUBLICA,SECCIONAL CHIQUINQUIRA,E
20,M,2,CONTADURIA PUBLICA,SECCIONAL CHIQUINQUIRA,D
24,F,2,CONTADURIA PUBLICA,SECCIONAL CHIQUINQUIRA,E
27,F,2,CONTADURIA PUBLICA,SECCIONAL CHIQUINQUIRA,E
25,F,2,LICENCIATURA EN TECNOLOGIA,SECCIONAL DUITAMA,C
19,M,1,INGENIERIA ELECTROMECANICA,SECCIONAL DUITAMA,B
19,M,2,INGENIERIA ELECTROMECANICA,SECCIONAL DUITAMA,B
21,M,2,INGENIERIA ELECTROMECANICA,SECCIONAL DUITAMA,C
20,M,2,INGENIERIA ELECTROMECANICA,SECCIONAL DUITAMA,E
18,M,2,INGENIERIA ELECTROMECANICA,SECCIONAL DUITAMA,D
23,M,2,INGENIERIA ELECTROMECANICA,SECCIONAL DUITAMA,C
24,M,1,INGENIERIA ELECTROMECANICA,SECCIONAL DUITAMA,E
21,M,1,INGENIERIA ELECTROMECANICA,SECCIONAL DUITAMA,C
21,M,3,ADMINISTRACION TURISTICA Y HOTELERA,SECCIONAL DUITAMA,C
21,M,2,ADMINISTRACION DE EMPRESAS AGROPECUARIAS,SECCIONAL DUITAMA,E
22,F,2,ADMINISTRACION DE EMPRESAS AGROPECUARIAS,SECCIONAL DUITAMA,C
24,F,2,ADMINISTRACION DE EMPRESAS AGROPECUARIAS,SECCIONAL DUITAMA,C
26,M,2,ADMINISTRACION INDUSTRIAL,SECCIONAL DUITAMA,B
29,M,3,DISEO INDUSTRIAL,SECCIONAL DUITAMA,D
36,M,3,DISEO INDUSTRIAL,SECCIONAL DUITAMA,E
28,M,2,DISEO INDUSTRIAL,SECCIONAL DUITAMA,E
18,F,2,DISEO INDUSTRIAL,SECCIONAL DUITAMA,C
20,F,2,DISEO INDUSTRIAL,SECCIONAL DUITAMA,E
30,M,2,DISEO INDUSTRIAL,SECCIONAL DUITAMA,E
19,F,2,LICENCIATURA EN MATEMATICAS,SECCIONAL DUITAMA,D
20,M,1,LICENCIATURA EN MATEMATICAS,SECCIONAL DUITAMA,C
20,M,2,LICENCIATURA EN MATEMATICAS,SECCIONAL DUITAMA,D
55,F,,ESPECIALIZACION EN INFORMATICA PARA LA DOCENCIA,SECCIONAL DUITAMA,A
44,M,,MAESTRIA EN ENERGIAS RENOVABLES,SECCIONAL DUITAMA,A
42,F,,MAESTRIA EN ENERGIAS RENOVABLES,SECCIONAL DUITAMA,A
23,M,2,INGENIERIA ELECTRONICA,SECCIONAL SOGAMOSO,B
25,M,2,INGENIERIA ELECTRONICA,SECCIONAL SOGAMOSO,E
20,M,2,INGENIERIA ELECTRONICA,SECCIONAL SOGAMOSO,E
28,M,2,INGENIERIA ELECTRONICA,SECCIONAL SOGAMOSO,D
22,M,2,INGENIERIA ELECTRONICA,SECCIONAL SOGAMOSO,A
23,M,2,INGENIERIA ELECTRONICA,SECCIONAL SOGAMOSO,B
27,M,2,INGENIERIA ELECTRONICA,SECCIONAL SOGAMOSO,E
21,M,2,INGENIERIA ELECTRONICA,SECCIONAL SOGAMOSO,C
29,M,2,INGENIERIA ELECTRONICA,SECCIONAL SOGAMOSO,C
21,F,2,INGENIERIA GEOLOGICA,SECCIONAL SOGAMOSO,E
23,M,2,INGENIERIA GEOLOGICA,SECCIONAL SOGAMOSO,E
20,M,2,INGENIERIA GEOLOGICA,SECCIONAL SOGAMOSO,B
20,F,2,INGENIERIA GEOLOGICA,SECCIONAL SOGAMOSO,C
21,M,2,INGENIERIA GEOLOGICA,SECCIONAL SOGAMOSO,B
29,M,2,INGENIERIA GEOLOGICA,SECCIONAL SOGAMOSO,E
19,M,2,INGENIERIA GEOLOGICA,SECCIONAL SOGAMOSO,C
26,F,1,INGENIERIA DE MINAS,SECCIONAL SOGAMOSO,D
23,M,1,INGENIERIA DE MINAS,SECCIONAL SOGAMOSO,D
20,F,1,INGENIERIA DE MINAS,SECCIONAL SOGAMOSO,C
21,F,1,INGENIERIA INDUSTRIAL,SECCIONAL SOGAMOSO,C
38,F,1,INGENIERIA INDUSTRIAL,SECCIONAL SOGAMOSO,E
28,M,1,INGENIERIA INDUSTRIAL,SECCIONAL SOGAMOSO,E
24,M,2,INGENIERIA INDUSTRIAL,SECCIONAL SOGAMOSO,E
21,F,2,INGENIERIA INDUSTRIAL,SECCIONAL SOGAMOSO,C
31,M,2,INGENIERIA INDUSTRIAL,SECCIONAL SOGAMOSO,E
28,M,2,INGENIERIA INDUSTRIAL,SECCIONAL SOGAMOSO,E
23,F,2,CONTADURIA PUBLICA,SECCIONAL SOGAMOSO,D
22,F,2,CONTADURIA PUBLICA,SECCIONAL SOGAMOSO,D
25,F,2,CONTADURIA PUBLICA,SECCIONAL SOGAMOSO,E
20,M,3,ADMINISTRACION DE EMPRESAS,SECCIONAL SOGAMOSO,E
27,M,2,ADMINISTRACION DE EMPRESAS,SECCIONAL SOGAMOSO,C
21,M,2,ADMINISTRACION DE EMPRESAS,SECCIONAL SOGAMOSO,B
18,M,2,ADMINISTRACION DE EMPRESAS,SECCIONAL SOGAMOSO,C
26,M,2,ADMINISTRACION DE EMPRESAS,SECCIONAL SOGAMOSO,C
23,F,1,ADMINISTRACION DE EMPRESAS,SECCIONAL SOGAMOSO,D
20,M,2,ADMINISTRACION DE EMPRESAS,SECCIONAL SOGAMOSO,B
25,F,2,ADMINISTRACION DE EMPRESAS,SECCIONAL SOGAMOSO,C
20,M,1,INGENIERIA ELECTRONICA,SECCIONAL SOGAMOSO,C
22,M,2,INGENIERIA ELECTRONICA,SECCIONAL SOGAMOSO,C
22,M,2,INGENIERIA ELECTRONICA,SECCIONAL SOGAMOSO,C
23,M,2,INGENIERIA ELECTRONICA,SECCIONAL SOGAMOSO,C
23,M,2,INGENIERIA ELECTRONICA,SECCIONAL SOGAMOSO,E
24,F,2,FINANZAS Y COMERCIO INTERNACIONAL,SECCIONAL SOGAMOSO,D
40,M,,ESPECIALIZACION EN INGENIERIA DE PRODUCCION Y OPERACIONES,SECCIONAL SOGAMOSO,A
30,M,,ESPECIALIZACION EN INGENIERIA DE PRODUCCION Y OPERACIONES,SECCIONAL SOGAMOSO,A
29,M,,MAESTRIA EN CIENCIAS DE LA TIERRA,SECCIONAL SOGAMOSO,A
44,M,,MAESTRIA EN LOGISTICA,SECCIONAL SOGAMOSO,A
27,M,1,FISICA,CIENCIAS,B
26,M,1,BIOLOGIA,CIENCIAS,B
21,F,2,BIOLOGIA,CIENCIAS,E
20,M,2,BIOLOGIA,CIENCIAS,C
21,M,2,MATEMATICAS,CIENCIAS,B
26,M,1,MATEMATICAS,CIENCIAS,E
23,M,2,MATEMATICAS,CIENCIAS,C
21,M,3,MATEMATICAS,CIENCIAS,B
20,M,2,MATEMATICAS,CIENCIAS,C
22,M,1,MATEMATICAS,CIENCIAS,C
23,M,2,MATEMATICAS,CIENCIAS,D
19,F,1,MATEMATICAS,CIENCIAS,B
25,M,2,QUIMICA,CIENCIAS,E
21,M,2,QUIMICA,CIENCIAS,C
21,M,2,QUIMICA,CIENCIAS,E
22,M,2,QUIMICA,CIENCIAS,B
31,F,3,QUIMICA,CIENCIAS,B
20,M,1,INGENIERA AGRONOMICA,CIENCIAS AGROPECUARIAS,D
20,M,2,INGENIERA AGRONOMICA,CIENCIAS AGROPECUARIAS,E
20,M,2,INGENIERA AGRONOMICA,CIENCIAS AGROPECUARIAS,B
26,M,2,INGENIERA AGRONOMICA,CIENCIAS AGROPECUARIAS,E
23,F,2,INGENIERA AGRONOMICA,CIENCIAS AGROPECUARIAS,E
19,M,3,INGENIERA AGRONOMICA,CIENCIAS AGROPECUARIAS,C
20,F,3,INGENIERA AGRONOMICA,CIENCIAS AGROPECUARIAS,B
20,M,2,INGENIERA AGRONOMICA,CIENCIAS AGROPECUARIAS,B
18,M,2,INGENIERA AGRONOMICA,CIENCIAS AGROPECUARIAS,B
25,F,2,MEDICINA VETERINARIA Y ZOOTECNIA,CIENCIAS AGROPECUARIAS,D
22,M,2,MEDICINA VETERINARIA Y ZOOTECNIA,CIENCIAS AGROPECUARIAS,C
24,M,2,MEDICINA VETERINARIA Y ZOOTECNIA,CIENCIAS AGROPECUARIAS,D
28,M,3,MEDICINA VETERINARIA Y ZOOTECNIA,CIENCIAS AGROPECUARIAS,E
30,M,2,MEDICINA VETERINARIA Y ZOOTECNIA,CIENCIAS AGROPECUARIAS,E
23,M,3,LICENCIATURA EN MATEMATICAS,CIENCIAS DE LA EDUCACION,B
21,M,2,LICENCIATURA EN MATEMATICAS,CIENCIAS DE LA EDUCACION,E
26,M,1,LICENCIATURA EN MATEMATICAS,CIENCIAS DE LA EDUCACION,E
26,F,1,LICENCIATURA EN MATEMATICAS,CIENCIAS DE LA EDUCACION,E
20,F,2,LICENCIATURA EN MATEMATICAS,CIENCIAS DE LA EDUCACION,D
26,M,1,LICENCIATURA EN MATEMATICAS,CIENCIAS DE LA EDUCACION,E
19,M,2,LICENCIATURA EN MATEMATICAS,CIENCIAS DE LA EDUCACION,B
27,F,2,LICENCIATURA EN MATEMATICAS,CIENCIAS DE LA EDUCACION,E
23,M,2,LICENCIATURA EN MATEMATICAS,CIENCIAS DE LA EDUCACION,E
26,F,1,LICENCIATURA EN CIENCIAS NATURALES Y EDUCACIN AMBIENTAL,CIENCIAS DE LA EDUCACION,C
24,F,2,LICENCIATURA EN CIENCIAS NATURALES Y EDUCACIN AMBIENTAL,CIENCIAS DE LA EDUCACION,C
23,F,1,LICENCIATURA EN CIENCIAS NATURALES Y EDUCACIN AMBIENTAL,CIENCIAS DE LA EDUCACION,D
26,M,2,LICENCIATURA EN MATEMATICAS,CIENCIAS DE LA EDUCACION,C
22,M,2,LICENCIATURA EN MATEMATICAS,CIENCIAS DE LA EDUCACION,C
21,M,3,LICENCIATURA EN MATEMATICAS,CIENCIAS DE LA EDUCACION,B
23,F,1,LICENCIATURA EN MATEMATICAS,CIENCIAS DE LA EDUCACION,D
32,M,3,LICENCIATURA EN MATEMATICAS,CIENCIAS DE LA EDUCACION,E
22,M,1,LICENCIATURA EN EDUCACIN FISICA RECREACIN Y DEPORTE,CIENCIAS DE LA EDUCACION,C
23,M,1,LICENCIATURA EN EDUCACIN FISICA RECREACIN Y DEPORTE,CIENCIAS DE LA EDUCACION,D
23,M,3,LICENCIATURA EN EDUCACIN FISICA RECREACIN Y DEPORTE,CIENCIAS DE LA EDUCACION,E
21,M,2,LICENCIATURA EN EDUCACIN FISICA RECREACIN Y DEPORTE,CIENCIAS DE LA EDUCACION,D
18,M,1,LICENCIATURA EN EDUCACIN FISICA RECREACIN Y DEPORTE,CIENCIAS DE LA EDUCACION,C
19,M,2,LICENCIATURA EN CIENCIAS SOCIALES,CIENCIAS DE LA EDUCACION,B
24,M,2,LICENCIATURA EN CIENCIAS SOCIALES,CIENCIAS DE LA EDUCACION,D
23,M,2,LICENCIATURA EN CIENCIAS SOCIALES,CIENCIAS DE LA EDUCACION,B
21,M,2,LICENCIATURA EN CIENCIAS SOCIALES,CIENCIAS DE LA EDUCACION,D
26,M,2,LICENCIATURA EN CIENCIAS SOCIALES,CIENCIAS DE LA EDUCACION,E
19,M,2,LICENCIATURA EN CIENCIAS SOCIALES,CIENCIAS DE LA EDUCACION,C
22,F,1,LIC. EN PSICOPEDAGOGIA ENFASIS ASESORIA EDUCATIVA,CIENCIAS DE LA EDUCACION,D
30,M,2,LIC. EN PSICOPEDAGOGIA ENFASIS ASESORIA EDUCATIVA,CIENCIAS DE LA EDUCACION,D
25,M,3,LICENCIATURA EN MUSICA,CIENCIAS DE LA EDUCACION,A
39,M,3,LICENCIATURA EN MUSICA,CIENCIAS DE LA EDUCACION,D
24,M,2,LICENCIATURA EN MUSICA,CIENCIAS DE LA EDUCACION,B
21,M,3,LICENCIATURA EN FILOSOFIA,CIENCIAS DE LA EDUCACION,E
18,M,2,LICENCIATURA EN FILOSOFIA,CIENCIAS DE LA EDUCACION,C
39,M,2,LICENCIATURA EN FILOSOFIA,CIENCIAS DE LA EDUCACION,E
28,M,1,LICENCIATURA EN FILOSOFIA,CIENCIAS DE LA EDUCACION,E
34,M,2,LICENCIATURA EN FILOSOFIA,CIENCIAS DE LA EDUCACION,E
21,M,3,LICENCIATURA EN FILOSOFIA,CIENCIAS DE LA EDUCACION,B
22,M,2,LICENCIATURA EN FILOSOFIA,CIENCIAS DE LA EDUCACION,C
25,F,2,LICENCIATURA EN FILOSOFIA,CIENCIAS DE LA EDUCACION,C
22,M,2,LICENCIATURA EN LENGUAS EXTRANJERAS CON ENFASIS EN INGLES Y EN FRANCES,CIENCIAS DE LA EDUCACION,C
19,M,2,LICENCIATURA EN LENGUAS EXTRANJERAS CON ENFASIS EN INGLES Y EN FRANCES,CIENCIAS DE LA EDUCACION,C
20,F,2,LICENCIATURA EN EDUCACIN INFANTIL,CIENCIAS DE LA EDUCACION,C
25,F,3,LICENCIATURA EN EDUCACIN INFANTIL,CIENCIAS DE LA EDUCACION,D
20,F,2,"LICENCIATURA EN LENGUAS MODERNAS, CON ENFASIS EN INGLES",CIENCIAS DE LA EDUCACION,C
24,M,1,"LICENCIATURA EN LENGUAS MODERNAS, CON ENFASIS EN INGLES",CIENCIAS DE LA EDUCACION,E
24,F,3,LICENCIATURA EN LITERATURA Y LENGUA CASTELLANA,CIENCIAS DE LA EDUCACION,B
24,M,2,LICENCIATURA EN LITERATURA Y LENGUA CASTELLANA,CIENCIAS DE LA EDUCACION,C
23,M,2,LICENCIATURA EN INFORMATICA,CIENCIAS DE LA EDUCACION,D
29,M,2,LICENCIATURA EN INFORMATICA,CIENCIAS DE LA EDUCACION,C
27,M,2,LICENCIATURA EN INFORMATICA,CIENCIAS DE LA EDUCACION,C
25,M,2,LICENCIATURA EN INFORMATICA,CIENCIAS DE LA EDUCACION,C
21,F,2,ARTES PLASTICAS Y VISUALES,CIENCIAS DE LA EDUCACION,B
21,M,2,ARTES PLASTICAS Y VISUALES,CIENCIAS DE LA EDUCACION,E
20,M,2,ARTES PLASTICAS Y VISUALES,CIENCIAS DE LA EDUCACION,C
33,F,,DOCTORADO EN HISTORIA,CIENCIAS DE LA EDUCACION,A
24,F,,MAESTRA EN LITERATURA,CIENCIAS DE LA EDUCACION,A
23,F,1,LICENCIATURA EN EDUCACIN BASICA PRIMARIA,CIENCIAS DE LA EDUCACION,C
27,F,1,LICENCIATURA EN EDUCACIN BASICA PRIMARIA,CIENCIAS DE LA EDUCACION,E
44,M,3,LICENCIATURA EN EDUCACIN BASICA PRIMARIA,CIENCIAS DE LA EDUCACION,E
23,F,2,LICENCIATURA EN EDUCACIN BASICA PRIMARIA,CIENCIAS DE LA EDUCACION,E
23,F,2,LICENCIATURA EN EDUCACIN BASICA PRIMARIA,CIENCIAS DE LA EDUCACION,B
26,F,2,LICENCIATURA EN EDUCACIN BASICA PRIMARIA,CIENCIAS DE LA EDUCACION,E
22,F,2,LICENCIATURA EN EDUCACIN BASICA PRIMARIA,CIENCIAS DE LA EDUCACION,B
28,F,2,PSICOLOGIA,CIENCIAS DE LA SALUD,E
27,M,4,PSICOLOGIA,CIENCIAS DE LA SALUD,E
23,F,1,MEDICINA,CIENCIAS DE LA SALUD,D
20,M,2,MEDICINA,CIENCIAS DE LA SALUD,E
22,M,2,ECONOMIA,CIENCIAS ECONOMICAS Y ADMINISTRATIVAS,C
20,M,2,ECONOMIA,CIENCIAS ECONOMICAS Y ADMINISTRATIVAS,B
24,M,4,ECONOMIA,CIENCIAS ECONOMICAS Y ADMINISTRATIVAS,C
29,M,2,ECONOMIA,CIENCIAS ECONOMICAS Y ADMINISTRATIVAS,B
22,M,2,ECONOMIA,CIENCIAS ECONOMICAS Y ADMINISTRATIVAS,C
24,M,2,ECONOMIA,CIENCIAS ECONOMICAS Y ADMINISTRATIVAS,E
23,M,2,ECONOMIA,CIENCIAS ECONOMICAS Y ADMINISTRATIVAS,C
21,M,3,ECONOMIA,CIENCIAS ECONOMICAS Y ADMINISTRATIVAS,E
34,M,,ECONOMIA,CIENCIAS ECONOMICAS Y ADMINISTRATIVAS,C
20,M,1,ADMINISTRACIN DE EMPRESAS,CIENCIAS ECONOMICAS Y ADMINISTRATIVAS,B
27,M,2,ADMINISTRACIN DE EMPRESAS,CIENCIAS ECONOMICAS Y ADMINISTRATIVAS,E
20,M,1,ADMINISTRACIN DE EMPRESAS,CIENCIAS ECONOMICAS Y ADMINISTRATIVAS,E
22,M,2,ADMINISTRACIN DE EMPRESAS,CIENCIAS ECONOMICAS Y ADMINISTRATIVAS,B
21,F,3,ADMINISTRACIN DE EMPRESAS,CIENCIAS ECONOMICAS Y ADMINISTRATIVAS,C
20,F,2,ADMINISTRACIN DE EMPRESAS,CIENCIAS ECONOMICAS Y ADMINISTRATIVAS,C
25,F,1,ADMINISTRACIN DE EMPRESAS,CIENCIAS ECONOMICAS Y ADMINISTRATIVAS,C
28,M,2,ADMINISTRACIN DE EMPRESAS,CIENCIAS ECONOMICAS Y ADMINISTRATIVAS,C
22,F,2,ADMINISTRACIN DE EMPRESAS,CIENCIAS ECONOMICAS Y ADMINISTRATIVAS,B
28,M,1,CONTADURIA PUBLICA,CIENCIAS ECONOMICAS Y ADMINISTRATIVAS,B
47,M,2,DERECHO,DERECHO Y CIENCIAS  SOCIALES,D
28,M,1,DERECHO,DERECHO Y CIENCIAS  SOCIALES,D
25,M,2,DERECHO,DERECHO Y CIENCIAS  SOCIALES,E
28,M,,DERECHO,DERECHO Y CIENCIAS  SOCIALES,E
21,F,2,DERECHO,DERECHO Y CIENCIAS  SOCIALES,E
33,M,3,DERECHO,DERECHO Y CIENCIAS  SOCIALES,D
31,M,2,DERECHO,DERECHO Y CIENCIAS  SOCIALES,C
35,M,,MAESTRA EN DERECHOS HUMANOS,DERECHO Y CIENCIAS  SOCIALES,B
35,M,,ESPECIALIZACION EN GERENCIA DE EMPRESAS DE SALUD,ESTUDIOS A DISTANCIA,A
28,F,,ESPECIALIZACION EN GERENCIA DE EMPRESAS DE SALUD,ESTUDIOS A DISTANCIA,A
34,F,,ESPECIALIZACION EN GERENCIA DE EMPRESAS DE SALUD,ESTUDIOS A DISTANCIA,A
28,F,,ESPECIALIZACION EN PEDAGOGIA DE LA LENGUA CASTELLANA Y LITERATURA,ESTUDIOS A DISTANCIA,A
42,F,,ESPECIALIZACION EN PEDAGOGIA DE LA LENGUA CASTELLANA Y LITERATURA,ESTUDIOS A DISTANCIA,A
36,M,,MAESTRIA EN DIDACTICA DE LA MATEMATICA,ESTUDIOS A DISTANCIA,B
24,M,,MAESTRIA EN DIDACTICA DE LA MATEMATICA,ESTUDIOS A DISTANCIA,A
30,F,2,TECNOLOGIA EN OBRAS CIVILES,ESTUDIOS A DISTANCIA,B
29,M,1,TECNOLOGIA EN OBRAS CIVILES,ESTUDIOS A DISTANCIA,E
20,M,2,TECNOLOGIA EN OBRAS CIVILES,ESTUDIOS A DISTANCIA,B
32,M,,TECNOLOGIA EN OBRAS CIVILES,ESTUDIOS A DISTANCIA,E
30,M,,TECNOLOGIA EN OBRAS CIVILES,ESTUDIOS A DISTANCIA,E
20,F,2,TECNOLOGIA EN OBRAS CIVILES,ESTUDIOS A DISTANCIA,B
26,F,2,TECNOLOGIA EN OBRAS CIVILES,ESTUDIOS A DISTANCIA,D
37,M,2,TECNOLOGIA EN OBRAS CIVILES,ESTUDIOS A DISTANCIA,D
30,M,1,TECNOLOGIA EN OBRAS CIVILES,ESTUDIOS A DISTANCIA,C
26,M,2,TECNOLOGIA EN OBRAS CIVILES,ESTUDIOS A DISTANCIA,B
36,M,3,TECNOLOGIA EN OBRAS CIVILES,ESTUDIOS A DISTANCIA,B
30,M,3,TECNOLOGIA EN OBRAS CIVILES,ESTUDIOS A DISTANCIA,E
41,M,3,TECNOLOGIA EN OBRAS CIVILES,ESTUDIOS A DISTANCIA,D
34,M,2,TECNOLOGIA EN OBRAS CIVILES,ESTUDIOS A DISTANCIA,E
29,M,1,TECNOLOGIA EN OBRAS CIVILES,ESTUDIOS A DISTANCIA,C
24,M,3,TECNOLOGIA EN OBRAS CIVILES,ESTUDIOS A DISTANCIA,E
31,M,,TECNOLOGIA EN OBRAS CIVILES,ESTUDIOS A DISTANCIA,D
25,M,2,TECNOLOGIA EN OBRAS CIVILES,ESTUDIOS A DISTANCIA,C
19,F,2,TECNOLOGIA EN OBRAS CIVILES,ESTUDIOS A DISTANCIA,E
30,M,1,TECNOLOGIA EN OBRAS CIVILES,ESTUDIOS A DISTANCIA,D
47,M,2,TECNOLOGIA EN OBRAS CIVILES,ESTUDIOS A DISTANCIA,E
19,M,2,TECNOLOGIA EN OBRAS CIVILES,ESTUDIOS A DISTANCIA,B
30,M,2,TECNOLOGIA EN OBRAS CIVILES,ESTUDIOS A DISTANCIA,E
34,M,2,TECNOLOGIA EN OBRAS CIVILES,ESTUDIOS A DISTANCIA,E
34,M,1,TECNOLOGIA EN OBRAS CIVILES,ESTUDIOS A DISTANCIA,D
21,F,2,TECNOLOGIA EN OBRAS CIVILES,ESTUDIOS A DISTANCIA,B
25,M,2,TECNOLOGIA EN OBRAS CIVILES,ESTUDIOS A DISTANCIA,B
24,M,1,TECNOLOGIA EN OBRAS CIVILES,ESTUDIOS A DISTANCIA,B
42,M,2,TECNOLOGIA EN OBRAS CIVILES,ESTUDIOS A DISTANCIA,B
28,M,2,TECNOLOGIA EN OBRAS CIVILES,ESTUDIOS A DISTANCIA,C
39,M,2,TECNOLOGIA EN MERCADEO AGROPECUARIO,ESTUDIOS A DISTANCIA,E
22,F,1,TECNOLOGIA EN REGENCIA DE FARMACIA,ESTUDIOS A DISTANCIA,E
23,F,1,TECNOLOGIA EN REGENCIA DE FARMACIA,ESTUDIOS A DISTANCIA,C
35,F,2,TECNOLOGIA EN REGENCIA DE FARMACIA,ESTUDIOS A DISTANCIA,C
24,F,1,TECNOLOGIA EN REGENCIA DE FARMACIA,ESTUDIOS A DISTANCIA,B
28,F,3,TECNOLOGIA EN REGENCIA DE FARMACIA,ESTUDIOS A DISTANCIA,C
28,F,1,TECNOLOGIA EN REGENCIA DE FARMACIA,ESTUDIOS A DISTANCIA,C
29,F,1,TECNOLOGIA EN REGENCIA DE FARMACIA,ESTUDIOS A DISTANCIA,C
31,M,3,TECNOLOGIA EN REGENCIA DE FARMACIA,ESTUDIOS A DISTANCIA,E
33,M,2,TECNOLOGIA EN MAQUINAS Y HERRAMIENTAS,ESTUDIOS A DISTANCIA,D
39,M,2,TECNOLOGIA EN OBRAS CIVILES,ESTUDIOS A DISTANCIA,E
34,M,2,TECNOLOGIA EN OBRAS CIVILES,ESTUDIOS A DISTANCIA,C
33,M,2,TECNOLOGIA EN OBRAS CIVILES,ESTUDIOS A DISTANCIA,C
28,M,3,TECNOLOGIA EN OBRAS CIVILES,ESTUDIOS A DISTANCIA,C
30,M,2,TECNOLOGIA EN OBRAS CIVILES,ESTUDIOS A DISTANCIA,A
19,M,,TECNICA PROFESIONAL EN PROCESOS AGROINDUSTRIALES,ESTUDIOS A DISTANCIA,C
21,F,1,TECNICA PROFESIONAL EN PROCESOS AGROINDUSTRIALES,ESTUDIOS A DISTANCIA,B
28,F,2,TECNICA PROFESIONAL EN PROCESOS AGROINDUSTRIALES,ESTUDIOS A DISTANCIA,E
18,F,2,TECNICA PROFESIONAL EN PROCESOS AGROINDUSTRIALES,ESTUDIOS A DISTANCIA,C
36,F,2,TECNICA PROFESIONAL EN PROCESOS AGROINDUSTRIALES,ESTUDIOS A DISTANCIA,E
30,M,2,TECNICA PROFESIONAL EN PROCESOS AGROINDUSTRIALES,ESTUDIOS A DISTANCIA,B
26,M,2,TECNICA PROFESIONAL EN PROCESOS AGROINDUSTRIALES,ESTUDIOS A DISTANCIA,C
36,M,2,TECNICA PROFESIONAL EN PROCESOS AGROINDUSTRIALES,ESTUDIOS A DISTANCIA,B
26,M,2,TECNOLOGIA EN GESTIN AGROINDUSTRIAL,ESTUDIOS A DISTANCIA,B
24,F,1,ADMINISTRACIN AGROINDUSTRIAL,ESTUDIOS A DISTANCIA,D
28,F,1,TECNICA PROFESIONAL EN PROCESOS AGROINDUSTRIALES,ESTUDIOS A DISTANCIA,B
22,M,2,TECNOLOGIA DE PROGRAMACIN DE SISTEMAS INFORMATICOS,ESTUDIOS A DISTANCIA,C
19,M,2,TECNOLOGIA DE PROGRAMACIN DE SISTEMAS INFORMATICOS,ESTUDIOS A DISTANCIA,B
18,F,1,TECNOLOGIA DE PROGRAMACIN DE SISTEMAS INFORMATICOS,ESTUDIOS A DISTANCIA,B
22,M,1,TECNOLOGIA DE PROGRAMACIN DE SISTEMAS INFORMATICOS,ESTUDIOS A DISTANCIA,B
20,F,2,TECNOLOGIA DE PROGRAMACIN DE SISTEMAS INFORMATICOS,ESTUDIOS A DISTANCIA,C
31,M,3,TECNOLOGIA DE PROGRAMACIN DE SISTEMAS INFORMATICOS,ESTUDIOS A DISTANCIA,B
20,M,2,TECNOLOGIA DE PROGRAMACIN DE SISTEMAS INFORMATICOS,ESTUDIOS A DISTANCIA,B
21,M,1,TECNOLOGIA DE PROGRAMACIN DE SISTEMAS INFORMATICOS,ESTUDIOS A DISTANCIA,C
26,M,2,TECNOLOGIA DE PROGRAMACIN DE SISTEMAS INFORMATICOS,ESTUDIOS A DISTANCIA,B
27,M,1,TECNOLOGIA DE PROGRAMACIN DE SISTEMAS INFORMATICOS,ESTUDIOS A DISTANCIA,B
21,M,3,TECNOLOGIA DE PROGRAMACIN DE SISTEMAS INFORMATICOS,ESTUDIOS A DISTANCIA,C
22,F,1,TECNOLOGIA DE PROGRAMACIN DE SISTEMAS INFORMATICOS,ESTUDIOS A DISTANCIA,B
19,M,2,TECNOLOGIA DE PROGRAMACIN DE SISTEMAS INFORMATICOS,ESTUDIOS A DISTANCIA,B
30,M,2,TECNOLOGIA EN GESTIN DE PRODUCCIN Y TRANSFOMACIN DEL ACERO,ESTUDIOS A DISTANCIA,E
25,F,2,TECNICA PROFESIONAL EN PROCESOS ADMINISTRATIVOS DE SALUD,ESTUDIOS A DISTANCIA,E
26,F,2,TECNICA PROFESIONAL EN PROCESOS ADMINISTRATIVOS DE SALUD,ESTUDIOS A DISTANCIA,C
23,M,2,TECNICA PROFESIONAL EN PROCESOS ADMINISTRATIVOS DE SALUD,ESTUDIOS A DISTANCIA,B
33,F,2,TECNICA PROFESIONAL EN PROCESOS ADMINISTRATIVOS DE SALUD,ESTUDIOS A DISTANCIA,E
32,F,2,TECNOLOGIA EN GESTIN ADMINISTRATIVA DE SERVICIOS DE SALUD,ESTUDIOS A DISTANCIA,E
29,F,2,TECNOLOGIA EN GESTIN ADMINISTRATIVA DE SERVICIOS DE SALUD,ESTUDIOS A DISTANCIA,D
38,F,2,ADMINISTRACIN DE SERVICIOS DE SALUD,ESTUDIOS A DISTANCIA,E
25,F,2,TECNICA PROFESIONAL EN PROCESOS COMERCIALES Y FINANCIEROS,ESTUDIOS A DISTANCIA,C
32,F,3,TECNICA PROFESIONAL EN PROCESOS COMERCIALES Y FINANCIEROS,ESTUDIOS A DISTANCIA,C
46,F,2,TECNICA PROFESIONAL EN PROCESOS COMERCIALES Y FINANCIEROS,ESTUDIOS A DISTANCIA,E
28,M,2,TECNICA PROFESIONAL EN PROCESOS COMERCIALES Y FINANCIEROS,ESTUDIOS A DISTANCIA,E
20,F,2,TECNICA PROFESIONAL EN PROCESOS COMERCIALES Y FINANCIEROS,ESTUDIOS A DISTANCIA,E
28,M,3,TECNICA PROFESIONAL EN PROCESOS COMERCIALES Y FINANCIEROS,ESTUDIOS A DISTANCIA,B
29,M,1,TECNICA PROFESIONAL EN PROCESOS COMERCIALES Y FINANCIEROS,ESTUDIOS A DISTANCIA,B
31,M,1,TECNOLOGIA EN GESTIN COMERCIAL Y FINANCIERA,ESTUDIOS A DISTANCIA,D
35,M,2,TECNOLOGIA EN GESTIN COMERCIAL Y FINANCIERA,ESTUDIOS A DISTANCIA,E
31,F,2,ADMINISTRACIN COMERCIAL Y FINANCIERA,ESTUDIOS A DISTANCIA,E
51,F,3,ADMINISTRACIN COMERCIAL Y FINANCIERA,ESTUDIOS A DISTANCIA,D
34,F,2,ADMINISTRACIN COMERCIAL Y FINANCIERA,ESTUDIOS A DISTANCIA,D
33,F,1,ADMINISTRACIN COMERCIAL Y FINANCIERA,ESTUDIOS A DISTANCIA,E
25,F,1,TECNICA PROFESIONAL EN PROCESOS ADMINISTRATIVOS DE SALUD,ESTUDIOS A DISTANCIA,C
19,F,2,TECNICA PROFESIONAL EN PROCESOS ADMINISTRATIVOS DE SALUD,ESTUDIOS A DISTANCIA,B
23,F,2,TECNICA PROFESIONAL EN PROCESOS ADMINISTRATIVOS DE SALUD,ESTUDIOS A DISTANCIA,B
24,F,1,TECNICA PROFESIONAL EN PROCESOS ADMINISTRATIVOS DE SALUD,ESTUDIOS A DISTANCIA,B
34,F,2,TECNICA PROFESIONAL EN PROCESOS ADMINISTRATIVOS DE SALUD,ESTUDIOS A DISTANCIA,C
23,M,1,TECNICA PROFESIONAL EN PROCESOS ADMINISTRATIVOS DE SALUD,ESTUDIOS A DISTANCIA,B
26,M,2,TECNICA PROFESIONAL EN PROCESOS ADMINISTRATIVOS DE SALUD,ESTUDIOS A DISTANCIA,B
24,M,1,TECNICA PROFESIONAL EN PROCESOS ADMINISTRATIVOS DE SALUD,ESTUDIOS A DISTANCIA,B
19,F,1,TECNICA PROFESIONAL EN PROCESOS ADMINISTRATIVOS DE SALUD,ESTUDIOS A DISTANCIA,B
22,F,1,TECNICA PROFESIONAL EN PROCESOS ADMINISTRATIVOS DE SALUD,ESTUDIOS A DISTANCIA,B
20,F,1,TECNICA PROFESIONAL EN PROCESOS ADMINISTRATIVOS DE SALUD,ESTUDIOS A DISTANCIA,B
29,F,1,TECNICA PROFESIONAL EN PROCESOS ADMINISTRATIVOS DE SALUD,ESTUDIOS A DISTANCIA,B
20,F,1,TECNICA PROFESIONAL EN PROCESOS ADMINISTRATIVOS DE SALUD,ESTUDIOS A DISTANCIA,D
21,M,1,TECNICA PROFESIONAL EN PROCESOS ADMINISTRATIVOS DE SALUD,ESTUDIOS A DISTANCIA,C
29,F,1,TECNICA PROFESIONAL EN PROCESOS ADMINISTRATIVOS DE SALUD,ESTUDIOS A DISTANCIA,B
22,F,2,TECNICA PROFESIONAL EN PROCESOS ADMINISTRATIVOS DE SALUD,ESTUDIOS A DISTANCIA,B
23,F,1,TECNICA PROFESIONAL EN PROCESOS COMERCIALES Y FINANCIEROS,ESTUDIOS A DISTANCIA,B
20,F,1,TECNICA PROFESIONAL EN PROCESOS COMERCIALES Y FINANCIEROS,ESTUDIOS A DISTANCIA,B
29,F,1,TECNICA PROFESIONAL EN PROCESOS COMERCIALES Y FINANCIEROS,ESTUDIOS A DISTANCIA,B
24,F,2,TECNICA PROFESIONAL EN PROCESOS COMERCIALES Y FINANCIEROS,ESTUDIOS A DISTANCIA,D
25,M,1,TECNICA PROFESIONAL EN PROCESOS COMERCIALES Y FINANCIEROS,ESTUDIOS A DISTANCIA,B
40,F,2,TECNICA PROFESIONAL EN PROCESOS COMERCIALES Y FINANCIEROS,ESTUDIOS A DISTANCIA,D
23,F,2,TECNICA PROFESIONAL EN PROCESOS COMERCIALES Y FINANCIEROS,ESTUDIOS A DISTANCIA,D
21,F,2,TECNICA PROFESIONAL EN PROCESOS COMERCIALES Y FINANCIEROS,ESTUDIOS A DISTANCIA,E
28,M,1,TECNICA PROFESIONAL EN PROCESOS COMERCIALES Y FINANCIEROS,ESTUDIOS A DISTANCIA,C
22,F,2,TECNICA PROFESIONAL EN PROCESOS COMERCIALES Y FINANCIEROS,ESTUDIOS A DISTANCIA,C
31,M,3,TECNICA PROFESIONAL EN PROCESOS COMERCIALES Y FINANCIEROS,ESTUDIOS A DISTANCIA,C
26,F,2,TECNICA PROFESIONAL EN PROCESOS COMERCIALES Y FINANCIEROS,ESTUDIOS A DISTANCIA,E
32,M,2,TECNICA PROFESIONAL EN PROCESOS COMERCIALES Y FINANCIEROS,ESTUDIOS A DISTANCIA,B
19,F,3,TECNICA PROFESIONAL EN PROCESOS COMERCIALES Y FINANCIEROS,ESTUDIOS A DISTANCIA,B
41,F,2,TECNICA PROFESIONAL EN PROCESOS COMERCIALES Y FINANCIEROS,ESTUDIOS A DISTANCIA,E
25,F,1,TECNICA PROFESIONAL EN PROCESOS COMERCIALES Y FINANCIEROS,ESTUDIOS A DISTANCIA,C
32,M,2,TECNICA PROFESIONAL EN PROCESOS COMERCIALES Y FINANCIEROS,ESTUDIOS A DISTANCIA,B
24,F,2,TECNICA PROFESIONAL EN PROCESOS COMERCIALES Y FINANCIEROS,ESTUDIOS A DISTANCIA,B
24,F,2,TECNICA PROFESIONAL EN PROCESOS COMERCIALES Y FINANCIEROS,ESTUDIOS A DISTANCIA,B
36,F,,TECNICA PROFESIONAL EN PROCESOS COMERCIALES Y FINANCIEROS,ESTUDIOS A DISTANCIA,E
25,F,3,TECNICA PROFESIONAL EN PROCESOS COMERCIALES Y FINANCIEROS,ESTUDIOS A DISTANCIA,E
30,M,2,TECNICA PROFESIONAL EN PROCESOS COMERCIALES Y FINANCIEROS,ESTUDIOS A DISTANCIA,B
32,F,2,TECNOLOGIA EN GESTIN COMERCIAL Y FINANCIERA,ESTUDIOS A DISTANCIA,E
23,F,2,ADMINISTRACIN COMERCIAL Y FINANCIERA,ESTUDIOS A DISTANCIA,D
27,M,2,ADMINISTRACIN COMERCIAL Y FINANCIERA,ESTUDIOS A DISTANCIA,E
28,F,3,ADMINISTRACIN COMERCIAL Y FINANCIERA,ESTUDIOS A DISTANCIA,D
27,F,2,ADMINISTRACIN COMERCIAL Y FINANCIERA,ESTUDIOS A DISTANCIA,D
20,F,1,TECNICA PROFESIONAL EN PROCESOS COMERCIALES Y FINANCIEROS,ESTUDIOS A DISTANCIA,B
27,F,1,TECNICA PROFESIONAL EN PROCESOS COMERCIALES Y FINANCIEROS,ESTUDIOS A DISTANCIA,B
25,F,2,TECNOLOGIA EN GESTIN ADMINISTRATIVA DE SERVICIOS DE SALUD,ESTUDIOS A DISTANCIA,E
24,F,2,TECNOLOGIA EN GESTIN ADMINISTRATIVA DE SERVICIOS DE SALUD,ESTUDIOS A DISTANCIA,E
29,F,2,TECNOLOGIA EN GESTIN ADMINISTRATIVA DE SERVICIOS DE SALUD,ESTUDIOS A DISTANCIA,E
28,M,1,TECNOLOGIA EN ELECTRICIDAD INDUSTRIAL,ESTUDIOS A DISTANCIA,B
21,F,2,TECNOLOGIA EN ELECTRICIDAD INDUSTRIAL,ESTUDIOS A DISTANCIA,C
21,M,2,TECNOLOGIA EN ELECTRICIDAD INDUSTRIAL,ESTUDIOS A DISTANCIA,C
35,M,1,TECNOLOGIA EN ELECTRICIDAD INDUSTRIAL,ESTUDIOS A DISTANCIA,C
19,M,1,TECNOLOGIA EN ELECTRICIDAD INDUSTRIAL,ESTUDIOS A DISTANCIA,C
18,M,1,TECNOLOGIA EN ELECTRICIDAD INDUSTRIAL,ESTUDIOS A DISTANCIA,B
35,M,1,TECNOLOGIA EN ELECTRICIDAD INDUSTRIAL,ESTUDIOS A DISTANCIA,B
23,M,1,TECNOLOGIA EN ELECTRICIDAD INDUSTRIAL,ESTUDIOS A DISTANCIA,C
29,M,2,TECNOLOGIA EN ELECTRICIDAD INDUSTRIAL,ESTUDIOS A DISTANCIA,B
43,M,2,TECNOLOGIA EN ELECTRICIDAD INDUSTRIAL,ESTUDIOS A DISTANCIA,C
19,M,2,TECNOLOGIA EN ELECTRICIDAD INDUSTRIAL,ESTUDIOS A DISTANCIA,B
31,M,2,TECNOLOGIA EN ELECTRICIDAD INDUSTRIAL,ESTUDIOS A DISTANCIA,B
18,M,1,TECNOLOGIA DE PROGRAMACIN DE SISTEMAS INFORMATICOS,ESTUDIOS A DISTANCIA,B
20,M,2,TECNOLOGIA DE PROGRAMACIN DE SISTEMAS INFORMATICOS,ESTUDIOS A DISTANCIA,C
23,M,1,TECNOLOGIA DE PROGRAMACIN DE SISTEMAS INFORMATICOS,ESTUDIOS A DISTANCIA,B
20,F,1,TECNICA PROFESIONAL EN PROCESOS COMERCIALES Y FINANCIEROS,ESTUDIOS A DISTANCIA,B
32,F,2,TECNOLOGIA EN GESTIN COMERCIAL Y FINANCIERA,ESTUDIOS A DISTANCIA,D
28,M,2,TECNOLOGIA EN GESTIN COMERCIAL Y FINANCIERA,ESTUDIOS A DISTANCIA,D
21,M,1,TECNICA PROFESIONAL EN PROCESOS AGROINDUSTRIALES,ESTUDIOS A DISTANCIA,C
22,M,1,INGENIERA CIVIL,INGENIERIA,B
25,M,,INGENIERA CIVIL,INGENIERIA,E
24,M,2,INGENIERA CIVIL,INGENIERIA,E
28,F,3,INGENIERA CIVIL,INGENIERIA,E
20,M,3,INGENIERA CIVIL,INGENIERIA,C
24,M,2,INGENIERA METALURGICA,INGENIERIA,B
22,M,2,INGENIERA METALURGICA,INGENIERIA,C
24,M,3,INGENIERA METALURGICA,INGENIERIA,B
24,M,2,INGENIERA METALURGICA,INGENIERIA,E
19,M,1,INGENIERA METALURGICA,INGENIERIA,B
24,M,2,INGENIERA METALURGICA,INGENIERIA,C
21,M,2,INGENIERA METALURGICA,INGENIERIA,C
24,M,2,INGENIERA DE TRANSPORTE Y VIAS,INGENIERIA,E
23,M,2,INGENIERA DE TRANSPORTE Y VIAS,INGENIERIA,B
19,M,1,INGENIERA DE TRANSPORTE Y VIAS,INGENIERIA,B
20,M,3,INGENIERA DE TRANSPORTE Y VIAS,INGENIERIA,C
27,M,2,INGENIERA DE TRANSPORTE Y VIAS,INGENIERIA,B
26,M,3,INGENIERA DE TRANSPORTE Y VIAS,INGENIERIA,E
31,M,2,INGENIERA DE TRANSPORTE Y VIAS,INGENIERIA,E
18,M,1,INGENIERA DE TRANSPORTE Y VIAS,INGENIERIA,B
27,F,1,INGENIERA DE TRANSPORTE Y VIAS,INGENIERIA,E
32,M,2,INGENIERA DE SISTEMAS Y COMPUTACION,INGENIERIA,C
25,M,3,INGENIERA AMBIENTAL,INGENIERIA,D
22,F,2,INGENIERA AMBIENTAL,INGENIERIA,B
24,M,1,INGENIERA AMBIENTAL,INGENIERIA,B
23,M,2,INGENIERA AMBIENTAL,INGENIERIA,B
19,F,1,INGENIERA AMBIENTAL,INGENIERIA,C
20,M,3,INGENIERA AMBIENTAL,INGENIERIA,B
19,M,2,INGENIERA AMBIENTAL,INGENIERIA,E
28,M,2,INGENIERA ELECTRONICA,INGENIERIA,E
27,M,1,INGENIERA ELECTRONICA,INGENIERIA,C
19,M,1,INGENIERA ELECTRONICA,INGENIERIA,B
23,M,3,INGENIERA ELECTRONICA,INGENIERIA,E
28,M,1,INGENIERA ELECTRONICA,INGENIERIA,E
48,M,,ESPECIALIZACIN EN INFRAESTRUCTURA VIAL,INGENIERIA,A
57,M,,ESPECIALIZACIN EN GEOTECNIA,INGENIERIA,A
35,M,,ESPECIALIZACIN EN GESTIN AVANZADA DEL RIESGO DE DESASTRES,INGENIERIA,A
33,M,,MAESTRA EN METALRGIA Y CIENCIA DE MATERIALES,INGENIERIA,B
41,M,,"MAESTRA EN INGENIERA CON ENFASIS EN TRANSPORTE, EN TRANSITO Y EN INFRAESTRUCTURA VIAL",INGENIERIA,A
48,M,,DOCTORADO EN INGENIERA Y CIENCIAS DE LOS MATERIALES,INGENIERIA,B
19,F,1,ADMINISTRACIN DE EMPRESAS,SECCIONAL CHIQUINQUIRA,E
32,F,,CONTADURIA PUBLICA,SECCIONAL CHIQUINQUIRA,E
22,M,2,CONTADURIA PUBLICA,SECCIONAL CHIQUINQUIRA,C
20,F,2,CONTADURIA PUBLICA,SECCIONAL CHIQUINQUIRA,C
21,F,2,CONTADURIA PUBLICA,SECCIONAL CHIQUINQUIRA,C
26,F,2,CONTADURIA PUBLICA,SECCIONAL CHIQUINQUIRA,E
24,M,2,CONTADURIA PUBLICA,SECCIONAL CHIQUINQUIRA,E
23,F,2,CONTADURIA PUBLICA,SECCIONAL CHIQUINQUIRA,E
24,F,2,CONTADURIA PUBLICA,SECCIONAL CHIQUINQUIRA,E
23,M,2,LICENCIATURA EN EDUCACIN FISICA RECREACIN Y DEPORTE,SECCIONAL CHIQUINQUIRA,C
22,M,2,LICENCIATURA EN EDUCACIN FISICA RECREACIN Y DEPORTE,SECCIONAL CHIQUINQUIRA,C
23,M,2,LICENCIATURA EN EDUCACIN FISICA RECREACIN Y DEPORTE,SECCIONAL CHIQUINQUIRA,C
19,M,2,LICENCIATURA EN EDUCACIN FISICA RECREACIN Y DEPORTE,SECCIONAL CHIQUINQUIRA,B
20,M,1,LICENCIATURA EN EDUCACIN FISICA RECREACIN Y DEPORTE,SECCIONAL CHIQUINQUIRA,C
21,M,2,LICENCIATURA EN EDUCACIN FISICA RECREACIN Y DEPORTE,SECCIONAL CHIQUINQUIRA,B
25,F,2,LICENCIATURA EN EDUCACIN FISICA RECREACIN Y DEPORTE,SECCIONAL CHIQUINQUIRA,C
25,M,2,LICENCIATURA EN EDUCACIN FISICA RECREACIN Y DEPORTE,SECCIONAL CHIQUINQUIRA,D
20,M,2,LICENCIATURA EN EDUCACIN FISICA RECREACIN Y DEPORTE,SECCIONAL CHIQUINQUIRA,C
24,M,2,LICENCIATURA EN TECNOLOGIA,SECCIONAL DUITAMA,C
21,F,3,LICENCIATURA EN TECNOLOGIA,SECCIONAL DUITAMA,D
23,M,1,INGENIERA ELECTROMECANICA,SECCIONAL DUITAMA,E
19,M,2,INGENIERA ELECTROMECANICA,SECCIONAL DUITAMA,C
35,M,1,INGENIERA ELECTROMECANICA,SECCIONAL DUITAMA,E
22,M,2,INGENIERA ELECTROMECANICA,SECCIONAL DUITAMA,E
29,M,2,INGENIERA ELECTROMECANICA,SECCIONAL DUITAMA,E
26,M,2,INGENIERA ELECTROMECANICA,SECCIONAL DUITAMA,E
35,M,,INGENIERA ELECTROMECANICA,SECCIONAL DUITAMA,E
34,M,3,INGENIERA ELECTROMECANICA,SECCIONAL DUITAMA,E
29,M,2,INGENIERA ELECTROMECANICA,SECCIONAL DUITAMA,E
19,M,2,ADMINISTRACIN TURISTICA Y HOTELERA,SECCIONAL DUITAMA,C
19,M,2,ADMINISTRACIN TURISTICA Y HOTELERA,SECCIONAL DUITAMA,B
24,M,2,ADMINISTRACIN TURISTICA Y HOTELERA,SECCIONAL DUITAMA,E
26,M,2,ADMINISTRACIN TURISTICA Y HOTELERA,SECCIONAL DUITAMA,C
22,F,1,ADMINISTRACIN TURISTICA Y HOTELERA,SECCIONAL DUITAMA,D
26,F,2,ADMINISTRACIN TURISTICA Y HOTELERA,SECCIONAL DUITAMA,D
22,M,2,ADMINISTRACIN TURISTICA Y HOTELERA,SECCIONAL DUITAMA,C
24,M,2,ADMINISTRACIN DE EMPRESAS AGROPECUARIAS,SECCIONAL DUITAMA,E
23,F,2,ADMINISTRACIN DE EMPRESAS AGROPECUARIAS,SECCIONAL DUITAMA,C
24,F,2,ADMINISTRACIN DE EMPRESAS AGROPECUARIAS,SECCIONAL DUITAMA,E
26,M,3,ADMINISTRACIN INDUSTRIAL,SECCIONAL DUITAMA,E
32,M,2,ADMINISTRACIN INDUSTRIAL,SECCIONAL DUITAMA,E
23,F,2,DISEO INDUSTRIAL,SECCIONAL DUITAMA,B
28,M,2,DISEO INDUSTRIAL,SECCIONAL DUITAMA,E
24,M,3,DISEO INDUSTRIAL,SECCIONAL DUITAMA,E
22,M,2,DISEO INDUSTRIAL,SECCIONAL DUITAMA,D
23,M,2,DISEO INDUSTRIAL,SECCIONAL DUITAMA,C
21,M,2,LICENCIATURA EN MATEMATICAS,SECCIONAL DUITAMA,D
26,M,2,LICENCIATURA EN MATEMATICAS,SECCIONAL DUITAMA,E
21,M,2,LICENCIATURA EN MATEMATICAS,SECCIONAL DUITAMA,C
25,F,2,LICENCIATURA EN MATEMATICAS,SECCIONAL DUITAMA,D
20,F,2,LICENCIATURA EN MATEMATICAS,SECCIONAL DUITAMA,E
34,M,,ESPECIALIZACIN EN GESTIN DE LA PRODUCTIVIDAD Y MEJORAMIENTO CONTINUO,SECCIONAL DUITAMA,A
33,M,,ESPECIALIZACIN EN PLANIFICACIN Y REGULACIN ENERGTICA,SECCIONAL DUITAMA,A
21,M,2,INGENIERA ELECTRONICA,SECCIONAL SOGAMOSO,C
30,M,2,INGENIERA ELECTRONICA,SECCIONAL SOGAMOSO,D
30,M,2,INGENIERA ELECTRONICA,SECCIONAL SOGAMOSO,E
27,M,2,INGENIERA ELECTRONICA,SECCIONAL SOGAMOSO,E
21,M,2,INGENIERA ELECTRONICA,SECCIONAL SOGAMOSO,C
27,F,2,INGENIERA ELECTRONICA,SECCIONAL SOGAMOSO,C
29,M,1,INGENIERA ELECTRONICA,SECCIONAL SOGAMOSO,E
22,M,1,INGENIERA ELECTRONICA,SECCIONAL SOGAMOSO,E
24,M,2,INGENIERA ELECTRONICA,SECCIONAL SOGAMOSO,C
23,F,2,INGENIERA ELECTRONICA,SECCIONAL SOGAMOSO,E
21,M,2,INGENIERA ELECTRONICA,SECCIONAL SOGAMOSO,B
18,F,2,INGENIERA GEOLOGICA,SECCIONAL SOGAMOSO,B
31,M,2,INGENIERA GEOLOGICA,SECCIONAL SOGAMOSO,B
23,M,2,INGENIERA GEOLOGICA,SECCIONAL SOGAMOSO,B
21,M,2,INGENIERA DE MINAS,SECCIONAL SOGAMOSO,B
30,M,3,INGENIERA DE MINAS,SECCIONAL SOGAMOSO,D
19,F,2,INGENIERA DE MINAS,SECCIONAL SOGAMOSO,C
32,M,,INGENIERA INDUSTRIAL,SECCIONAL SOGAMOSO,E
22,M,3,INGENIERA INDUSTRIAL,SECCIONAL SOGAMOSO,E
19,M,2,INGENIERA INDUSTRIAL,SECCIONAL SOGAMOSO,C
25,M,2,INGENIERA INDUSTRIAL,SECCIONAL SOGAMOSO,E
20,M,2,INGENIERA DE SISTEMAS Y COMPUTACION,SECCIONAL SOGAMOSO,B
20,M,2,INGENIERA DE SISTEMAS Y COMPUTACION,SECCIONAL SOGAMOSO,B
29,F,2,INGENIERA DE SISTEMAS Y COMPUTACION,SECCIONAL SOGAMOSO,E
19,M,2,INGENIERA DE SISTEMAS Y COMPUTACION,SECCIONAL SOGAMOSO,B
24,F,2,CONTADURIA PUBLICA,SECCIONAL SOGAMOSO,C
20,F,2,CONTADURIA PUBLICA,SECCIONAL SOGAMOSO,D
19,F,1,CONTADURIA PUBLICA,SECCIONAL SOGAMOSO,C
26,M,2,CONTADURIA PUBLICA,SECCIONAL SOGAMOSO,E
19,M,2,CONTADURIA PUBLICA,SECCIONAL SOGAMOSO,C
27,M,2,CONTADURIA PUBLICA,SECCIONAL SOGAMOSO,E
20,F,2,CONTADURIA PUBLICA,SECCIONAL SOGAMOSO,D
23,M,2,ADMINISTRACIN DE EMPRESAS,SECCIONAL SOGAMOSO,B
21,M,2,ADMINISTRACIN DE EMPRESAS,SECCIONAL SOGAMOSO,B
24,M,2,ADMINISTRACIN DE EMPRESAS,SECCIONAL SOGAMOSO,B
19,M,2,ADMINISTRACIN DE EMPRESAS,SECCIONAL SOGAMOSO,C
26,F,2,FINANZAS Y COMERCIO INTERNACIONAL,SECCIONAL SOGAMOSO,C
28,F,2,FINANZAS Y COMERCIO INTERNACIONAL,SECCIONAL SOGAMOSO,E
29,M,,MAESTRA EN LOGSTICA,SECCIONAL SOGAMOSO,B
19,M,2,FISICA,CIENCIAS,B
19,M,3,FISICA,CIENCIAS,B
18,M,3,FISICA,CIENCIAS,B
18,M,1,FISICA,CIENCIAS,C
25,M,2,BIOLOGIA,CIENCIAS,E
19,M,2,BIOLOGIA,CIENCIAS,C
19,F,2,BIOLOGIA,CIENCIAS,D
23,M,2,BIOLOGIA,CIENCIAS,B
19,F,1,BIOLOGIA,CIENCIAS,C
19,M,2,MATEMATICAS,CIENCIAS,C
19,F,2,MATEMATICAS,CIENCIAS,E
24,M,1,MATEMATICAS,CIENCIAS,B
19,M,1,MATEMATICAS,CIENCIAS,B
22,M,3,MATEMATICAS,CIENCIAS,E
21,M,3,MATEMATICAS,CIENCIAS,C
21,F,1,MATEMATICAS,CIENCIAS,C
20,M,1,QUIMICA,CIENCIAS,C
22,F,2,QUIMICA,CIENCIAS,D
19,F,1,QUIMICA,CIENCIAS,D
20,M,3,QUIMICA,CIENCIAS,B
21,M,2,QUIMICA,CIENCIAS,B
28,F,2,INGENIERA AGRONOMICA,CIENCIAS AGROPECUARIAS,E
21,M,2,INGENIERA AGRONOMICA,CIENCIAS AGROPECUARIAS,D
20,M,3,INGENIERA AGRONOMICA,CIENCIAS AGROPECUARIAS,C
20,M,2,INGENIERA AGRONOMICA,CIENCIAS AGROPECUARIAS,D
20,F,2,INGENIERA AGRONOMICA,CIENCIAS AGROPECUARIAS,C
19,F,1,INGENIERA AGRONOMICA,CIENCIAS AGROPECUARIAS,E
25,M,2,INGENIERA AGRONOMICA,CIENCIAS AGROPECUARIAS,D
21,M,1,MEDICINA VETERINARIA Y ZOOTECNIA,CIENCIAS AGROPECUARIAS,E
25,F,2,MEDICINA VETERINARIA Y ZOOTECNIA,CIENCIAS AGROPECUARIAS,C
31,M,3,MEDICINA VETERINARIA Y ZOOTECNIA,CIENCIAS AGROPECUARIAS,E
27,F,,MAESTRA EN CIENCIAS VETERINARIAS,CIENCIAS AGROPECUARIAS,A
31,F,,LICENCIATURA EN LENGUAS EXTRANJERAS,CIENCIAS DE LA EDUCACION,E
27,M,1,LICENCIATURA EN INFORMATICA Y TECNOLOGIA,CIENCIAS DE LA EDUCACION,D
25,M,1,LICENCIATURA EN INFORMATICA Y TECNOLOGIA,CIENCIAS DE LA EDUCACION,E
23,M,2,LICENCIATURA EN MATEMATICAS,CIENCIAS DE LA EDUCACION,C
27,M,2,LICENCIATURA EN MATEMATICAS,CIENCIAS DE LA EDUCACION,E
20,M,2,LICENCIATURA EN CIENCIAS NATURALES Y EDUCACIN AMBIENTAL,CIENCIAS DE LA EDUCACION,D
19,F,2,LICENCIATURA EN CIENCIAS NATURALES Y EDUCACIN AMBIENTAL,CIENCIAS DE LA EDUCACION,B
20,M,2,LICENCIATURA EN CIENCIAS NATURALES Y EDUCACIN AMBIENTAL,CIENCIAS DE LA EDUCACION,D
21,M,3,LICENCIATURA EN CIENCIAS NATURALES Y EDUCACIN AMBIENTAL,CIENCIAS DE LA EDUCACION,C
27,M,2,LICENCIATURA EN CIENCIAS NATURALES Y EDUCACIN AMBIENTAL,CIENCIAS DE LA EDUCACION,B
22,M,2,LICENCIATURA EN CIENCIAS NATURALES Y EDUCACIN AMBIENTAL,CIENCIAS DE LA EDUCACION,D
19,F,1,LICENCIATURA EN MATEMATICAS,CIENCIAS DE LA EDUCACION,C
20,M,1,LICENCIATURA EN MATEMATICAS,CIENCIAS DE LA EDUCACION,B
20,F,1,LICENCIATURA EN MATEMATICAS,CIENCIAS DE LA EDUCACION,C
24,M,1,LICENCIATURA EN MATEMATICAS,CIENCIAS DE LA EDUCACION,E
31,M,2,LICENCIATURA EN MATEMATICAS,CIENCIAS DE LA EDUCACION,E
19,M,2,LICENCIATURA EN MATEMATICAS,CIENCIAS DE LA EDUCACION,E
30,M,2,LICENCIATURA EN MATEMATICAS,CIENCIAS DE LA EDUCACION,D
24,M,2,LICENCIATURA EN EDUCACIN FISICA RECREACIN Y DEPORTE,CIENCIAS DE LA EDUCACION,D
24,M,2,LICENCIATURA EN EDUCACIN FISICA RECREACIN Y DEPORTE,CIENCIAS DE LA EDUCACION,C
31,M,1,LICENCIATURA EN EDUCACIN FISICA RECREACIN Y DEPORTE,CIENCIAS DE LA EDUCACION,E
18,M,3,LICENCIATURA EN EDUCACIN FISICA RECREACIN Y DEPORTE,CIENCIAS DE LA EDUCACION,C
19,M,2,LICENCIATURA EN EDUCACIN FISICA RECREACIN Y DEPORTE,CIENCIAS DE LA EDUCACION,C
23,M,2,LICENCIATURA EN EDUCACIN FISICA RECREACIN Y DEPORTE,CIENCIAS DE LA EDUCACION,D
24,M,2,LICENCIATURA EN EDUCACIN FISICA RECREACIN Y DEPORTE,CIENCIAS DE LA EDUCACION,B
24,M,1,LICENCIATURA EN EDUCACIN FISICA RECREACIN Y DEPORTE,CIENCIAS DE LA EDUCACION,C
18,M,3,LICENCIATURA EN EDUCACIN FISICA RECREACIN Y DEPORTE,CIENCIAS DE LA EDUCACION,C
18,F,3,LICENCIATURA EN EDUCACIN FISICA RECREACIN Y DEPORTE,CIENCIAS DE LA EDUCACION,B
26,M,2,LICENCIATURA EN CIENCIAS SOCIALES,CIENCIAS DE LA EDUCACION,E
24,M,2,LICENCIATURA EN CIENCIAS SOCIALES,CIENCIAS DE LA EDUCACION,E
24,F,2,LIC. EN PSICOPEDAGOGIA ENFASIS ASESORIA EDUCATIVA,CIENCIAS DE LA EDUCACION,D
20,F,1,LIC. EN PSICOPEDAGOGIA ENFASIS ASESORIA EDUCATIVA,CIENCIAS DE LA EDUCACION,B
20,F,2,LIC. EN PSICOPEDAGOGIA ENFASIS ASESORIA EDUCATIVA,CIENCIAS DE LA EDUCACION,E
20,M,2,LICENCIATURA EN MUSICA,CIENCIAS DE LA EDUCACION,C
19,M,2,LICENCIATURA EN MUSICA,CIENCIAS DE LA EDUCACION,C
21,M,3,LICENCIATURA EN MUSICA,CIENCIAS DE LA EDUCACION,E
22,F,2,LICENCIATURA EN MUSICA,CIENCIAS DE LA EDUCACION,A
20,M,2,LICENCIATURA EN FILOSOFIA,CIENCIAS DE LA EDUCACION,B
21,F,1,LICENCIATURA EN FILOSOFIA,CIENCIAS DE LA EDUCACION,C
21,M,1,LICENCIATURA EN FILOSOFIA,CIENCIAS DE LA EDUCACION,B
22,M,2,LICENCIATURA EN FILOSOFIA,CIENCIAS DE LA EDUCACION,C
21,F,2,LICENCIATURA EN FILOSOFIA,CIENCIAS DE LA EDUCACION,C
19,F,2,LICENCIATURA EN FILOSOFIA,CIENCIAS DE LA EDUCACION,C
18,M,1,LICENCIATURA EN FILOSOFIA,CIENCIAS DE LA EDUCACION,B
21,M,4,LICENCIATURA EN FILOSOFIA,CIENCIAS DE LA EDUCACION,C
23,F,2,LICENCIATURA EN FILOSOFIA,CIENCIAS DE LA EDUCACION,E
26,M,3,LICENCIATURA EN FILOSOFIA,CIENCIAS DE LA EDUCACION,C
25,F,2,LICENCIATURA EN LENGUAS EXTRANJERAS CON ENFASIS EN INGLES Y EN FRANCES,CIENCIAS DE LA EDUCACION,E
23,M,2,LICENCIATURA EN LENGUAS EXTRANJERAS CON ENFASIS EN INGLES Y EN FRANCES,CIENCIAS DE LA EDUCACION,E
23,F,1,LICENCIATURA EN LENGUAS EXTRANJERAS CON ENFASIS EN INGLES Y EN FRANCES,CIENCIAS DE LA EDUCACION,D
18,M,2,LICENCIATURA EN LENGUAS EXTRANJERAS CON ENFASIS EN INGLES Y EN FRANCES,CIENCIAS DE LA EDUCACION,C
25,F,2,LICENCIATURA EN LENGUAS EXTRANJERAS CON ENFASIS EN INGLES Y EN FRANCES,CIENCIAS DE LA EDUCACION,E
26,M,2,LICENCIATURA EN EDUCACIN INFANTIL,CIENCIAS DE LA EDUCACION,D
21,F,1,LICENCIATURA EN EDUCACIN INFANTIL,CIENCIAS DE LA EDUCACION,C
23,F,2,"LICENCIATURA EN LENGUAS MODERNAS, CON ENFASIS EN INGLES",CIENCIAS DE LA EDUCACION,B
18,M,2,"LICENCIATURA EN LENGUAS MODERNAS, CON ENFASIS EN INGLES",CIENCIAS DE LA EDUCACION,B
19,M,2,"LICENCIATURA EN LENGUAS MODERNAS, CON ENFASIS EN INGLES",CIENCIAS DE LA EDUCACION,B
20,F,1,LICENCIATURA EN LITERATURA Y LENGUA CASTELLANA,CIENCIAS DE LA EDUCACION,D
20,F,2,LICENCIATURA EN LITERATURA Y LENGUA CASTELLANA,CIENCIAS DE LA EDUCACION,E
20,M,2,LICENCIATURA EN INFORMATICA,CIENCIAS DE LA EDUCACION,B
23,M,2,LICENCIATURA EN INFORMATICA,CIENCIAS DE LA EDUCACION,D
19,M,1,LICENCIATURA EN INFORMATICA,CIENCIAS DE LA EDUCACION,C
22,F,1,ARTES PLASTICAS Y VISUALES,CIENCIAS DE LA EDUCACION,B
25,F,,MAESTRA EN AMBIENTES EDUCATIVOS MEDIADOS POR TIC,CIENCIAS DE LA EDUCACION,B
38,F,,MAESTRA EN LINGSTICA,CIENCIAS DE LA EDUCACION,B
25,F,,MAESTRA EN LITERATURA,CIENCIAS DE LA EDUCACION,A
33,F,1,"LICENCIATURA EN EDUCACIN BASICA CON ENFASIS EN MATEMATICAS, HUMANIDADES Y LENGUA CASTELLANA",CIENCIAS DE LA EDUCACION,E
22,F,2,LICENCIATURA EN EDUCACIN BASICA PRIMARIA,CIENCIAS DE LA EDUCACION,B
26,M,1,LICENCIATURA EN EDUCACIN BASICA PRIMARIA,CIENCIAS DE LA EDUCACION,E
22,F,2,LICENCIATURA EN EDUCACIN BASICA PRIMARIA,CIENCIAS DE LA EDUCACION,D
19,F,2,LICENCIATURA EN EDUCACIN BASICA PRIMARIA,CIENCIAS DE LA EDUCACION,B
20,F,2,LICENCIATURA EN EDUCACIN BASICA PRIMARIA,CIENCIAS DE LA EDUCACION,C
22,M,2,LICENCIATURA EN EDUCACIN BASICA PRIMARIA,CIENCIAS DE LA EDUCACION,E
25,F,2,LICENCIATURA EN EDUCACIN BASICA PRIMARIA,CIENCIAS DE LA EDUCACION,D
22,F,2,LICENCIATURA EN EDUCACIN BASICA PRIMARIA,CIENCIAS DE LA EDUCACION,C
30,F,2,LICENCIATURA EN EDUCACIN BASICA PRIMARIA,CIENCIAS DE LA EDUCACION,E
20,F,2,LICENCIATURA EN EDUCACIN BASICA PRIMARIA,CIENCIAS DE LA EDUCACION,C
22,F,2,LICENCIATURA EN EDUCACIN BASICA PRIMARIA,CIENCIAS DE LA EDUCACION,D
28,F,2,LICENCIATURA EN EDUCACIN BASICA PRIMARIA,CIENCIAS DE LA EDUCACION,B
25,F,2,LICENCIATURA EN EDUCACIN BASICA PRIMARIA,CIENCIAS DE LA EDUCACION,C
23,F,3,PSICOLOGIA,CIENCIAS DE LA SALUD,D
25,M,3,PSICOLOGIA,CIENCIAS DE LA SALUD,D
23,F,2,ECONOMIA,CIENCIAS ECONOMICAS Y ADMINISTRATIVAS,C
26,M,3,ECONOMIA,CIENCIAS ECONOMICAS Y ADMINISTRATIVAS,E
21,M,4,ECONOMIA,CIENCIAS ECONOMICAS Y ADMINISTRATIVAS,D
26,M,3,ECONOMIA,CIENCIAS ECONOMICAS Y ADMINISTRATIVAS,E
26,M,2,ECONOMIA,CIENCIAS ECONOMICAS Y ADMINISTRATIVAS,B
28,M,2,ECONOMIA,CIENCIAS ECONOMICAS Y ADMINISTRATIVAS,D
23,M,1,ECONOMIA,CIENCIAS ECONOMICAS Y ADMINISTRATIVAS,B
25,M,2,ECONOMIA,CIENCIAS ECONOMICAS Y ADMINISTRATIVAS,D
22,M,2,ADMINISTRACIN DE EMPRESAS,CIENCIAS ECONOMICAS Y ADMINISTRATIVAS,E
23,M,2,ADMINISTRACIN DE EMPRESAS,CIENCIAS ECONOMICAS Y ADMINISTRATIVAS,D
19,M,2,ADMINISTRACIN DE EMPRESAS,CIENCIAS ECONOMICAS Y ADMINISTRATIVAS,B
35,M,3,ADMINISTRACIN DE EMPRESAS,CIENCIAS ECONOMICAS Y ADMINISTRATIVAS,E
17,M,2,ADMINISTRACIN DE EMPRESAS,CIENCIAS ECONOMICAS Y ADMINISTRATIVAS,B
26,F,1,ADMINISTRACIN DE EMPRESAS,CIENCIAS ECONOMICAS Y ADMINISTRATIVAS,E
28,F,2,ADMINISTRACIN DE EMPRESAS,CIENCIAS ECONOMICAS Y ADMINISTRATIVAS,C
32,M,1,ADMINISTRACIN DE EMPRESAS,CIENCIAS ECONOMICAS Y ADMINISTRATIVAS,C
33,F,1,ADMINISTRACIN DE EMPRESAS,CIENCIAS ECONOMICAS Y ADMINISTRATIVAS,E
22,M,2,ADMINISTRACIN DE EMPRESAS,CIENCIAS ECONOMICAS Y ADMINISTRATIVAS,E
29,M,2,ADMINISTRACIN DE EMPRESAS,CIENCIAS ECONOMICAS Y ADMINISTRATIVAS,C
24,M,3,ADMINISTRACIN DE EMPRESAS,CIENCIAS ECONOMICAS Y ADMINISTRATIVAS,C
27,M,2,ADMINISTRACIN DE EMPRESAS,CIENCIAS ECONOMICAS Y ADMINISTRATIVAS,C
34,F,3,ADMINISTRACIN DE EMPRESAS,CIENCIAS ECONOMICAS Y ADMINISTRATIVAS,E
21,F,1,ADMINISTRACIN DE EMPRESAS,CIENCIAS ECONOMICAS Y ADMINISTRATIVAS,E
24,M,3,CONTADURIA PUBLICA,CIENCIAS ECONOMICAS Y ADMINISTRATIVAS,B
24,M,2,CONTADURIA PUBLICA,CIENCIAS ECONOMICAS Y ADMINISTRATIVAS,E
22,M,1,CONTADURIA PUBLICA,CIENCIAS ECONOMICAS Y ADMINISTRATIVAS,C
20,M,3,CONTADURIA PUBLICA,CIENCIAS ECONOMICAS Y ADMINISTRATIVAS,C
22,M,2,DERECHO,DERECHO Y CIENCIAS  SOCIALES,C
19,M,2,DERECHO,DERECHO Y CIENCIAS  SOCIALES,B
17,M,1,DERECHO,DERECHO Y CIENCIAS  SOCIALES,C
26,F,1,DERECHO,DERECHO Y CIENCIAS  SOCIALES,E
40,F,,ESPECIALIZACION EN ALTA GERENCIA DE EMPRESAS,ESTUDIOS A DISTANCIA,A
28,M,,ESPECIALIZACION EN DIDACTICA DE LA MATEMATICA PARA LA EDUCACION BASICA,ESTUDIOS A DISTANCIA,B
29,M,2,TECNOLOGIA EN OBRAS CIVILES,ESTUDIOS A DISTANCIA,D
32,M,3,TECNOLOGIA EN OBRAS CIVILES,ESTUDIOS A DISTANCIA,E
20,M,1,TECNOLOGIA EN OBRAS CIVILES,ESTUDIOS A DISTANCIA,B
24,M,2,TECNOLOGIA EN OBRAS CIVILES,ESTUDIOS A DISTANCIA,C
24,M,1,TECNOLOGIA EN OBRAS CIVILES,ESTUDIOS A DISTANCIA,E
18,F,1,TECNOLOGIA EN OBRAS CIVILES,ESTUDIOS A DISTANCIA,C
20,M,1,TECNOLOGIA EN OBRAS CIVILES,ESTUDIOS A DISTANCIA,C
24,M,3,TECNOLOGIA EN OBRAS CIVILES,ESTUDIOS A DISTANCIA,D
23,F,2,TECNOLOGIA EN OBRAS CIVILES,ESTUDIOS A DISTANCIA,B
23,M,2,TECNOLOGIA EN OBRAS CIVILES,ESTUDIOS A DISTANCIA,E
21,M,3,TECNOLOGIA EN OBRAS CIVILES,ESTUDIOS A DISTANCIA,E
27,F,2,TECNOLOGIA EN OBRAS CIVILES,ESTUDIOS A DISTANCIA,E
20,M,2,TECNOLOGIA EN OBRAS CIVILES,ESTUDIOS A DISTANCIA,C
40,M,2,TECNOLOGIA EN OBRAS CIVILES,ESTUDIOS A DISTANCIA,E
30,F,2,TECNOLOGIA EN OBRAS CIVILES,ESTUDIOS A DISTANCIA,E
19,M,2,TECNOLOGIA EN OBRAS CIVILES,ESTUDIOS A DISTANCIA,B
48,M,1,TECNOLOGIA EN OBRAS CIVILES,ESTUDIOS A DISTANCIA,B
20,M,2,TECNOLOGIA EN OBRAS CIVILES,ESTUDIOS A DISTANCIA,B
20,M,1,TECNOLOGIA EN OBRAS CIVILES,ESTUDIOS A DISTANCIA,B
21,F,3,TECNOLOGIA EN OBRAS CIVILES,ESTUDIOS A DISTANCIA,B
23,M,2,TECNOLOGIA EN OBRAS CIVILES,ESTUDIOS A DISTANCIA,C
39,M,2,TECNOLOGIA EN OBRAS CIVILES,ESTUDIOS A DISTANCIA,E
26,F,2,TECNOLOGIA EN REGENCIA DE FARMACIA,ESTUDIOS A DISTANCIA,C
23,F,3,TECNOLOGIA EN REGENCIA DE FARMACIA,ESTUDIOS A DISTANCIA,E
28,F,1,TECNOLOGIA EN REGENCIA DE FARMACIA,ESTUDIOS A DISTANCIA,E
24,F,3,TECNOLOGIA EN REGENCIA DE FARMACIA,ESTUDIOS A DISTANCIA,C
27,F,2,TECNOLOGIA EN REGENCIA DE FARMACIA,ESTUDIOS A DISTANCIA,D
22,M,2,TECNOLOGIA EN REGENCIA DE FARMACIA,ESTUDIOS A DISTANCIA,B
29,F,1,TECNOLOGIA EN REGENCIA DE FARMACIA,ESTUDIOS A DISTANCIA,E
23,F,3,TECNOLOGIA EN REGENCIA DE FARMACIA,ESTUDIOS A DISTANCIA,E
33,M,1,TECNOLOGIA EN OBRAS CIVILES,ESTUDIOS A DISTANCIA,C
35,M,1,TECNOLOGIA EN ELECTRICIDAD,ESTUDIOS A DISTANCIA,E
30,M,2,TECNICA PROFESIONAL EN PROCESOS AGROINDUSTRIALES,ESTUDIOS A DISTANCIA,C
33,M,1,TECNICA PROFESIONAL EN PROCESOS AGROINDUSTRIALES,ESTUDIOS A DISTANCIA,C
22,M,3,TECNICA PROFESIONAL EN PROCESOS AGROINDUSTRIALES,ESTUDIOS A DISTANCIA,B
22,F,2,TECNICA PROFESIONAL EN PROCESOS AGROINDUSTRIALES,ESTUDIOS A DISTANCIA,B
20,F,2,TECNICA PROFESIONAL EN PROCESOS AGROINDUSTRIALES,ESTUDIOS A DISTANCIA,B
23,F,1,TECNICA PROFESIONAL EN PROCESOS AGROINDUSTRIALES,ESTUDIOS A DISTANCIA,B
40,F,1,TECNICA PROFESIONAL EN PROCESOS AGROINDUSTRIALES,ESTUDIOS A DISTANCIA,E
21,F,1,TECNICA PROFESIONAL EN PROCESOS ADMINISTRATIVOS DE SALUD,ESTUDIOS A DISTANCIA,C
24,F,1,TECNICA PROFESIONAL EN PROCESOS ADMINISTRATIVOS DE SALUD,ESTUDIOS A DISTANCIA,E
20,F,1,TECNICA PROFESIONAL EN PROCESOS ADMINISTRATIVOS DE SALUD,ESTUDIOS A DISTANCIA,C
19,M,2,TECNOLOGIA DE PROGRAMACIN DE SISTEMAS INFORMATICOS,ESTUDIOS A DISTANCIA,B
28,M,3,TECNOLOGIA DE PROGRAMACIN DE SISTEMAS INFORMATICOS,ESTUDIOS A DISTANCIA,C
20,M,1,TECNOLOGIA DE PROGRAMACIN DE SISTEMAS INFORMATICOS,ESTUDIOS A DISTANCIA,C
19,M,2,TECNOLOGIA DE PROGRAMACIN DE SISTEMAS INFORMATICOS,ESTUDIOS A DISTANCIA,B
30,M,1,TECNOLOGIA DE PROGRAMACIN DE SISTEMAS INFORMATICOS,ESTUDIOS A DISTANCIA,B
21,M,2,TECNOLOGIA DE PROGRAMACIN DE SISTEMAS INFORMATICOS,ESTUDIOS A DISTANCIA,C
17,M,2,TECNOLOGIA DE PROGRAMACIN DE SISTEMAS INFORMATICOS,ESTUDIOS A DISTANCIA,B
25,M,3,TECNOLOGIA DE PROGRAMACIN DE SISTEMAS INFORMATICOS,ESTUDIOS A DISTANCIA,D
28,M,2,TECNOLOGIA DE PROGRAMACIN DE SISTEMAS INFORMATICOS,ESTUDIOS A DISTANCIA,E
40,M,1,TECNOLOGIA DE PROGRAMACIN DE SISTEMAS INFORMATICOS,ESTUDIOS A DISTANCIA,E
19,M,2,TECNOLOGIA DE PROGRAMACIN DE SISTEMAS INFORMATICOS,ESTUDIOS A DISTANCIA,C
20,M,2,TECNOLOGIA DE PROGRAMACIN DE SISTEMAS INFORMATICOS,ESTUDIOS A DISTANCIA,B
22,M,2,TECNOLOGIA DE PROGRAMACIN DE SISTEMAS INFORMATICOS,ESTUDIOS A DISTANCIA,B
18,F,2,TECNICA PROFESIONAL EN INSTALACION Y MANTENIMIENTO DE REDES Y COMPUTADORES,ESTUDIOS A DISTANCIA,C
20,M,2,TECNICA PROFESIONAL EN INSTALACION Y MANTENIMIENTO DE REDES Y COMPUTADORES,ESTUDIOS A DISTANCIA,C
19,M,2,TECNICA PROFESIONAL EN INSTALACION Y MANTENIMIENTO DE REDES Y COMPUTADORES,ESTUDIOS A DISTANCIA,B
17,M,1,TECNICA PROFESIONAL EN INSTALACION Y MANTENIMIENTO DE REDES Y COMPUTADORES,ESTUDIOS A DISTANCIA,C
26,M,2,TECNICA PROFESIONAL EN PROCESOS ADMINISTRATIVOS DE SALUD,ESTUDIOS A DISTANCIA,E
34,F,2,TECNICA PROFESIONAL EN PROCESOS ADMINISTRATIVOS DE SALUD,ESTUDIOS A DISTANCIA,B
25,F,2,TECNICA PROFESIONAL EN PROCESOS ADMINISTRATIVOS DE SALUD,ESTUDIOS A DISTANCIA,D
26,F,2,TECNICA PROFESIONAL EN PROCESOS ADMINISTRATIVOS DE SALUD,ESTUDIOS A DISTANCIA,E
34,F,2,TECNICA PROFESIONAL EN PROCESOS ADMINISTRATIVOS DE SALUD,ESTUDIOS A DISTANCIA,D
21,F,2,TECNICA PROFESIONAL EN PROCESOS ADMINISTRATIVOS DE SALUD,ESTUDIOS A DISTANCIA,B
23,F,1,TECNOLOGIA EN GESTIN ADMINISTRATIVA DE SERVICIOS DE SALUD,ESTUDIOS A DISTANCIA,E
19,F,2,TECNICA PROFESIONAL EN PROCESOS COMERCIALES Y FINANCIEROS,ESTUDIOS A DISTANCIA,B
49,M,2,TECNICA PROFESIONAL EN PROCESOS COMERCIALES Y FINANCIEROS,ESTUDIOS A DISTANCIA,C
25,M,2,TECNICA PROFESIONAL EN PROCESOS COMERCIALES Y FINANCIEROS,ESTUDIOS A DISTANCIA,B
19,F,,TECNICA PROFESIONAL EN PROCESOS COMERCIALES Y FINANCIEROS,ESTUDIOS A DISTANCIA,C
18,F,2,TECNICA PROFESIONAL EN PROCESOS COMERCIALES Y FINANCIEROS,ESTUDIOS A DISTANCIA,B
18,F,2,TECNICA PROFESIONAL EN PROCESOS COMERCIALES Y FINANCIEROS,ESTUDIOS A DISTANCIA,C
18,F,2,TECNICA PROFESIONAL EN PROCESOS COMERCIALES Y FINANCIEROS,ESTUDIOS A DISTANCIA,B
19,F,2,TECNICA PROFESIONAL EN PROCESOS COMERCIALES Y FINANCIEROS,ESTUDIOS A DISTANCIA,B
19,F,2,TECNICA PROFESIONAL EN PROCESOS COMERCIALES Y FINANCIEROS,ESTUDIOS A DISTANCIA,C
23,F,2,TECNICA PROFESIONAL EN PROCESOS COMERCIALES Y FINANCIEROS,ESTUDIOS A DISTANCIA,B
34,F,3,TECNOLOGIA EN GESTIN COMERCIAL Y FINANCIERA,ESTUDIOS A DISTANCIA,E
25,M,1,TECNOLOGIA EN GESTIN COMERCIAL Y FINANCIERA,ESTUDIOS A DISTANCIA,E
25,F,2,ADMINISTRACIN COMERCIAL Y FINANCIERA,ESTUDIOS A DISTANCIA,E
28,F,1,TECNICA PROFESIONAL EN PROCESOS ADMINISTRATIVOS DE SALUD,ESTUDIOS A DISTANCIA,C
23,F,2,TECNICA PROFESIONAL EN PROCESOS ADMINISTRATIVOS DE SALUD,ESTUDIOS A DISTANCIA,B
28,F,2,TECNICA PROFESIONAL EN PROCESOS ADMINISTRATIVOS DE SALUD,ESTUDIOS A DISTANCIA,E
40,F,1,TECNOLOGIA EN GESTIN ADMINISTRATIVA DE SERVICIOS DE SALUD,ESTUDIOS A DISTANCIA,D
24,F,1,TECNICA PROFESIONAL EN PROCESOS ADMINISTRATIVOS DE SALUD,ESTUDIOS A DISTANCIA,E
21,F,1,TECNICA PROFESIONAL EN PROCESOS ADMINISTRATIVOS DE SALUD,ESTUDIOS A DISTANCIA,E
27,F,2,TECNICA PROFESIONAL EN PROCESOS ADMINISTRATIVOS DE SALUD,ESTUDIOS A DISTANCIA,E
38,M,2,TECNICA PROFESIONAL EN PROCESOS ADMINISTRATIVOS DE SALUD,ESTUDIOS A DISTANCIA,E
23,F,1,TECNICA PROFESIONAL EN PROCESOS ADMINISTRATIVOS DE SALUD,ESTUDIOS A DISTANCIA,E
29,F,1,TECNICA PROFESIONAL EN PROCESOS ADMINISTRATIVOS DE SALUD,ESTUDIOS A DISTANCIA,D
24,F,2,TECNICA PROFESIONAL EN PROCESOS ADMINISTRATIVOS DE SALUD,ESTUDIOS A DISTANCIA,C
32,F,1,TECNICA PROFESIONAL EN PROCESOS ADMINISTRATIVOS DE SALUD,ESTUDIOS A DISTANCIA,E
30,F,1,TECNICA PROFESIONAL EN PROCESOS ADMINISTRATIVOS DE SALUD,ESTUDIOS A DISTANCIA,E
35,F,1,TECNOLOGIA EN GESTIN ADMINISTRATIVA DE SERVICIOS DE SALUD,ESTUDIOS A DISTANCIA,D
24,F,2,TECNICA PROFESIONAL EN PROCESOS COMERCIALES Y FINANCIEROS,ESTUDIOS A DISTANCIA,E
20,F,2,TECNICA PROFESIONAL EN PROCESOS COMERCIALES Y FINANCIEROS,ESTUDIOS A DISTANCIA,B
37,F,1,TECNICA PROFESIONAL EN PROCESOS COMERCIALES Y FINANCIEROS,ESTUDIOS A DISTANCIA,E
20,F,2,TECNICA PROFESIONAL EN PROCESOS COMERCIALES Y FINANCIEROS,ESTUDIOS A DISTANCIA,B
21,M,1,TECNICA PROFESIONAL EN PROCESOS COMERCIALES Y FINANCIEROS,ESTUDIOS A DISTANCIA,B
28,M,2,TECNICA PROFESIONAL EN PROCESOS COMERCIALES Y FINANCIEROS,ESTUDIOS A DISTANCIA,B
43,F,2,TECNICA PROFESIONAL EN PROCESOS COMERCIALES Y FINANCIEROS,ESTUDIOS A DISTANCIA,D
18,F,2,TECNICA PROFESIONAL EN PROCESOS COMERCIALES Y FINANCIEROS,ESTUDIOS A DISTANCIA,B
25,F,3,TECNICA PROFESIONAL EN PROCESOS COMERCIALES Y FINANCIEROS,ESTUDIOS A DISTANCIA,D
27,M,3,TECNICA PROFESIONAL EN PROCESOS COMERCIALES Y FINANCIEROS,ESTUDIOS A DISTANCIA,B
31,M,2,TECNICA PROFESIONAL EN PROCESOS COMERCIALES Y FINANCIEROS,ESTUDIOS A DISTANCIA,B
21,F,2,TECNICA PROFESIONAL EN PROCESOS COMERCIALES Y FINANCIEROS,ESTUDIOS A DISTANCIA,C
32,F,1,TECNICA PROFESIONAL EN PROCESOS COMERCIALES Y FINANCIEROS,ESTUDIOS A DISTANCIA,B
22,F,3,TECNICA PROFESIONAL EN PROCESOS COMERCIALES Y FINANCIEROS,ESTUDIOS A DISTANCIA,B
22,M,2,TECNICA PROFESIONAL EN PROCESOS COMERCIALES Y FINANCIEROS,ESTUDIOS A DISTANCIA,B
36,F,2,TECNICA PROFESIONAL EN PROCESOS COMERCIALES Y FINANCIEROS,ESTUDIOS A DISTANCIA,E
26,F,1,TECNOLOGIA EN GESTIN COMERCIAL Y FINANCIERA,ESTUDIOS A DISTANCIA,D
38,F,2,TECNOLOGIA EN GESTIN COMERCIAL Y FINANCIERA,ESTUDIOS A DISTANCIA,E
22,F,1,TECNOLOGIA EN GESTIN COMERCIAL Y FINANCIERA,ESTUDIOS A DISTANCIA,D
28,F,2,TECNOLOGIA EN GESTIN COMERCIAL Y FINANCIERA,ESTUDIOS A DISTANCIA,E
25,F,1,TECNOLOGIA EN GESTIN COMERCIAL Y FINANCIERA,ESTUDIOS A DISTANCIA,D
37,F,2,TECNOLOGIA EN GESTIN COMERCIAL Y FINANCIERA,ESTUDIOS A DISTANCIA,D
33,F,2,ADMINISTRACIN COMERCIAL Y FINANCIERA,ESTUDIOS A DISTANCIA,E
35,M,1,ADMINISTRACIN COMERCIAL Y FINANCIERA,ESTUDIOS A DISTANCIA,B
23,F,1,TECNICA PROFESIONAL EN PROCESOS COMERCIALES Y FINANCIEROS,ESTUDIOS A DISTANCIA,C
22,F,3,TECNOLOGIA EN GESTIN ADMINISTRATIVA DE SERVICIOS DE SALUD,ESTUDIOS A DISTANCIA,E
32,F,2,TECNOLOGIA EN ELECTRICIDAD INDUSTRIAL,ESTUDIOS A DISTANCIA,D
24,M,1,TECNOLOGIA EN ELECTRICIDAD INDUSTRIAL,ESTUDIOS A DISTANCIA,B
31,M,1,TECNOLOGIA EN ELECTRICIDAD INDUSTRIAL,ESTUDIOS A DISTANCIA,E
42,M,2,TECNOLOGIA EN ELECTRICIDAD INDUSTRIAL,ESTUDIOS A DISTANCIA,E
29,M,1,TECNOLOGIA EN ELECTRICIDAD INDUSTRIAL,ESTUDIOS A DISTANCIA,B
21,M,2,TECNOLOGIA DE PROGRAMACIN DE SISTEMAS INFORMATICOS,ESTUDIOS A DISTANCIA,B
36,F,2,TECNICA PROFESIONAL EN PROCESOS COMERCIALES Y FINANCIEROS,ESTUDIOS A DISTANCIA,B
35,F,1,TECNICA PROFESIONAL EN PROCESOS COMERCIALES Y FINANCIEROS,ESTUDIOS A DISTANCIA,C
28,F,1,TECNICA PROFESIONAL EN PROCESOS ADMINISTRATIVOS DE SALUD,ESTUDIOS A DISTANCIA,C
23,F,2,TECNICA PROFESIONAL EN PROCESOS ADMINISTRATIVOS DE SALUD,ESTUDIOS A DISTANCIA,D
22,F,2,TECNICA PROFESIONAL EN PROCESOS ADMINISTRATIVOS DE SALUD,ESTUDIOS A DISTANCIA,C
25,F,2,TECNICA PROFESIONAL EN PROCESOS AGROINDUSTRIALES,ESTUDIOS A DISTANCIA,C
21,M,1,TECNICA PROFESIONAL EN PROCESOS AGROINDUSTRIALES,ESTUDIOS A DISTANCIA,B
24,F,2,TECNICA PROFESIONAL EN PROCESOS AGROINDUSTRIALES,ESTUDIOS A DISTANCIA,D
22,M,2,INGENIERA CIVIL,INGENIERIA,B
23,M,2,INGENIERA CIVIL,INGENIERIA,E
21,M,2,INGENIERA CIVIL,INGENIERIA,C
25,M,1,INGENIERA METALURGICA,INGENIERIA,E
25,M,2,INGENIERA METALURGICA,INGENIERIA,E
24,M,2,INGENIERA METALURGICA,INGENIERIA,B
18,M,2,INGENIERA METALURGICA,INGENIERIA,C
20,M,2,INGENIERA METALURGICA,INGENIERIA,C
18,M,2,INGENIERA METALURGICA,INGENIERIA,C
18,M,1,INGENIERA METALURGICA,INGENIERIA,C
21,M,1,INGENIERA METALURGICA,INGENIERIA,B
24,M,2,INGENIERA METALURGICA,INGENIERIA,D
27,M,1,INGENIERA DE TRANSPORTE Y VIAS,INGENIERIA,E
32,F,2,INGENIERA DE TRANSPORTE Y VIAS,INGENIERIA,E
19,F,3,INGENIERA DE TRANSPORTE Y VIAS,INGENIERIA,C
25,M,1,INGENIERA DE TRANSPORTE Y VIAS,INGENIERIA,C
21,M,3,INGENIERA DE TRANSPORTE Y VIAS,INGENIERIA,E
19,F,3,INGENIERA DE TRANSPORTE Y VIAS,INGENIERIA,D
18,F,2,INGENIERA DE TRANSPORTE Y VIAS,INGENIERIA,C
32,F,,INGENIERA DE TRANSPORTE Y VIAS,INGENIERIA,E
24,M,2,INGENIERA DE TRANSPORTE Y VIAS,INGENIERIA,E
21,M,3,INGENIERA DE SISTEMAS Y COMPUTACION,INGENIERIA,C
18,M,3,INGENIERA DE SISTEMAS Y COMPUTACION,INGENIERIA,C
31,M,2,INGENIERA DE SISTEMAS Y COMPUTACION,INGENIERIA,E
18,M,2,INGENIERA DE SISTEMAS Y COMPUTACION,INGENIERIA,B
19,M,2,INGENIERA DE SISTEMAS Y COMPUTACION,INGENIERIA,E
23,M,2,INGENIERA DE SISTEMAS Y COMPUTACION,INGENIERIA,D
21,M,3,INGENIERA DE SISTEMAS Y COMPUTACION,INGENIERIA,B
22,M,2,INGENIERA DE SISTEMAS Y COMPUTACION,INGENIERIA,D
25,M,2,INGENIERA DE SISTEMAS Y COMPUTACION,INGENIERIA,E
26,M,2,INGENIERA AMBIENTAL,INGENIERIA,E
21,M,1,INGENIERA AMBIENTAL,INGENIERIA,C
19,F,2,INGENIERA AMBIENTAL,INGENIERIA,C
19,M,1,INGENIERA AMBIENTAL,INGENIERIA,B
24,M,2,INGENIERA ELECTRONICA,INGENIERIA,D
22,M,1,INGENIERA ELECTRONICA,INGENIERIA,B
22,M,2,INGENIERA ELECTRONICA,INGENIERIA,B
24,M,3,INGENIERA ELECTRONICA,INGENIERIA,D
23,M,1,INGENIERA ELECTRONICA,INGENIERIA,C
24,M,1,ARQUITECTURA,INGENIERIA,E
27,M,,ESPECIALIZACIN EN INFRAESTRUCTURA VIAL,INGENIERIA,A
32,F,,ESPECIALIZACIN EN ESTRUCTURAS,INGENIERIA,B
25,M,,ESPECIALIZACIN EN ESTRUCTURAS,INGENIERIA,A
27,F,,ESPECIALIZACIN EN BASES DE DATOS,INGENIERIA,A
55,M,,ESPECIALIZACIN EN GESTIN DE INTEGRIDAD Y CORROSIN,INGENIERIA,A
30,F,,ESPECIALIZACIN EN GESTIN DE INTEGRIDAD Y CORROSIN,INGENIERIA,A
31,M,,ESPECIALIZACIN EN GERENCIA DE PROYECTOS DE CONSTRUCCIN,INGENIERIA,A
30,F,,MAESTRA EN METALRGIA Y CIENCIA DE MATERIALES,INGENIERIA,B
37,F,,MAESTRA EN INGENIERA AMBIENTAL,INGENIERIA,B
36,M,,MAESTRA EN GESTIN DE INTEGRIDAD Y CORROSIN,INGENIERIA,A
18,M,2,TECNICO PROFESIONAL EN PRODUCCIN Y TRANSFORMACIN DEL ACERO,INGENIERIA,C
23,M,2,ADMINISTRACIN DE EMPRESAS,SECCIONAL CHIQUINQUIRA,D
21,F,1,ADMINISTRACIN DE EMPRESAS,SECCIONAL CHIQUINQUIRA,E
22,M,2,ADMINISTRACIN DE EMPRESAS,SECCIONAL CHIQUINQUIRA,C
24,M,2,ADMINISTRACIN DE EMPRESAS,SECCIONAL CHIQUINQUIRA,B
24,M,2,ADMINISTRACIN DE EMPRESAS,SECCIONAL CHIQUINQUIRA,C
29,F,2,CONTADURIA PUBLICA,SECCIONAL CHIQUINQUIRA,E
20,M,2,CONTADURIA PUBLICA,SECCIONAL CHIQUINQUIRA,C
26,M,2,LICENCIATURA EN EDUCACIN FISICA RECREACIN Y DEPORTE,SECCIONAL CHIQUINQUIRA,D
25,M,2,LICENCIATURA EN EDUCACIN FISICA RECREACIN Y DEPORTE,SECCIONAL CHIQUINQUIRA,C
19,M,4,LICENCIATURA EN EDUCACIN FISICA RECREACIN Y DEPORTE,SECCIONAL CHIQUINQUIRA,C
20,M,2,LICENCIATURA EN EDUCACIN FISICA RECREACIN Y DEPORTE,SECCIONAL CHIQUINQUIRA,E
29,F,1,LICENCIATURA EN TECNOLOGIA,SECCIONAL DUITAMA,D
19,M,1,INGENIERA ELECTROMECANICA,SECCIONAL DUITAMA,E
22,M,2,INGENIERA ELECTROMECANICA,SECCIONAL DUITAMA,C
31,M,3,INGENIERA ELECTROMECANICA,SECCIONAL DUITAMA,B
20,M,2,INGENIERA ELECTROMECANICA,SECCIONAL DUITAMA,B
19,M,3,INGENIERA ELECTROMECANICA,SECCIONAL DUITAMA,D
23,M,1,INGENIERA ELECTROMECANICA,SECCIONAL DUITAMA,E
22,M,1,INGENIERA ELECTROMECANICA,SECCIONAL DUITAMA,B
19,M,3,ADMINISTRACIN TURISTICA Y HOTELERA,SECCIONAL DUITAMA,D
26,M,1,ADMINISTRACIN TURISTICA Y HOTELERA,SECCIONAL DUITAMA,E
21,M,1,ADMINISTRACIN TURISTICA Y HOTELERA,SECCIONAL DUITAMA,D
24,M,2,ADMINISTRACIN TURISTICA Y HOTELERA,SECCIONAL DUITAMA,B
31,M,2,ADMINISTRACIN TURISTICA Y HOTELERA,SECCIONAL DUITAMA,B
27,F,2,ADMINISTRACIN TURISTICA Y HOTELERA,SECCIONAL DUITAMA,E
21,F,1,ADMINISTRACIN TURISTICA Y HOTELERA,SECCIONAL DUITAMA,E
22,F,1,ADMINISTRACIN DE EMPRESAS AGROPECUARIAS,SECCIONAL DUITAMA,E
21,M,2,ADMINISTRACIN DE EMPRESAS AGROPECUARIAS,SECCIONAL DUITAMA,D
21,M,3,ADMINISTRACIN DE EMPRESAS AGROPECUARIAS,SECCIONAL DUITAMA,C
22,M,2,ADMINISTRACIN INDUSTRIAL,SECCIONAL DUITAMA,D
24,F,1,ADMINISTRACIN INDUSTRIAL,SECCIONAL DUITAMA,B
27,M,3,ADMINISTRACIN INDUSTRIAL,SECCIONAL DUITAMA,E
33,F,,ADMINISTRACIN INDUSTRIAL,SECCIONAL DUITAMA,E
17,M,2,DISEO INDUSTRIAL,SECCIONAL DUITAMA,C
23,F,1,LICENCIATURA EN MATEMATICAS,SECCIONAL DUITAMA,E
21,M,2,LICENCIATURA EN MATEMATICAS,SECCIONAL DUITAMA,C
25,M,2,LICENCIATURA EN MATEMATICAS,SECCIONAL DUITAMA,E
22,M,1,LICENCIATURA EN MATEMATICAS,SECCIONAL DUITAMA,E
30,M,2,LICENCIATURA EN MATEMATICAS,SECCIONAL DUITAMA,E
18,M,2,INGENIERA ELECTRONICA,SECCIONAL SOGAMOSO,B
25,M,3,INGENIERA ELECTRONICA,SECCIONAL SOGAMOSO,E
27,M,2,INGENIERA ELECTRONICA,SECCIONAL SOGAMOSO,E
22,F,2,INGENIERA ELECTRONICA,SECCIONAL SOGAMOSO,B
18,M,2,INGENIERA ELECTRONICA,SECCIONAL SOGAMOSO,C
23,F,2,INGENIERA ELECTRONICA,SECCIONAL SOGAMOSO,E
34,M,2,INGENIERA ELECTRONICA,SECCIONAL SOGAMOSO,E
27,M,2,INGENIERA ELECTRONICA,SECCIONAL SOGAMOSO,E
20,M,2,INGENIERA ELECTRONICA,SECCIONAL SOGAMOSO,C
21,M,2,INGENIERA GEOLOGICA,SECCIONAL SOGAMOSO,D
21,M,2,INGENIERA GEOLOGICA,SECCIONAL SOGAMOSO,D
20,F,1,INGENIERA GEOLOGICA,SECCIONAL SOGAMOSO,B
18,M,2,INGENIERA GEOLOGICA,SECCIONAL SOGAMOSO,B
19,F,2,INGENIERA GEOLOGICA,SECCIONAL SOGAMOSO,C
25,M,3,INGENIERA GEOLOGICA,SECCIONAL SOGAMOSO,B
23,M,2,INGENIERA GEOLOGICA,SECCIONAL SOGAMOSO,E
19,M,2,INGENIERA DE MINAS,SECCIONAL SOGAMOSO,C
21,M,3,INGENIERA DE MINAS,SECCIONAL SOGAMOSO,E
18,M,2,INGENIERA INDUSTRIAL,SECCIONAL SOGAMOSO,B
28,M,2,INGENIERA INDUSTRIAL,SECCIONAL SOGAMOSO,E
31,M,2,INGENIERA INDUSTRIAL,SECCIONAL SOGAMOSO,E
21,F,2,INGENIERA INDUSTRIAL,SECCIONAL SOGAMOSO,E
24,M,1,INGENIERA INDUSTRIAL,SECCIONAL SOGAMOSO,D
38,F,1,INGENIERA INDUSTRIAL,SECCIONAL SOGAMOSO,E
22,M,2,INGENIERA INDUSTRIAL,SECCIONAL SOGAMOSO,E
20,M,3,INGENIERA INDUSTRIAL,SECCIONAL SOGAMOSO,C
20,M,2,INGENIERA DE SISTEMAS Y COMPUTACION,SECCIONAL SOGAMOSO,C
20,M,2,INGENIERA DE SISTEMAS Y COMPUTACION,SECCIONAL SOGAMOSO,D
21,M,2,INGENIERA DE SISTEMAS Y COMPUTACION,SECCIONAL SOGAMOSO,B
54,M,2,INGENIERA DE SISTEMAS Y COMPUTACION,SECCIONAL SOGAMOSO,C
18,M,1,INGENIERA DE SISTEMAS Y COMPUTACION,SECCIONAL SOGAMOSO,B
21,M,2,CONTADURIA PUBLICA,SECCIONAL SOGAMOSO,B
17,F,2,CONTADURIA PUBLICA,SECCIONAL SOGAMOSO,C
20,M,3,CONTADURIA PUBLICA,SECCIONAL SOGAMOSO,B
20,F,2,CONTADURIA PUBLICA,SECCIONAL SOGAMOSO,C
22,F,1,ADMINISTRACIN DE EMPRESAS,SECCIONAL SOGAMOSO,B
26,M,2,ADMINISTRACIN DE EMPRESAS,SECCIONAL SOGAMOSO,C
20,F,2,ADMINISTRACIN DE EMPRESAS,SECCIONAL SOGAMOSO,C
40,F,2,ADMINISTRACIN DE EMPRESAS,SECCIONAL SOGAMOSO,E
21,M,2,ADMINISTRACIN DE EMPRESAS,SECCIONAL SOGAMOSO,B
19,M,2,ADMINISTRACIN DE EMPRESAS,SECCIONAL SOGAMOSO,C
23,F,3,FINANZAS Y COMERCIO INTERNACIONAL,SECCIONAL SOGAMOSO,C
31,M,,ESPECIALIZACIN EN GESTIN AMBIENTAL,SECCIONAL SOGAMOSO,A
19,F,2,ADMINISTRACIN DE EMPRESAS TURISTICAS,SEDE REGIONAL AGUAZUL,C
20,F,2,FISICA,CIENCIAS,B
20,F,2,FISICA,CIENCIAS,B
19,M,2,FISICA,CIENCIAS,B
20,M,2,FISICA,CIENCIAS,C
18,F,1,FISICA,CIENCIAS,B
22,M,2,FISICA,CIENCIAS,E
18,M,1,FISICA,CIENCIAS,B
24,M,2,BIOLOGIA,CIENCIAS,C
20,F,3,MATEMATICAS,CIENCIAS,B
17,M,3,MATEMATICAS,CIENCIAS,B
20,M,2,MATEMATICAS,CIENCIAS,C
20,F,2,MATEMATICAS,CIENCIAS,C
20,M,2,MATEMATICAS,CIENCIAS,C
20,M,1,MATEMATICAS,CIENCIAS,B
22,M,2,MATEMATICAS,CIENCIAS,E
25,M,1,MATEMATICAS,CIENCIAS,B
21,M,3,MATEMATICAS,CIENCIAS,C
25,M,2,QUIMICA,CIENCIAS,E
23,M,2,QUIMICA,CIENCIAS,E
19,F,3,QUIMICA,CIENCIAS,C
39,M,,MAESTRA EN CIENCIAS BIOLGICAS,CIENCIAS,B
21,M,2,INGENIERA AGRONOMICA,CIENCIAS AGROPECUARIAS,B
28,M,2,INGENIERA AGRONOMICA,CIENCIAS AGROPECUARIAS,B
19,M,2,INGENIERA AGRONOMICA,CIENCIAS AGROPECUARIAS,C
20,M,2,INGENIERA AGRONOMICA,CIENCIAS AGROPECUARIAS,E
20,M,2,INGENIERA AGRONOMICA,CIENCIAS AGROPECUARIAS,C
21,M,3,MEDICINA VETERINARIA Y ZOOTECNIA,CIENCIAS AGROPECUARIAS,C
29,F,1,MEDICINA VETERINARIA Y ZOOTECNIA,CIENCIAS AGROPECUARIAS,E
18,M,1,LICENCIATURA EN MATEMATICAS,CIENCIAS DE LA EDUCACION,C
20,M,1,LICENCIATURA EN MATEMATICAS,CIENCIAS DE LA EDUCACION,D
21,M,2,LICENCIATURA EN MATEMATICAS,CIENCIAS DE LA EDUCACION,D
34,M,1,LICENCIATURA EN MATEMATICAS,CIENCIAS DE LA EDUCACION,E
19,M,1,LICENCIATURA EN MATEMATICAS,CIENCIAS DE LA EDUCACION,E
18,M,2,LICENCIATURA EN MATEMATICAS,CIENCIAS DE LA EDUCACION,B
28,M,3,LICENCIATURA EN CIENCIAS NATURALES Y EDUCACIN AMBIENTAL,CIENCIAS DE LA EDUCACION,E
18,M,1,LICENCIATURA EN CIENCIAS NATURALES Y EDUCACIN AMBIENTAL,CIENCIAS DE LA EDUCACION,C
21,F,2,LICENCIATURA EN CIENCIAS NATURALES Y EDUCACIN AMBIENTAL,CIENCIAS DE LA EDUCACION,C
25,F,2,LICENCIATURA EN CIENCIAS NATURALES Y EDUCACIN AMBIENTAL,CIENCIAS DE LA EDUCACION,B
18,F,2,LICENCIATURA EN MATEMATICAS,CIENCIAS DE LA EDUCACION,C
20,F,2,LICENCIATURA EN MATEMATICAS,CIENCIAS DE LA EDUCACION,D
18,F,3,LICENCIATURA EN MATEMATICAS,CIENCIAS DE LA EDUCACION,B
20,M,2,LICENCIATURA EN MATEMATICAS,CIENCIAS DE LA EDUCACION,B
22,M,1,LICENCIATURA EN MATEMATICAS,CIENCIAS DE LA EDUCACION,B
20,F,2,LICENCIATURA EN MATEMATICAS,CIENCIAS DE LA EDUCACION,C
19,F,2,LICENCIATURA EN EDUCACIN FISICA RECREACIN Y DEPORTE,CIENCIAS DE LA EDUCACION,B
19,M,3,LICENCIATURA EN EDUCACIN FISICA RECREACIN Y DEPORTE,CIENCIAS DE LA EDUCACION,B
20,M,3,LICENCIATURA EN EDUCACIN FISICA RECREACIN Y DEPORTE,CIENCIAS DE LA EDUCACION,B
17,M,2,LICENCIATURA EN EDUCACIN FISICA RECREACIN Y DEPORTE,CIENCIAS DE LA EDUCACION,C
24,M,2,LICENCIATURA EN CIENCIAS SOCIALES,CIENCIAS DE LA EDUCACION,C
27,M,1,LICENCIATURA EN CIENCIAS SOCIALES,CIENCIAS DE LA EDUCACION,E
20,M,2,LICENCIATURA EN CIENCIAS SOCIALES,CIENCIAS DE LA EDUCACION,C
27,F,1,LICENCIATURA EN MUSICA,CIENCIAS DE LA EDUCACION,D
26,M,,LICENCIATURA EN MUSICA,CIENCIAS DE LA EDUCACION,E
28,M,2,LICENCIATURA EN MUSICA,CIENCIAS DE LA EDUCACION,C
19,M,2,LICENCIATURA EN MUSICA,CIENCIAS DE LA EDUCACION,D
19,F,2,LICENCIATURA EN MUSICA,CIENCIAS DE LA EDUCACION,B
19,F,2,LICENCIATURA EN FILOSOFIA,CIENCIAS DE LA EDUCACION,C
22,M,2,LICENCIATURA EN FILOSOFIA,CIENCIAS DE LA EDUCACION,E
21,F,3,LICENCIATURA EN LENGUAS EXTRANJERAS CON ENFASIS EN INGLES Y EN FRANCES,CIENCIAS DE LA EDUCACION,D
21,F,2,LICENCIATURA EN LENGUAS EXTRANJERAS CON ENFASIS EN INGLES Y EN FRANCES,CIENCIAS DE LA EDUCACION,D
20,F,2,LICENCIATURA EN LENGUAS EXTRANJERAS CON ENFASIS EN INGLES Y EN FRANCES,CIENCIAS DE LA EDUCACION,C
18,M,3,LICENCIATURA EN LENGUAS EXTRANJERAS CON ENFASIS EN INGLES Y EN FRANCES,CIENCIAS DE LA EDUCACION,B
20,M,3,LICENCIATURA EN LENGUAS EXTRANJERAS CON ENFASIS EN INGLES Y EN FRANCES,CIENCIAS DE LA EDUCACION,E
20,M,2,LICENCIATURA EN LENGUAS EXTRANJERAS CON ENFASIS EN INGLES Y EN FRANCES,CIENCIAS DE LA EDUCACION,D
19,F,2,LICENCIATURA EN EDUCACIN INFANTIL,CIENCIAS DE LA EDUCACION,B
26,M,3,"LICENCIATURA EN LENGUAS MODERNAS, CON ENFASIS EN INGLES",CIENCIAS DE LA EDUCACION,B
20,M,2,"LICENCIATURA EN LENGUAS MODERNAS, CON ENFASIS EN INGLES",CIENCIAS DE LA EDUCACION,B
18,M,2,"LICENCIATURA EN LENGUAS MODERNAS, CON ENFASIS EN INGLES",CIENCIAS DE LA EDUCACION,C
21,F,2,"LICENCIATURA EN LENGUAS MODERNAS, CON ENFASIS EN INGLES",CIENCIAS DE LA EDUCACION,D
19,F,3,"LICENCIATURA EN LENGUAS MODERNAS, CON ENFASIS EN INGLES",CIENCIAS DE LA EDUCACION,E
19,M,1,LICENCIATURA EN LITERATURA Y LENGUA CASTELLANA,CIENCIAS DE LA EDUCACION,C
18,F,2,LICENCIATURA EN LITERATURA Y LENGUA CASTELLANA,CIENCIAS DE LA EDUCACION,C
20,M,2,LICENCIATURA EN INFORMATICA,CIENCIAS DE LA EDUCACION,D
18,M,1,LICENCIATURA EN INFORMATICA,CIENCIAS DE LA EDUCACION,C
22,M,2,LICENCIATURA EN INFORMATICA,CIENCIAS DE LA EDUCACION,B
25,M,1,LICENCIATURA EN INFORMATICA,CIENCIAS DE LA EDUCACION,E
22,M,2,LICENCIATURA EN INFORMATICA,CIENCIAS DE LA EDUCACION,E
20,M,2,LICENCIATURA EN INFORMATICA,CIENCIAS DE LA EDUCACION,C
22,M,2,ARTES PLASTICAS Y VISUALES,CIENCIAS DE LA EDUCACION,D
25,M,,MAESTRA EN LINGSTICA,CIENCIAS DE LA EDUCACION,B
56,F,,DOCTORADO EN CIENCIAS DE LA EDUCACIN,CIENCIAS DE LA EDUCACION,A
51,M,,MAESTRA EN LITERATURA,CIENCIAS DE LA EDUCACION,A
21,F,1,LICENCIATURA EN EDUCACIN BASICA PRIMARIA,CIENCIAS DE LA EDUCACION,C
27,F,1,LICENCIATURA EN EDUCACIN BASICA PRIMARIA,CIENCIAS DE LA EDUCACION,E
23,F,2,LICENCIATURA EN EDUCACIN BASICA PRIMARIA,CIENCIAS DE LA EDUCACION,B
27,F,2,LICENCIATURA EN EDUCACIN BASICA PRIMARIA,CIENCIAS DE LA EDUCACION,D
22,F,1,LICENCIATURA EN EDUCACIN BASICA PRIMARIA,CIENCIAS DE LA EDUCACION,E
24,M,3,PSICOLOGIA,CIENCIAS DE LA SALUD,D
28,M,1,PSICOLOGIA,CIENCIAS DE LA SALUD,D
20,M,2,PSICOLOGIA,CIENCIAS DE LA SALUD,E
23,F,2,MEDICINA,CIENCIAS DE LA SALUD,D
21,F,2,ECONOMIA,CIENCIAS ECONOMICAS Y ADMINISTRATIVAS,C
18,M,3,ECONOMIA,CIENCIAS ECONOMICAS Y ADMINISTRATIVAS,C
21,M,2,ECONOMIA,CIENCIAS ECONOMICAS Y ADMINISTRATIVAS,C
23,M,3,ECONOMIA,CIENCIAS ECONOMICAS Y ADMINISTRATIVAS,B
18,M,2,ECONOMIA,CIENCIAS ECONOMICAS Y ADMINISTRATIVAS,D
21,M,2,ECONOMIA,CIENCIAS ECONOMICAS Y ADMINISTRATIVAS,E
20,M,2,ADMINISTRACIN DE EMPRESAS,CIENCIAS ECONOMICAS Y ADMINISTRATIVAS,C
18,M,1,ADMINISTRACIN DE EMPRESAS,CIENCIAS ECONOMICAS Y ADMINISTRATIVAS,B
23,M,3,ADMINISTRACIN DE EMPRESAS,CIENCIAS ECONOMICAS Y ADMINISTRATIVAS,B
31,M,2,ADMINISTRACIN DE EMPRESAS,CIENCIAS ECONOMICAS Y ADMINISTRATIVAS,E
23,M,2,ADMINISTRACIN DE EMPRESAS,CIENCIAS ECONOMICAS Y ADMINISTRATIVAS,D
24,M,2,CONTADURIA PUBLICA,CIENCIAS ECONOMICAS Y ADMINISTRATIVAS,C
41,F,,ESPECIALIZACIN EN GERENCIA TRIBUTARIA,CIENCIAS ECONOMICAS Y ADMINISTRATIVAS,A
25,F,,ESPECIALIZACIN EN GERENCIA TRIBUTARIA,CIENCIAS ECONOMICAS Y ADMINISTRATIVAS,A
21,M,2,DERECHO,DERECHO Y CIENCIAS  SOCIALES,D
18,M,1,DERECHO,DERECHO Y CIENCIAS  SOCIALES,E
33,M,,DERECHO,DERECHO Y CIENCIAS  SOCIALES,E
23,F,2,DERECHO,DERECHO Y CIENCIAS  SOCIALES,E
28,F,2,DERECHO,DERECHO Y CIENCIAS  SOCIALES,C
19,F,1,DERECHO,DERECHO Y CIENCIAS  SOCIALES,D
43,M,2,DERECHO,DERECHO Y CIENCIAS  SOCIALES,E
19,M,2,DERECHO,DERECHO Y CIENCIAS  SOCIALES,D
32,M,,ESPECIALIZACION EN ALTA GERENCIA DE EMPRESAS,ESTUDIOS A DISTANCIA,A
25,M,2,TECNOLOGIA EN OBRAS CIVILES,ESTUDIOS A DISTANCIA,B
31,M,2,TECNOLOGIA EN OBRAS CIVILES,ESTUDIOS A DISTANCIA,B
22,M,2,TECNOLOGIA EN OBRAS CIVILES,ESTUDIOS A DISTANCIA,C
18,M,2,TECNOLOGIA EN OBRAS CIVILES,ESTUDIOS A DISTANCIA,C
24,M,2,TECNOLOGIA EN OBRAS CIVILES,ESTUDIOS A DISTANCIA,B
29,M,1,TECNOLOGIA EN OBRAS CIVILES,ESTUDIOS A DISTANCIA,C
20,M,2,TECNOLOGIA EN OBRAS CIVILES,ESTUDIOS A DISTANCIA,C
27,M,2,TECNOLOGIA EN OBRAS CIVILES,ESTUDIOS A DISTANCIA,E
18,M,2,TECNOLOGIA EN OBRAS CIVILES,ESTUDIOS A DISTANCIA,C
29,M,2,TECNOLOGIA EN OBRAS CIVILES,ESTUDIOS A DISTANCIA,B
30,M,2,TECNOLOGIA EN OBRAS CIVILES,ESTUDIOS A DISTANCIA,B
25,F,1,TECNOLOGIA EN OBRAS CIVILES,ESTUDIOS A DISTANCIA,B
20,F,1,TECNOLOGIA EN OBRAS CIVILES,ESTUDIOS A DISTANCIA,B
23,M,2,TECNOLOGIA EN OBRAS CIVILES,ESTUDIOS A DISTANCIA,B
19,M,2,TECNOLOGIA EN OBRAS CIVILES,ESTUDIOS A DISTANCIA,B
19,F,2,TECNOLOGIA EN OBRAS CIVILES,ESTUDIOS A DISTANCIA,B
27,M,2,TECNOLOGIA EN OBRAS CIVILES,ESTUDIOS A DISTANCIA,B
23,M,2,TECNOLOGIA EN OBRAS CIVILES,ESTUDIOS A DISTANCIA,B
19,M,2,TECNOLOGIA EN OBRAS CIVILES,ESTUDIOS A DISTANCIA,D
36,F,1,TECNOLOGIA EN REGENCIA DE FARMACIA,ESTUDIOS A DISTANCIA,D
29,F,2,TECNOLOGIA EN REGENCIA DE FARMACIA,ESTUDIOS A DISTANCIA,D
37,F,2,TECNOLOGIA EN REGENCIA DE FARMACIA,ESTUDIOS A DISTANCIA,B
25,M,2,TECNOLOGIA EN REGENCIA DE FARMACIA,ESTUDIOS A DISTANCIA,B
24,F,2,TECNOLOGIA EN REGENCIA DE FARMACIA,ESTUDIOS A DISTANCIA,C
25,F,1,TECNOLOGIA EN REGENCIA DE FARMACIA,ESTUDIOS A DISTANCIA,D
25,F,2,TECNOLOGIA EN REGENCIA DE FARMACIA,ESTUDIOS A DISTANCIA,E
19,F,2,TECNICA PROFESIONAL EN PROCESOS AGROINDUSTRIALES,ESTUDIOS A DISTANCIA,E
23,M,2,TECNICA PROFESIONAL EN PROCESOS AGROINDUSTRIALES,ESTUDIOS A DISTANCIA,B
20,M,1,TECNICA PROFESIONAL EN PROCESOS AGROINDUSTRIALES,ESTUDIOS A DISTANCIA,B
30,F,1,TECNICA PROFESIONAL EN PROCESOS AGROINDUSTRIALES,ESTUDIOS A DISTANCIA,B
21,M,1,TECNICA PROFESIONAL EN PROCESOS AGROINDUSTRIALES,ESTUDIOS A DISTANCIA,B
31,M,2,TECNICA PROFESIONAL EN PROCESOS AGROINDUSTRIALES,ESTUDIOS A DISTANCIA,B
19,F,1,TECNICA PROFESIONAL EN PROCESOS AGROINDUSTRIALES,ESTUDIOS A DISTANCIA,E
35,M,1,TECNICA PROFESIONAL EN PROCESOS AGROINDUSTRIALES,ESTUDIOS A DISTANCIA,B
32,M,2,TECNICA PROFESIONAL EN PROCESOS AGROINDUSTRIALES,ESTUDIOS A DISTANCIA,B
34,M,1,TECNICA PROFESIONAL EN PROCESOS AGROINDUSTRIALES,ESTUDIOS A DISTANCIA,B
32,F,1,TECNICA PROFESIONAL EN PROCESOS AGROINDUSTRIALES,ESTUDIOS A DISTANCIA,B
25,M,1,TECNICA PROFESIONAL EN PROCESOS AGROINDUSTRIALES,ESTUDIOS A DISTANCIA,B
21,M,1,TECNICA PROFESIONAL EN PROCESOS AGROINDUSTRIALES,ESTUDIOS A DISTANCIA,B
27,M,1,TECNICA PROFESIONAL EN PROCESOS AGROINDUSTRIALES,ESTUDIOS A DISTANCIA,B
30,M,1,TECNICA PROFESIONAL EN PROCESOS AGROINDUSTRIALES,ESTUDIOS A DISTANCIA,B
25,F,1,TECNICA PROFESIONAL EN PROCESOS AGROINDUSTRIALES,ESTUDIOS A DISTANCIA,B
20,F,1,TECNICA PROFESIONAL EN PROCESOS AGROINDUSTRIALES,ESTUDIOS A DISTANCIA,B
29,F,1,TECNICA PROFESIONAL EN PROCESOS AGROINDUSTRIALES,ESTUDIOS A DISTANCIA,B
23,M,1,TECNICA PROFESIONAL EN PROCESOS AGROINDUSTRIALES,ESTUDIOS A DISTANCIA,B
24,M,1,TECNICA PROFESIONAL EN PROCESOS AGROINDUSTRIALES,ESTUDIOS A DISTANCIA,B
27,F,1,TECNICA PROFESIONAL EN PROCESOS ADMINISTRATIVOS DE SALUD,ESTUDIOS A DISTANCIA,B
18,F,2,TECNICA PROFESIONAL EN PROCESOS ADMINISTRATIVOS DE SALUD,ESTUDIOS A DISTANCIA,B
21,F,1,TECNICA PROFESIONAL EN PROCESOS ADMINISTRATIVOS DE SALUD,ESTUDIOS A DISTANCIA,B
36,F,1,TECNICA PROFESIONAL EN PROCESOS ADMINISTRATIVOS DE SALUD,ESTUDIOS A DISTANCIA,B
21,F,2,TECNICA PROFESIONAL EN PROCESOS ADMINISTRATIVOS DE SALUD,ESTUDIOS A DISTANCIA,B
20,F,1,TECNICA PROFESIONAL EN PROCESOS ADMINISTRATIVOS DE SALUD,ESTUDIOS A DISTANCIA,D
21,F,1,TECNICA PROFESIONAL EN PROCESOS ADMINISTRATIVOS DE SALUD,ESTUDIOS A DISTANCIA,B
33,F,1,TECNICA PROFESIONAL EN PROCESOS ADMINISTRATIVOS DE SALUD,ESTUDIOS A DISTANCIA,B
20,F,1,TECNICA PROFESIONAL EN PROCESOS ADMINISTRATIVOS DE SALUD,ESTUDIOS A DISTANCIA,B
30,M,1,TECNICA PROFESIONAL EN PROCESOS ADMINISTRATIVOS DE SALUD,ESTUDIOS A DISTANCIA,B
33,M,2,TECNOLOGIA DE PROGRAMACIN DE SISTEMAS INFORMATICOS,ESTUDIOS A DISTANCIA,C
20,M,2,TECNOLOGIA DE PROGRAMACIN DE SISTEMAS INFORMATICOS,ESTUDIOS A DISTANCIA,C
42,M,1,TECNOLOGIA DE PROGRAMACIN DE SISTEMAS INFORMATICOS,ESTUDIOS A DISTANCIA,C
19,M,2,TECNOLOGIA DE PROGRAMACIN DE SISTEMAS INFORMATICOS,ESTUDIOS A DISTANCIA,C
19,M,2,TECNOLOGIA DE PROGRAMACIN DE SISTEMAS INFORMATICOS,ESTUDIOS A DISTANCIA,B
23,M,2,TECNOLOGIA DE PROGRAMACIN DE SISTEMAS INFORMATICOS,ESTUDIOS A DISTANCIA,B
22,M,1,TECNOLOGIA DE PROGRAMACIN DE SISTEMAS INFORMATICOS,ESTUDIOS A DISTANCIA,B
33,F,2,TECNOLOGIA DE PROGRAMACIN DE SISTEMAS INFORMATICOS,ESTUDIOS A DISTANCIA,B
17,M,1,TECNOLOGIA DE PROGRAMACIN DE SISTEMAS INFORMATICOS,ESTUDIOS A DISTANCIA,B
18,M,2,TECNOLOGIA DE PROGRAMACIN DE SISTEMAS INFORMATICOS,ESTUDIOS A DISTANCIA,C
28,M,1,TECNOLOGIA DE PROGRAMACIN DE SISTEMAS INFORMATICOS,ESTUDIOS A DISTANCIA,B
18,F,2,TECNOLOGIA DE PROGRAMACIN DE SISTEMAS INFORMATICOS,ESTUDIOS A DISTANCIA,B
41,M,2,TECNICA PROFESIONAL EN INSTALACION Y MANTENIMIENTO DE REDES Y COMPUTADORES,ESTUDIOS A DISTANCIA,B
21,F,1,TECNICA PROFESIONAL EN PROCESOS ADMINISTRATIVOS DE SALUD,ESTUDIOS A DISTANCIA,C
22,M,2,TECNICA PROFESIONAL EN PROCESOS ADMINISTRATIVOS DE SALUD,ESTUDIOS A DISTANCIA,C
38,F,2,TECNOLOGIA EN GESTIN ADMINISTRATIVA DE SERVICIOS DE SALUD,ESTUDIOS A DISTANCIA,E
26,F,2,TECNICA PROFESIONAL EN PROCESOS COMERCIALES Y FINANCIEROS,ESTUDIOS A DISTANCIA,B
25,M,1,TECNICA PROFESIONAL EN PROCESOS COMERCIALES Y FINANCIEROS,ESTUDIOS A DISTANCIA,C
39,F,3,TECNICA PROFESIONAL EN PROCESOS COMERCIALES Y FINANCIEROS,ESTUDIOS A DISTANCIA,C
30,F,2,TECNICA PROFESIONAL EN PROCESOS COMERCIALES Y FINANCIEROS,ESTUDIOS A DISTANCIA,E
19,F,2,TECNICA PROFESIONAL EN PROCESOS COMERCIALES Y FINANCIEROS,ESTUDIOS A DISTANCIA,E
23,F,3,TECNICA PROFESIONAL EN PROCESOS COMERCIALES Y FINANCIEROS,ESTUDIOS A DISTANCIA,E
34,M,2,TECNICA PROFESIONAL EN PROCESOS COMERCIALES Y FINANCIEROS,ESTUDIOS A DISTANCIA,C
26,F,2,TECNICA PROFESIONAL EN PROCESOS COMERCIALES Y FINANCIEROS,ESTUDIOS A DISTANCIA,C
32,M,2,TECNICA PROFESIONAL EN PROCESOS COMERCIALES Y FINANCIEROS,ESTUDIOS A DISTANCIA,B
31,F,2,TECNOLOGIA EN GESTIN COMERCIAL Y FINANCIERA,ESTUDIOS A DISTANCIA,E
29,F,1,ADMINISTRACIN COMERCIAL Y FINANCIERA,ESTUDIOS A DISTANCIA,D
30,F,2,TECNICA PROFESIONAL EN PROCESOS ADMINISTRATIVOS DE SALUD,ESTUDIOS A DISTANCIA,C
39,F,2,TECNICA PROFESIONAL EN PROCESOS ADMINISTRATIVOS DE SALUD,ESTUDIOS A DISTANCIA,C
38,F,2,TECNICA PROFESIONAL EN PROCESOS ADMINISTRATIVOS DE SALUD,ESTUDIOS A DISTANCIA,B
45,M,3,TECNICA PROFESIONAL EN PROCESOS ADMINISTRATIVOS DE SALUD,ESTUDIOS A DISTANCIA,C
25,F,1,TECNICA PROFESIONAL EN PROCESOS ADMINISTRATIVOS DE SALUD,ESTUDIOS A DISTANCIA,C
19,F,2,TECNICA PROFESIONAL EN PROCESOS ADMINISTRATIVOS DE SALUD,ESTUDIOS A DISTANCIA,B
34,F,3,TECNOLOGIA EN GESTIN ADMINISTRATIVA DE SERVICIOS DE SALUD,ESTUDIOS A DISTANCIA,E
27,F,3,TECNICA PROFESIONAL EN PROCESOS ADMINISTRATIVOS DE SALUD,ESTUDIOS A DISTANCIA,B
31,F,1,TECNICA PROFESIONAL EN PROCESOS ADMINISTRATIVOS DE SALUD,ESTUDIOS A DISTANCIA,B
31,F,1,TECNICA PROFESIONAL EN PROCESOS ADMINISTRATIVOS DE SALUD,ESTUDIOS A DISTANCIA,B
26,F,1,TECNICA PROFESIONAL EN PROCESOS ADMINISTRATIVOS DE SALUD,ESTUDIOS A DISTANCIA,C
39,F,1,TECNICA PROFESIONAL EN PROCESOS ADMINISTRATIVOS DE SALUD,ESTUDIOS A DISTANCIA,B
30,F,1,TECNICA PROFESIONAL EN PROCESOS ADMINISTRATIVOS DE SALUD,ESTUDIOS A DISTANCIA,B
19,F,1,TECNICA PROFESIONAL EN PROCESOS ADMINISTRATIVOS DE SALUD,ESTUDIOS A DISTANCIA,B
25,F,1,TECNICA PROFESIONAL EN PROCESOS ADMINISTRATIVOS DE SALUD,ESTUDIOS A DISTANCIA,B
26,F,1,TECNICA PROFESIONAL EN PROCESOS ADMINISTRATIVOS DE SALUD,ESTUDIOS A DISTANCIA,B
37,F,1,TECNICA PROFESIONAL EN PROCESOS ADMINISTRATIVOS DE SALUD,ESTUDIOS A DISTANCIA,B
32,F,1,TECNICA PROFESIONAL EN PROCESOS ADMINISTRATIVOS DE SALUD,ESTUDIOS A DISTANCIA,B
23,F,1,TECNICA PROFESIONAL EN PROCESOS ADMINISTRATIVOS DE SALUD,ESTUDIOS A DISTANCIA,B
30,F,1,TECNICA PROFESIONAL EN PROCESOS ADMINISTRATIVOS DE SALUD,ESTUDIOS A DISTANCIA,B
24,F,2,TECNICA PROFESIONAL EN PROCESOS ADMINISTRATIVOS DE SALUD,ESTUDIOS A DISTANCIA,B
21,F,1,TECNICA PROFESIONAL EN PROCESOS ADMINISTRATIVOS DE SALUD,ESTUDIOS A DISTANCIA,B
21,M,1,TECNICA PROFESIONAL EN PROCESOS ADMINISTRATIVOS DE SALUD,ESTUDIOS A DISTANCIA,C
32,F,1,TECNICA PROFESIONAL EN PROCESOS ADMINISTRATIVOS DE SALUD,ESTUDIOS A DISTANCIA,B
25,F,1,TECNICA PROFESIONAL EN PROCESOS ADMINISTRATIVOS DE SALUD,ESTUDIOS A DISTANCIA,B
25,F,1,TECNICA PROFESIONAL EN PROCESOS ADMINISTRATIVOS DE SALUD,ESTUDIOS A DISTANCIA,B
29,F,1,TECNICA PROFESIONAL EN PROCESOS ADMINISTRATIVOS DE SALUD,ESTUDIOS A DISTANCIA,B
21,M,1,TECNICA PROFESIONAL EN PROCESOS ADMINISTRATIVOS DE SALUD,ESTUDIOS A DISTANCIA,B
37,F,1,TECNICA PROFESIONAL EN PROCESOS ADMINISTRATIVOS DE SALUD,ESTUDIOS A DISTANCIA,B
23,M,1,TECNICA PROFESIONAL EN PROCESOS ADMINISTRATIVOS DE SALUD,ESTUDIOS A DISTANCIA,B
25,M,1,TECNICA PROFESIONAL EN PROCESOS ADMINISTRATIVOS DE SALUD,ESTUDIOS A DISTANCIA,B
27,F,1,TECNICA PROFESIONAL EN PROCESOS ADMINISTRATIVOS DE SALUD,ESTUDIOS A DISTANCIA,B
24,F,1,TECNICA PROFESIONAL EN PROCESOS ADMINISTRATIVOS DE SALUD,ESTUDIOS A DISTANCIA,E
28,F,1,TECNICA PROFESIONAL EN PROCESOS ADMINISTRATIVOS DE SALUD,ESTUDIOS A DISTANCIA,B
26,F,1,TECNICA PROFESIONAL EN PROCESOS ADMINISTRATIVOS DE SALUD,ESTUDIOS A DISTANCIA,E
22,F,1,TECNICA PROFESIONAL EN PROCESOS ADMINISTRATIVOS DE SALUD,ESTUDIOS A DISTANCIA,B
22,F,1,TECNICA PROFESIONAL EN PROCESOS ADMINISTRATIVOS DE SALUD,ESTUDIOS A DISTANCIA,B
19,F,1,TECNICA PROFESIONAL EN PROCESOS ADMINISTRATIVOS DE SALUD,ESTUDIOS A DISTANCIA,B
31,F,3,TECNICA PROFESIONAL EN PROCESOS ADMINISTRATIVOS DE SALUD,ESTUDIOS A DISTANCIA,B
28,F,1,TECNICA PROFESIONAL EN PROCESOS ADMINISTRATIVOS DE SALUD,ESTUDIOS A DISTANCIA,B
25,F,1,TECNICA PROFESIONAL EN PROCESOS ADMINISTRATIVOS DE SALUD,ESTUDIOS A DISTANCIA,C
43,F,1,TECNICA PROFESIONAL EN PROCESOS ADMINISTRATIVOS DE SALUD,ESTUDIOS A DISTANCIA,B
33,F,1,TECNICA PROFESIONAL EN PROCESOS ADMINISTRATIVOS DE SALUD,ESTUDIOS A DISTANCIA,B
19,F,1,TECNICA PROFESIONAL EN PROCESOS ADMINISTRATIVOS DE SALUD,ESTUDIOS A DISTANCIA,B
31,F,1,TECNICA PROFESIONAL EN PROCESOS ADMINISTRATIVOS DE SALUD,ESTUDIOS A DISTANCIA,B
27,F,1,TECNICA PROFESIONAL EN PROCESOS ADMINISTRATIVOS DE SALUD,ESTUDIOS A DISTANCIA,B
28,F,1,TECNICA PROFESIONAL EN PROCESOS ADMINISTRATIVOS DE SALUD,ESTUDIOS A DISTANCIA,B
41,F,1,TECNICA PROFESIONAL EN PROCESOS ADMINISTRATIVOS DE SALUD,ESTUDIOS A DISTANCIA,E
29,M,1,TECNICA PROFESIONAL EN PROCESOS COMERCIALES Y FINANCIEROS,ESTUDIOS A DISTANCIA,B
33,F,1,TECNICA PROFESIONAL EN PROCESOS COMERCIALES Y FINANCIEROS,ESTUDIOS A DISTANCIA,B
21,F,2,TECNICA PROFESIONAL EN PROCESOS COMERCIALES Y FINANCIEROS,ESTUDIOS A DISTANCIA,C
18,F,1,TECNICA PROFESIONAL EN PROCESOS COMERCIALES Y FINANCIEROS,ESTUDIOS A DISTANCIA,C
19,M,1,TECNICA PROFESIONAL EN PROCESOS COMERCIALES Y FINANCIEROS,ESTUDIOS A DISTANCIA,B
21,F,2,TECNICA PROFESIONAL EN PROCESOS COMERCIALES Y FINANCIEROS,ESTUDIOS A DISTANCIA,B
29,F,2,TECNICA PROFESIONAL EN PROCESOS COMERCIALES Y FINANCIEROS,ESTUDIOS A DISTANCIA,B
45,M,1,TECNICA PROFESIONAL EN PROCESOS COMERCIALES Y FINANCIEROS,ESTUDIOS A DISTANCIA,B
21,M,1,TECNICA PROFESIONAL EN PROCESOS COMERCIALES Y FINANCIEROS,ESTUDIOS A DISTANCIA,B
20,M,1,TECNICA PROFESIONAL EN PROCESOS COMERCIALES Y FINANCIEROS,ESTUDIOS A DISTANCIA,B
34,F,3,TECNICA PROFESIONAL EN PROCESOS COMERCIALES Y FINANCIEROS,ESTUDIOS A DISTANCIA,B
28,F,1,TECNICA PROFESIONAL EN PROCESOS COMERCIALES Y FINANCIEROS,ESTUDIOS A DISTANCIA,B
24,F,1,TECNICA PROFESIONAL EN PROCESOS COMERCIALES Y FINANCIEROS,ESTUDIOS A DISTANCIA,B
25,F,1,TECNICA PROFESIONAL EN PROCESOS COMERCIALES Y FINANCIEROS,ESTUDIOS A DISTANCIA,B
21,M,1,TECNICA PROFESIONAL EN PROCESOS COMERCIALES Y FINANCIEROS,ESTUDIOS A DISTANCIA,B
36,F,2,TECNICA PROFESIONAL EN PROCESOS COMERCIALES Y FINANCIEROS,ESTUDIOS A DISTANCIA,B
31,F,1,TECNICA PROFESIONAL EN PROCESOS COMERCIALES Y FINANCIEROS,ESTUDIOS A DISTANCIA,B
21,F,2,TECNICA PROFESIONAL EN PROCESOS COMERCIALES Y FINANCIEROS,ESTUDIOS A DISTANCIA,E
19,F,2,TECNICA PROFESIONAL EN PROCESOS COMERCIALES Y FINANCIEROS,ESTUDIOS A DISTANCIA,B
27,F,1,TECNICA PROFESIONAL EN PROCESOS COMERCIALES Y FINANCIEROS,ESTUDIOS A DISTANCIA,E
34,F,2,TECNICA PROFESIONAL EN PROCESOS COMERCIALES Y FINANCIEROS,ESTUDIOS A DISTANCIA,D
20,F,2,TECNICA PROFESIONAL EN PROCESOS COMERCIALES Y FINANCIEROS,ESTUDIOS A DISTANCIA,B
22,F,2,TECNICA PROFESIONAL EN PROCESOS COMERCIALES Y FINANCIEROS,ESTUDIOS A DISTANCIA,B
22,F,2,TECNICA PROFESIONAL EN PROCESOS COMERCIALES Y FINANCIEROS,ESTUDIOS A DISTANCIA,C
32,M,2,TECNICA PROFESIONAL EN PROCESOS COMERCIALES Y FINANCIEROS,ESTUDIOS A DISTANCIA,D
26,F,2,TECNICA PROFESIONAL EN PROCESOS COMERCIALES Y FINANCIEROS,ESTUDIOS A DISTANCIA,B
29,M,2,TECNICA PROFESIONAL EN PROCESOS COMERCIALES Y FINANCIEROS,ESTUDIOS A DISTANCIA,B
26,M,2,TECNICA PROFESIONAL EN PROCESOS COMERCIALES Y FINANCIEROS,ESTUDIOS A DISTANCIA,C
27,F,3,TECNICA PROFESIONAL EN PROCESOS COMERCIALES Y FINANCIEROS,ESTUDIOS A DISTANCIA,E
39,F,2,TECNICA PROFESIONAL EN PROCESOS COMERCIALES Y FINANCIEROS,ESTUDIOS A DISTANCIA,E
32,F,2,TECNOLOGIA EN GESTIN COMERCIAL Y FINANCIERA,ESTUDIOS A DISTANCIA,C
32,F,2,TECNOLOGIA EN GESTIN COMERCIAL Y FINANCIERA,ESTUDIOS A DISTANCIA,E
21,M,2,TECNOLOGIA EN GESTIN COMERCIAL Y FINANCIERA,ESTUDIOS A DISTANCIA,E
33,M,2,TECNOLOGIA EN GESTIN COMERCIAL Y FINANCIERA,ESTUDIOS A DISTANCIA,D
24,F,1,TECNOLOGIA EN GESTIN COMERCIAL Y FINANCIERA,ESTUDIOS A DISTANCIA,D
31,F,2,ADMINISTRACIN COMERCIAL Y FINANCIERA,ESTUDIOS A DISTANCIA,D
25,F,1,TECNICA PROFESIONAL EN PROCESOS COMERCIALES Y FINANCIEROS,ESTUDIOS A DISTANCIA,B
36,F,1,TECNICA PROFESIONAL EN PROCESOS COMERCIALES Y FINANCIEROS,ESTUDIOS A DISTANCIA,B
30,F,1,TECNICA PROFESIONAL EN PROCESOS COMERCIALES Y FINANCIEROS,ESTUDIOS A DISTANCIA,B
36,F,1,TECNICA PROFESIONAL EN PROCESOS COMERCIALES Y FINANCIEROS,ESTUDIOS A DISTANCIA,B
29,M,1,TECNICA PROFESIONAL EN PROCESOS COMERCIALES Y FINANCIEROS,ESTUDIOS A DISTANCIA,B
18,F,1,TECNICA PROFESIONAL EN PROCESOS COMERCIALES Y FINANCIEROS,ESTUDIOS A DISTANCIA,B
29,F,1,TECNICA PROFESIONAL EN PROCESOS COMERCIALES Y FINANCIEROS,ESTUDIOS A DISTANCIA,B
36,M,1,TECNICA PROFESIONAL EN PROCESOS COMERCIALES Y FINANCIEROS,ESTUDIOS A DISTANCIA,B
21,F,1,TECNICA PROFESIONAL EN PROCESOS COMERCIALES Y FINANCIEROS,ESTUDIOS A DISTANCIA,B
21,M,1,TECNICA PROFESIONAL EN PROCESOS COMERCIALES Y FINANCIEROS,ESTUDIOS A DISTANCIA,B
28,F,1,TECNOLOGIA EN GESTIN ADMINISTRATIVA DE SERVICIOS DE SALUD,ESTUDIOS A DISTANCIA,D
35,F,2,TECNOLOGIA EN GESTIN ADMINISTRATIVA DE SERVICIOS DE SALUD,ESTUDIOS A DISTANCIA,D
21,M,2,TECNICA PROFESIONAL EN PROCESOS AGROINDUSTRIALES,ESTUDIOS A DISTANCIA,B
46,M,1,TECNOLOGIA EN ELECTRICIDAD INDUSTRIAL,ESTUDIOS A DISTANCIA,B
37,M,2,TECNOLOGIA EN ELECTRICIDAD INDUSTRIAL,ESTUDIOS A DISTANCIA,E
33,M,3,TECNOLOGIA EN ELECTRICIDAD INDUSTRIAL,ESTUDIOS A DISTANCIA,B
38,M,2,TECNOLOGIA EN ELECTRICIDAD INDUSTRIAL,ESTUDIOS A DISTANCIA,B
23,M,2,TECNOLOGIA EN ELECTRICIDAD INDUSTRIAL,ESTUDIOS A DISTANCIA,B
25,M,1,TECNOLOGIA EN ELECTRICIDAD INDUSTRIAL,ESTUDIOS A DISTANCIA,C
18,M,2,TECNOLOGIA EN ELECTRICIDAD INDUSTRIAL,ESTUDIOS A DISTANCIA,C
37,M,1,TECNOLOGIA EN ELECTRICIDAD INDUSTRIAL,ESTUDIOS A DISTANCIA,B
21,M,2,TECNOLOGIA EN ELECTRICIDAD INDUSTRIAL,ESTUDIOS A DISTANCIA,D
25,M,2,TECNOLOGIA EN ELECTRICIDAD INDUSTRIAL,ESTUDIOS A DISTANCIA,D
18,F,2,TECNOLOGIA EN ELECTRICIDAD INDUSTRIAL,ESTUDIOS A DISTANCIA,E
22,M,1,TECNOLOGIA EN ELECTRICIDAD INDUSTRIAL,ESTUDIOS A DISTANCIA,C
28,M,2,TECNOLOGIA EN ELECTRICIDAD INDUSTRIAL,ESTUDIOS A DISTANCIA,B
30,M,1,TECNOLOGIA EN ELECTRICIDAD INDUSTRIAL,ESTUDIOS A DISTANCIA,B
26,F,1,TECNICA PROFESIONAL EN PROCESOS COMERCIALES Y FINANCIEROS,ESTUDIOS A DISTANCIA,C
32,F,1,TECNICA PROFESIONAL EN PROCESOS COMERCIALES Y FINANCIEROS,ESTUDIOS A DISTANCIA,B
25,F,1,TECNOLOGIA EN GESTIN COMERCIAL Y FINANCIERA,ESTUDIOS A DISTANCIA,E
34,F,1,TECNOLOGIA EN GESTIN COMERCIAL Y FINANCIERA,ESTUDIOS A DISTANCIA,E
30,F,2,TECNOLOGIA EN GESTIN COMERCIAL Y FINANCIERA,ESTUDIOS A DISTANCIA,E
26,F,1,TECNICA PROFESIONAL EN PROCESOS ADMINISTRATIVOS DE SALUD,ESTUDIOS A DISTANCIA,B
19,F,1,TECNICA PROFESIONAL EN PROCESOS ADMINISTRATIVOS DE SALUD,ESTUDIOS A DISTANCIA,C
22,F,1,TECNICA PROFESIONAL EN PROCESOS AGROINDUSTRIALES,ESTUDIOS A DISTANCIA,C
21,F,1,TECNOLOGIA DE PROGRAMACIN DE SISTEMAS INFORMATICOS,ESTUDIOS A DISTANCIA,B
19,F,2,TECNICA PROFESIONAL EN PROCESOS COMERCIALES Y FINANCIEROS,ESTUDIOS A DISTANCIA,B
30,M,2,INGENIERA CIVIL,INGENIERIA,E
21,M,3,INGENIERA CIVIL,INGENIERIA,E
23,M,2,INGENIERA CIVIL,INGENIERIA,C
18,M,1,INGENIERA CIVIL,INGENIERIA,C
19,F,3,INGENIERA CIVIL,INGENIERIA,C
22,M,2,INGENIERA METALURGICA,INGENIERIA,B
18,M,1,INGENIERA METALURGICA,INGENIERIA,B
18,M,2,INGENIERA METALURGICA,INGENIERIA,C
24,M,2,INGENIERA METALURGICA,INGENIERIA,E
20,M,1,INGENIERA METALURGICA,INGENIERIA,C
28,M,3,INGENIERA METALURGICA,INGENIERIA,E
21,M,1,INGENIERA DE TRANSPORTE Y VIAS,INGENIERIA,C
21,M,2,INGENIERA DE TRANSPORTE Y VIAS,INGENIERIA,C
21,M,2,INGENIERA DE TRANSPORTE Y VIAS,INGENIERIA,C
18,M,1,INGENIERA DE SISTEMAS Y COMPUTACION,INGENIERIA,C
21,M,2,INGENIERA DE SISTEMAS Y COMPUTACION,INGENIERIA,C
25,M,3,INGENIERA DE SISTEMAS Y COMPUTACION,INGENIERIA,B
21,M,2,INGENIERA DE SISTEMAS Y COMPUTACION,INGENIERIA,D
20,M,1,INGENIERA DE SISTEMAS Y COMPUTACION,INGENIERIA,C
20,M,2,INGENIERA AMBIENTAL,INGENIERIA,B
23,M,2,INGENIERA AMBIENTAL,INGENIERIA,B
26,M,2,INGENIERA AMBIENTAL,INGENIERIA,E
22,M,1,INGENIERA AMBIENTAL,INGENIERIA,D
19,M,2,INGENIERA ELECTRONICA,INGENIERIA,D
18,M,3,INGENIERA ELECTRONICA,INGENIERIA,C
19,M,2,INGENIERA ELECTRONICA,INGENIERIA,D
20,M,3,INGENIERA ELECTRONICA,INGENIERIA,C
23,M,2,ARQUITECTURA,INGENIERIA,C
34,M,,ESPECIALIZACIN EN INFRAESTRUCTURA VIAL,INGENIERIA,A
29,F,,ESPECIALIZACIN EN ESTRUCTURAS,INGENIERIA,A
28,F,,ESPECIALIZACIN EN GEOTECNIA,INGENIERIA,A
31,F,,MAESTRA EN GEOTECNIA,INGENIERIA,B
20,M,,TECNICO PROFESIONAL EN PRODUCCIN Y TRANSFORMACIN DEL ACERO,INGENIERIA,B
18,M,2,LICENCIATURA EN EDUCACIN FISICA RECREACIN Y DEPORTE,SECCIONAL CHIQUINQUIRA,C
27,M,2,LICENCIATURA EN EDUCACIN FISICA RECREACIN Y DEPORTE,SECCIONAL CHIQUINQUIRA,E
22,M,3,LICENCIATURA EN EDUCACIN FISICA RECREACIN Y DEPORTE,SECCIONAL CHIQUINQUIRA,C
20,M,2,LICENCIATURA EN TECNOLOGIA,SECCIONAL DUITAMA,E
20,M,2,LICENCIATURA EN TECNOLOGIA,SECCIONAL DUITAMA,C
21,M,2,LICENCIATURA EN TECNOLOGIA,SECCIONAL DUITAMA,D
21,M,2,INGENIERA ELECTROMECANICA,SECCIONAL DUITAMA,C
19,M,3,INGENIERA ELECTROMECANICA,SECCIONAL DUITAMA,B
19,M,2,INGENIERA ELECTROMECANICA,SECCIONAL DUITAMA,C
24,M,3,INGENIERA ELECTROMECANICA,SECCIONAL DUITAMA,D
18,M,1,INGENIERA ELECTROMECANICA,SECCIONAL DUITAMA,C
18,M,2,INGENIERA ELECTROMECANICA,SECCIONAL DUITAMA,B
25,M,1,INGENIERA ELECTROMECANICA,SECCIONAL DUITAMA,E
20,M,2,INGENIERA ELECTROMECANICA,SECCIONAL DUITAMA,C
20,F,2,ADMINISTRACIN TURISTICA Y HOTELERA,SECCIONAL DUITAMA,C
20,M,1,ADMINISTRACIN TURISTICA Y HOTELERA,SECCIONAL DUITAMA,C
20,F,2,ADMINISTRACIN DE EMPRESAS AGROPECUARIAS,SECCIONAL DUITAMA,C
23,M,2,ADMINISTRACIN DE EMPRESAS AGROPECUARIAS,SECCIONAL DUITAMA,E
21,M,2,ADMINISTRACIN INDUSTRIAL,SECCIONAL DUITAMA,C
18,M,2,ADMINISTRACIN INDUSTRIAL,SECCIONAL DUITAMA,C
31,M,2,ADMINISTRACIN INDUSTRIAL,SECCIONAL DUITAMA,E
21,M,2,DISEO INDUSTRIAL,SECCIONAL DUITAMA,C
19,F,1,DISEO INDUSTRIAL,SECCIONAL DUITAMA,D
20,F,1,LICENCIATURA EN MATEMATICAS,SECCIONAL DUITAMA,B
18,M,2,LICENCIATURA EN MATEMATICAS,SECCIONAL DUITAMA,B
22,M,2,LICENCIATURA EN MATEMATICAS,SECCIONAL DUITAMA,C
28,M,2,INGENIERA ELECTRONICA,SECCIONAL SOGAMOSO,E
17,M,2,INGENIERA ELECTRONICA,SECCIONAL SOGAMOSO,D
24,M,3,INGENIERA ELECTRONICA,SECCIONAL SOGAMOSO,E
22,M,2,INGENIERA ELECTRONICA,SECCIONAL SOGAMOSO,B
25,M,2,INGENIERA ELECTRONICA,SECCIONAL SOGAMOSO,E
21,M,1,INGENIERA ELECTRONICA,SECCIONAL SOGAMOSO,A
20,M,2,INGENIERA ELECTRONICA,SECCIONAL SOGAMOSO,C
26,M,3,INGENIERA ELECTRONICA,SECCIONAL SOGAMOSO,E
21,M,2,INGENIERA GEOLOGICA,SECCIONAL SOGAMOSO,C
25,M,2,INGENIERA GEOLOGICA,SECCIONAL SOGAMOSO,C
19,F,2,INGENIERA DE MINAS,SECCIONAL SOGAMOSO,B
18,M,1,INGENIERA DE MINAS,SECCIONAL SOGAMOSO,C
20,M,2,INGENIERA DE MINAS,SECCIONAL SOGAMOSO,A
24,M,2,INGENIERA DE MINAS,SECCIONAL SOGAMOSO,E
25,F,1,INGENIERA INDUSTRIAL,SECCIONAL SOGAMOSO,C
29,M,2,INGENIERA INDUSTRIAL,SECCIONAL SOGAMOSO,D
22,F,2,INGENIERA INDUSTRIAL,SECCIONAL SOGAMOSO,E
18,M,2,INGENIERA INDUSTRIAL,SECCIONAL SOGAMOSO,B
25,F,2,INGENIERA INDUSTRIAL,SECCIONAL SOGAMOSO,E
21,M,2,INGENIERA DE SISTEMAS Y COMPUTACION,SECCIONAL SOGAMOSO,C
21,M,2,INGENIERA DE SISTEMAS Y COMPUTACION,SECCIONAL SOGAMOSO,C
23,M,2,INGENIERA DE SISTEMAS Y COMPUTACION,SECCIONAL SOGAMOSO,E
19,F,2,ADMINISTRACIN DE EMPRESAS,SECCIONAL SOGAMOSO,C
20,M,1,ADMINISTRACIN DE EMPRESAS,SECCIONAL SOGAMOSO,E
24,M,2,ADMINISTRACIN DE EMPRESAS,SECCIONAL SOGAMOSO,C
17,M,2,ADMINISTRACIN DE EMPRESAS,SECCIONAL SOGAMOSO,C
23,F,2,ADMINISTRACIN DE EMPRESAS,SECCIONAL SOGAMOSO,C
25,M,2,FINANZAS Y COMERCIO INTERNACIONAL,SECCIONAL SOGAMOSO,C
